time,value
0.0,-3.217539305605353e-17
0.0010000000000000002,8.5947069035802e-06
0.0019999999999999987,0.00016195529983132852
0.0030000000000000014,0.0008042526669761122
0.0040000000000000036,0.0024002001953871044
0.0049999999999999975,0.005694288293770885
0.0059999999999999915,0.011595982232625061
0.006999999999999985,0.021352229789654734
0.00799999999999998,0.03643136981028993
0.008999999999999973,0.058362270912129
0.009999999999999967,0.08923517121304439
0.010999999999999961,0.13087518506839585
0.011999999999999955,0.1852913404433875
0.012999999999999949,0.2545045661698681
0.013999999999999943,0.34015301654364516
0.014999999999999937,0.44488685972899267
0.015999999999999945,0.5703511949826362
0.016999999999999973,0.7185205290630304
0.018000000000000002,0.8914142465571468
0.01900000000000003,1.090982712744029
0.02000000000000006,1.3200653485991969
0.021000000000000088,1.580378407750473
0.022000000000000117,1.8742376953739603
0.023000000000000145,2.20306372596371
0.024000000000000174,2.5699510322178223
0.025000000000000203,2.978307676225206
0.02600000000000023,3.429695650372798
0.02700000000000026,3.9265129403844283
0.02800000000000029,4.469821324469233
0.029000000000000317,5.062814189618495
0.030000000000000346,5.708817525353866
0.031000000000000374,6.408303037743738
0.0320000000000004,7.162729030827187
0.03300000000000043,7.971765426937019
0.03400000000000046,8.837894565169128
0.03500000000000049,9.763775254101997
0.03600000000000052,10.748771736703741
0.037000000000000546,11.793812584691661
0.038000000000000575,12.897978342722489
0.039000000000000604,14.063994054874048
0.04000000000000063,15.294825581082897
0.04100000000000066,16.589639881088207
0.04200000000000069,17.949465667064977
0.04300000000000072,19.3731499317441
0.04400000000000075,20.863745610617123
0.045000000000000775,22.424614301471756
0.046000000000000804,24.054591456118782
0.04700000000000083,25.75464000775171
0.04800000000000086,27.52306356950423
0.04900000000000089,29.362951312173728
0.05000000000000092,31.277541161907543
0.05100000000000095,33.2651478544321
0.052000000000000976,35.32645876676683
0.053000000000001005,37.458853938956494
0.05400000000000103,39.665178532087644
0.05500000000000106,41.94846901070572
0.05600000000000109,44.305905830620645
0.05700000000000112,46.737550732784904
0.05800000000000115,49.240355662798756
0.059000000000001177,51.81752957802726
0.060000000000001205,54.472671560484116
0.061000000000001234,57.20107893949565
0.06200000000000126,59.991618555403136
0.06300000000000122,62.82929732733949
0.06400000000000111,65.70704520275153
0.065000000000001,68.6167642149154
0.06600000000000089,71.5444200876053
0.06700000000000078,74.47844258221762
0.06800000000000067,77.40509360768294
0.06900000000000056,80.3152162378195
0.07000000000000045,83.19930659632541
0.07100000000000034,86.04461245495402
0.07200000000000023,88.84110082706243
0.07300000000000012,91.5784975517088
0.07400000000000001,94.24992841481802
0.0749999999999999,96.84781196107168
0.07599999999999979,99.36542070687615
0.07699999999999968,101.79665843433793
0.07799999999999957,104.13587756037055
0.07899999999999946,106.37755061325191
0.07999999999999935,108.51664507388541
0.08099999999999924,110.54915424095975
0.08199999999999913,112.4806025536919
0.08299999999999902,114.31734384323698
0.08399999999999891,116.06320833711577
0.0849999999999988,117.72202370944744
0.08599999999999869,119.29778787456472
0.08699999999999858,120.79460702727278
0.08799999999999847,122.2166079674736
0.08899999999999836,123.56785887999021
0.08999999999999825,124.85216936254918
0.09099999999999814,126.07334944755647
0.09199999999999803,127.23500278639142
0.09299999999999792,128.3405050856431
0.09399999999999781,129.39296153189588
0.0949999999999977,130.39526169304466
0.09599999999999759,131.34996642766896
0.09699999999999748,132.2593800451988
0.09799999999999737,133.12556759309808
0.09899999999999726,133.9503677703683
0.09999999999999715,134.73549449691524
0.10099999999999704,135.48248574767976
0.10199999999999693,136.1928299483327
0.10299999999999682,136.8679633173395
0.1039999999999967,137.50934441753705
0.1049999999999966,138.11839755817005
0.10599999999999649,138.69662656162
0.10699999999999638,139.2455515096851
0.10799999999999627,139.76672190093544
0.10899999999999616,140.26169646225674
0.10999999999999605,140.73199567732732
0.11099999999999594,141.17912340928834
0.11199999999999583,141.6045051285501
0.11299999999999571,142.009471329225
0.1139999999999956,142.3952249605517
0.1149999999999955,142.76287840190759
0.11599999999999538,143.11338025951585
0.11699999999999527,143.44756185543324
0.11799999999999516,143.7661374774152
0.11899999999999505,144.06971897003226
0.11999999999999494,144.35886030698927
0.12099999999999483,144.63404300772535
0.12199999999999472,144.89572823183954
0.12299999999999461,145.1443744481921
0.1239999999999945,145.38046352425775
0.1249999999999944,145.60447890968402
0.12599999999999428,145.8169626528749
0.12699999999999417,146.0184849134518
0.12799999999999406,146.20964548782007
0.12899999999999395,146.39106726360293
0.12999999999999384,146.5633630273486
0.13099999999999373,146.727151761159
0.13199999999999362,146.8830189660775
0.1329999999999935,147.0315075844695
0.1339999999999934,147.17309884008742
0.1349999999999933,147.30823140239946
0.13599999999999318,147.4372596233318
0.13699999999999307,147.56047868903605
0.13799999999999296,147.67812480041573
0.13899999999999285,147.79038232568902
0.13999999999999274,147.89741037674557
0.14099999999999263,147.99933247772228
0.14199999999999252,148.0962682662841
0.1429999999999924,148.18834195558526
0.1439999999999923,148.275698685454
0.1449999999999922,148.3584909683181
0.14599999999999208,148.436912188612
0.14699999999999197,148.51117839504138
0.14799999999999186,148.58152943042307
0.14899999999999175,148.64822444095026
0.14999999999999164,148.71152254657943
0.15099999999999153,148.77169169714676
0.15199999999999142,148.8289853001037
0.1529999999999913,148.88363636823172
0.1539999999999912,148.93584581978692
0.1549999999999911,148.98579340378663
0.15599999999999098,149.03361279152688
0.15699999999999087,149.07940607064083
0.15799999999999076,149.12324358668485
0.15899999999999065,149.1651680318139
0.15999999999999054,149.20520999012294
0.16099999999999043,149.24338183069878
0.16199999999999032,149.2796963229263
0.1629999999999902,149.31417178711726
0.1639999999999901,149.3468416870428
0.16499999999999,149.37774673121245
0.16599999999998988,149.40695459667808
0.16699999999998977,149.43454918821016
0.16799999999998966,149.46063116650285
0.16899999999998955,149.485315183864
0.16999999999998944,149.50871816369158
0.17099999999998933,149.53096438229932
0.17199999999998922,149.55217129940232
0.1729999999999891,149.57244583090744
0.173999999999989,149.59187713944775
0.1749999999999889,149.61054294782218
0.17599999999998878,149.62849452137465
0.17699999999998867,149.6457652009196
0.17799999999998856,149.66237025910567
0.17899999999998845,149.6783093329202
0.17999999999998834,149.6935757827317
0.18099999999998823,149.70815308720503
0.18199999999998812,149.7220261000066
0.182999999999988,149.73518422183503
0.1839999999999879,149.74762725296105
0.18499999999998779,149.7593606836726
0.18599999999998768,149.7704075827743
0.18699999999998757,149.7808021066215
0.18799999999998745,149.79058974812918
0.18899999999998734,149.79982555014917
0.18999999999998723,149.80856690645868
0.19099999999998712,149.81687642759672
0.19199999999998701,149.824813225658
0.1929999999999869,149.83243048085438
0.1939999999999868,149.83977092219652
0.19499999999998668,149.84687055624815
0.19599999999998657,149.85374946618637
0.19699999999998646,149.86041697396917
0.19799999999998635,149.86687156856334
0.19899999999998624,149.8731024489501
0.19999999999998613,149.87909527700643
0.20099999999998602,149.88483013318069
0.2019999999999859,149.89028845439054
0.2029999999999858,149.89545508133804
0.2039999999999857,149.90032191610044
0.20499999999998558,149.90488508415433
0.20599999999998547,149.90915223416218
0.20699999999998536,149.913138529354
0.20799999999998525,149.9168667345384
0.20899999999998514,149.92036600871745
0.20999999999998503,149.9236674038699
0.21099999999998492,149.92680541683765
0.2119999999999848,149.92981253675086
0.2129999999999847,149.93271760686167
0.2139999999999846,149.9355429352722
0.21499999999998448,149.9383065339697
0.21599999999998437,149.94101639499908
0.21699999999998426,149.94367369918805
0.21799999999998415,149.94627281779705
0.21899999999998404,149.9488023593103
0.21999999999998393,149.95124878112424
0.22099999999998382,149.95359531402545
0.2219999999999837,149.95582632282554
0.2229999999999836,149.95792868858425
0.2239999999999835,149.9598941555143
0.22499999999998338,149.96171760257803
0.22599999999998327,149.9634016049416
0.22699999999998316,149.96495389601043
0.22799999999998305,149.96638735671218
0.22899999999998294,149.9677191516675
0.22999999999998283,149.96896786198312
0.23099999999998272,149.97015424064026
0.2319999999999826,149.97129774065857
0.2329999999999825,149.97241536846917
0.2339999999999824,149.97351979354914
0.23499999999998228,149.97462071047627
0.23599999999998217,149.97572122375757
0.23699999999998206,149.97681990096922
0.23799999999998195,149.97791083235776
0.23899999999998184,149.97898439261152
0.23999999999998173,149.98002955748774
0.24099999999998162,149.98103343233126
0.2419999999999815,149.98198404715822
0.2429999999999814,149.98287133655305
0.2439999999999813,149.98368868840979
0.24499999999998118,149.98443188291736
0.24599999999998107,149.98510199085334
0.24699999999998096,149.98570372081727
0.24799999999998085,149.98624534735265
0.24899999999998074,149.98673805368463
0.24999999999998063,149.9871940671592
0.2509999999999805,149.98762692528086
0.2519999999999804,149.98804922218628
0.2529999999999803,149.9884717689808
0.2539999999999802,149.9889023227347
0.2549999999999801,149.98934642223983
0.25599999999997997,149.98980506916755
0.25699999999997986,149.99027608445746
0.25799999999997975,149.99075420944305
0.25899999999997964,149.9912316990041
0.2599999999999795,149.9916998425473
0.2609999999999794,149.99214887006977
0.2619999999999793,149.99256978203746
0.2629999999999792,149.99295508065856
0.2639999999999791,149.9932998246328
0.264999999999979,149.99360097495568
0.26599999999997886,149.99385926784566
0.26699999999997875,149.9940781028278
0.26799999999997864,149.99426343208975
0.26899999999997853,149.9944232297242
0.2699999999999784,149.9945662498288
0.2709999999999783,149.9947019894195
0.2719999999999782,149.9948391933637
0.2729999999999781,149.99498520861974
0.273999999999978,149.99514510153847
0.2749999999999779,149.99532217260906
0.27599999999997776,149.9955164442097
0.27699999999997765,149.99572558973432
0.27799999999997754,149.9959450627885
0.27899999999997743,149.9961685876067
0.2799999999999773,149.99638918458615
0.2809999999999772,149.99659931241496
0.2819999999999771,149.99679209524157
0.282999999999977,149.99696189738188
0.2839999999999769,149.99710506807796
0.28499999999997677,149.9972195383513
0.28599999999997666,149.99730605371673
0.28699999999997655,149.99736739746132
0.28799999999997644,149.9974082555665
0.28899999999997633,149.99743476513433
0.2899999999999762,149.99745366346244
0.2909999999999761,149.9974720627559
0.291999999999976,149.9974964321623
0.2929999999999759,149.99753207618446
0.2939999999999758,149.99758249799743
0.29499999999997567,149.99764971566512
0.29599999999997556,149.997733257089
0.29699999999997545,149.9978308230124
0.29799999999997534,149.99793843432553
0.29899999999997523,149.9980508580072
0.2999999999999751,149.99816232053058
0.300999999999975,149.99826679705714
0.3019999999999749,149.99835885812087
0.3029999999999748,149.99843414399604
0.3039999999999747,149.99848991261783
0.30499999999997457,149.99852479295512
0.30599999999997446,149.99853961373182
0.30699999999997435,149.99853683731467
0.30799999999997424,149.99852040957978
0.30899999999997413,149.99849535924596
0.309999999999974,149.99846719484864
0.3109999999999739,149.99844156309808
0.3119999999999738,149.99842353388544
0.3129999999999737,149.99841715936898
0.3139999999999736,149.99842499467465
0.31499999999997347,149.998448290032
0.31599999999997336,149.99848630741755
0.31699999999997325,149.99853681553697
0.31799999999997314,149.99859624823014
0.318999999999973,149.99866008847832
0.3199999999999729,149.99872338323948
0.3209999999999728,149.99878112332652
0.3219999999999727,149.99882884769474
0.3229999999999726,149.99886305226724
0.3239999999999725,149.99888161149096
0.32499999999997237,149.99888363021213
0.32599999999997226,149.99887001521884
0.32699999999997215,149.99884304312877
0.32799999999997204,149.99880620139336
0.3289999999999719,149.99876382145732
0.3299999999999718,149.99872063434984
0.3309999999999717,149.99868135802203
0.3319999999999716,149.99865017633994
0.3329999999999715,149.99863035153803
0.3339999999999714,149.99862384664337
0.33499999999997127,149.9986314392312
0.33599999999997116,149.9986522438448
0.33699999999997104,149.9986840993166
0.33799999999997093,149.99872373348268
0.3389999999999708,149.9987671189669
0.3399999999999707,149.99880986046688
0.3409999999999706,149.99884762942438
0.3419999999999705,149.99887661261488
0.3429999999999704,149.99889387730983
0.3439999999999703,149.99889771081615
0.34499999999997016,149.99888753479516
0.34599999999997005,149.9988643118313
0.34699999999996994,149.9988301996966
0.34799999999996983,149.99878838762862
0.3489999999999697,149.99874275281255
0.3499999999999696,149.99869751829755
0.3509999999999695,149.99865679819945
0.3519999999999694,149.998624201886
0.3529999999999693,149.99860248241836
0.3539999999999692,149.99859322543193
0.35499999999996906,149.9985969130914
0.35599999999996895,149.99861257895316
0.35699999999996884,149.99863812541088
0.35799999999996873,149.99867049147568
0.3589999999999686,149.99870598869148
0.3599999999999685,149.99874060580723
0.3609999999999684,149.99877047535406
0.3619999999999683,149.99879222137375
0.3629999999999682,149.99880329481843
0.36399999999996807,149.9988022592365
0.36499999999996796,149.9987887449224
0.36599999999996785,149.99876374888257
0.36699999999996774,149.99872934563228
0.36799999999996763,149.99868852142498
0.3689999999999675,149.9986448475053
0.3699999999999674,149.9986022046896
0.3709999999999673,149.99856430478943
0.3719999999999672,149.9985343762324
0.3729999999999671,149.99851483747875
0.37399999999996697,149.9985070297954
0.37499999999996686,149.99851124939158
0.37599999999996675,149.99852648810534
0.37699999999996664,149.99855070477966
0.37799999999996653,149.99858099395993
0.3789999999999664,149.9986139072058
0.3799999999999663,149.99864570371338
0.3809999999999662,149.9986728341233
0.3819999999999661,149.99869222242341
0.382999999999966,149.99870158042674
0.38399999999996587,149.99869965765205
0.38499999999996576,149.99868622098074
0.38599999999996565,149.99866228529643
0.38699999999996554,149.99862986183692
0.38799999999996543,149.9985917921487
0.3889999999999653,149.99855143400893
0.3899999999999652,149.99851242982623
0.3909999999999651,149.99847821605627
0.391999999999965,149.9984517623143
0.3929999999999649,149.99843526259687
0.39399999999996477,149.99842989751414
0.39499999999996466,149.99843584598455
0.39599999999996455,149.9984520819352
0.39699999999996444,149.99847661475036
0.3979999999999643,149.99850665749673
0.3989999999999642,149.99853893693128
0.3999999999999641,149.9985699083933
0.400999999999964,149.99859624747074
0.4019999999999639,149.99861508851728
0.4029999999999638,149.99862432393027
0.40399999999996367,149.99862282983068
0.40499999999996356,149.99861046207081
0.40599999999996345,149.99858824148342
0.40699999999996334,149.99855812767015
0.4079999999999632,149.9985228538433
0.4089999999999631,149.99848562274755
0.409999999999963,149.9984499042533
0.4109999999999629,149.99841894032042
0.4119999999999628,149.99839551951845
0.4129999999999627,149.99838168150734
0.41399999999996256,149.99837849934224
0.41499999999996245,149.99838607809377
0.41599999999996234,149.99840338835543
0.41699999999996223,149.99842848541988
0.4179999999999621,149.9984586761353
0.418999999999962,149.99849081980403
0.4199999999999619,149.99852151913552
0.4209999999999618,149.99854761371344
0.4219999999999617,149.99856638960344
0.4229999999999616,149.99857586718105
0.42399999999996146,149.99857501006807
0.42499999999996135,149.99856373170715
0.42599999999996124,149.99854305055047
0.42699999999996113,149.9985148815624
0.427999999999961,149.9984818726419
0.4289999999999609,149.99844710885085
0.4299999999999608,149.9984139297218
0.4309999999999607,149.9983854345626
0.4319999999999606,149.99836428081028
0.43299999999996047,149.99835239868034
0.43399999999996036,149.99835078762158
0.43499999999996025,149.99835950641395
0.43599999999996014,149.99837753114488
0.43699999999996003,149.99840295941343
0.4379999999999599,149.9984331752239
0.4389999999999598,149.99846514217145
0.4399999999999597,149.99849557804055
0.4409999999999596,149.99852144631797
0.4419999999999595,149.99854014622935
0.44299999999995937,149.99854979153494
0.44399999999995926,149.99854940759144
0.44499999999995915,149.99853894472088
0.44599999999995904,149.99851941333415
0.44699999999995893,149.99849268807145
0.4479999999999588,149.998461346296
0.4489999999999587,149.99842837946733
0.4499999999999586,149.99839702406268
0.4509999999999585,149.99837027025941
0.4519999999999584,149.99835067657486
0.45299999999995827,149.99834009275128
0.45399999999995816,149.99833946634575
0.45499999999995805,149.99834882739756
0.45599999999995794,149.9983671628331
0.45699999999995783,149.9983926097465
0.4579999999999577,149.99842261798028
0.4589999999999576,149.9984542365204
0.4599999999999575,149.9984842767235
0.4609999999999574,149.99850979945344
0.4619999999999573,149.99852829159462
0.46299999999995717,149.9985379374492
0.46399999999995706,149.99853780708878
0.46499999999995695,149.99852787408057
0.46599999999995684,149.9985091369955
0.4669999999999567,149.99848343294448
0.4679999999999566,149.99845327839654
0.4689999999999565,149.99842158695606
0.4699999999999564,149.99839150988416
0.4709999999999563,149.9983659500678
0.4719999999999562,149.9983473880741
0.47299999999995607,149.99833761191948
0.47399999999995596,149.99833753128217
0.47499999999995585,149.99834715864978
0.47599999999995574,149.99836549494466
0.4769999999999556,149.99839071452095
0.4779999999999555,149.99842032525274
0.4789999999999554,149.99845144879296
0.4799999999999553,149.99848097563685
0.4809999999999552,149.99850604634184
0.4819999999999551,149.9985242185099
0.48299999999995497,149.99853373182393
0.48399999999995486,149.99853368979473
0.48499999999995475,149.9985240802894
0.48599999999995463,149.99850588758628
0.4869999999999545,149.9984809131717
0.4879999999999544,149.99845161907467
0.4889999999999543,149.998420851455
0.4899999999999542,149.99839168817056
0.4909999999999541,149.99836695921192
0.491999999999954,149.99834908096108
0.49299999999995386,149.99833979199246
0.49399999999995375,149.99833997316946
0.49499999999995364,149.9983496265597
0.49599999999995353,149.99836776891738
0.4969999999999534,149.99839261010953
0.4979999999999533,149.99842171060013
0.4989999999999532,149.9984522560211
0.4999999999999531,149.99848120617224
0.500999999999953,149.99850576942973
0.5019999999999529,149.99852356276554
0.5029999999999528,149.9985328711734
0.5039999999999527,149.99853282413858
0.5049999999999526,149.99852341794588
0.5059999999999525,149.998505621078
0.5069999999999524,149.99848120080628
0.5079999999999523,149.99845256911033
0.5089999999999522,149.99842251177208
0.509999999999952,149.9983940412314
0.5109999999999519,149.99836992420012
0.5119999999999518,149.99835252204738
0.5129999999999517,149.99834353199188
0.5139999999999516,149.99834381201399
0.5149999999999515,149.99835335832782
0.5159999999999514,149.99837120449925
0.5169999999999513,149.9983955945188
0.5179999999999512,149.9984241375611
0.5189999999999511,149.99845407721875
0.519999999999951,149.99848243582997
0.5209999999999508,149.998506481538
0.5219999999999507,149.998523883017
0.5229999999999506,149.99853296380087
0.5239999999999505,149.99853287439188
0.5249999999999504,149.9985236156908
0.5259999999999503,149.99850613948675
0.5269999999999502,149.99848217995378
0.5279999999999501,149.99845410217785
0.52899999999995,149.9984246364483
0.5299999999999498,149.9983967353061
0.5309999999999497,149.99837310872414
0.5319999999999496,149.99835606923932
0.5329999999999495,149.99834727815053
0.5339999999999494,149.9983475744541
0.5349999999999493,149.99835695144498
0.5359999999999492,149.99837446002226
0.5369999999999491,149.99839837711883
0.537999999999949,149.99842635780072
0.5389999999999489,149.9984556993797
0.5399999999999487,149.9984834819713
0.5409999999999486,149.9985070279135
0.5419999999999485,149.99852405233852
0.5429999999999484,149.99853291273465
0.5439999999999483,149.9985327773246
0.5449999999999482,149.99852364915733
0.5459999999999481,149.9985064628908
0.546999999999948,149.9984829205394
0.5479999999999479,149.99845534262374
0.5489999999999478,149.9984264074281
0.5499999999999476,149.99839901151327
0.5509999999999475,149.9983758126745
0.5519999999999474,149.99835907890753
0.5529999999999473,149.99835043927175
0.5539999999999472,149.99835071640072
0.5549999999999471,149.99835990253987
0.555999999999947,149.99837706608787
0.5569999999999469,149.9984005159706
0.5579999999999468,149.9984279510156
0.5589999999999467,149.99845671916395
0.5599999999999465,149.9984839548688
0.5609999999999464,149.99850703077206
0.5619999999999463,149.99852370480824
0.5629999999999462,149.99853236528082
0.5639999999999461,149.99853219589767
0.564999999999946,149.99852320029146
0.5659999999999459,149.99850629583153
0.5669999999999458,149.99848315318386
0.5679999999999457,149.9984560500965
0.5689999999999455,149.99842761545676
0.5699999999999454,149.99840069275228
0.5709999999999453,149.99837789085493
0.5719999999999452,149.9983614362376
0.5729999999999451,149.9983529282968
0.573999999999945,149.998353175062
0.5749999999999449,149.9983621689264
0.5759999999999448,149.99837899579404
0.5769999999999447,149.99840199571324
0.5779999999999446,149.9984289096281
0.5789999999999444,149.99845713380225
0.5799999999999443,149.998483854487
0.5809999999999442,149.99850649176457
0.5819999999999441,149.99852284375535
0.582999999999944,149.99853132737383
0.5839999999999439,149.9985311403148
0.5849999999999438,149.99852228579465
0.5859999999999437,149.99850566393098
0.5869999999999436,149.99848291481945
0.5879999999999435,149.9984562748821
0.5889999999999433,149.9984283255945
0.5899999999999432,149.99840185957206
0.5909999999999431,149.99837943918595
0.591999999999943,149.99836325159512
0.5929999999999429,149.99835486837455
0.5939999999999428,149.9983550841831
0.5949999999999427,149.99836389231763
0.5959999999999426,149.9983803960468
0.5969999999999425,149.99840296579657
0.5979999999999424,149.99842938326583
0.5989999999999422,149.998457091236
0.5999999999999421,149.99848332575888
0.600999999999942,149.998505552254
0.6019999999999419,149.99852160709014
0.6029999999999418,149.9985299342082
0.6039999999999417,149.9985297442443
0.6049999999999416,149.99852103937675
0.6059999999999415,149.99850470261694
0.6069999999999414,149.99848234419105
0.6079999999999413,149.99845616042657
0.6089999999999411,149.99842868699696
0.609999999999941,149.99840266740478
0.6109999999999409,149.9983806193787
0.6119999999999408,149.9983646924627
0.6129999999999407,149.9983564317493
0.6139999999999406,149.99835661938565
0.6149999999999405,149.99836525003636
0.6159999999999404,149.99838144413474
0.6169999999999403,149.99840360178192
0.6179999999999402,149.9984295442901
0.61899999999994,149.99845675950334
0.6199999999999399,149.9984825316677
0.6209999999999398,149.99850436988348
0.6219999999999397,149.9985201472922
0.6229999999999396,149.99852833366253
0.6239999999999395,149.99852815183402
0.6249999999999394,149.9985196025755
0.6259999999999393,149.99850355203597
0.6269999999999392,149.9984815812164
0.627999999999939,149.99845584739157
0.6289999999999389,149.99842884178636
0.6299999999999388,149.99840326027078
0.6309999999999387,149.99838157740535
0.6319999999999386,149.998365906434
0.6329999999999385,149.99835776703765
0.6339999999999384,149.998357929464
0.6349999999999383,149.9983663900314
0.6359999999999382,149.99838228606654
0.6369999999999381,149.99840404670422
0.637999999999938,149.99842953188028
0.6389999999999378,149.99845627323907
0.6399999999999377,149.99848160189148
0.6409999999999376,149.99850306926612
0.6419999999999375,149.99851858408186
0.6429999999999374,149.99852664102414
0.6439999999999373,149.99852647458937
0.6449999999999372,149.9985180839208
0.6459999999999371,149.99850231856738
0.646999999999937,149.9984807309486
0.6479999999999368,149.9984554402415
0.6489999999999367,149.99842889437437
0.6499999999999366,149.99840374282832
0.6509999999999365,149.99838241826077
0.6519999999999364,149.99836699869135
0.6529999999999363,149.9983589792038
0.6539999999999362,149.99835911864548
0.6549999999999361,149.99836741514702
0.655999999999936,149.99838302263765
0.6569999999999359,149.99840439864502
0.6579999999999357,149.99842944081283
0.6589999999999356,149.99845572350378
0.6599999999999355,149.99848062350253
0.6609999999999354,149.9985017334193
0.6619999999999353,149.9985169965688
0.6629999999999352,149.998524931808
0.6639999999999351,149.99852478488572
0.664999999999935,149.99851655321078
0.6659999999999349,149.99850107002217
0.6669999999999348,149.99847985977243
0.6679999999999346,149.99845500441256
0.6689999999999345,149.99842890961028
0.6699999999999344,149.99840417958154
0.6709999999999343,149.99838320614785
0.6719999999999342,149.99836803305084
0.6729999999999341,149.9983601314535
0.673999999999934,149.99836024916098
0.6749999999999339,149.99836838617534
0.6759999999999338,149.99838371272878
0.6769999999999337,149.99840471417664
0.6779999999999335,149.998429325028
0.6789999999999334,149.99845516137046
0.6799999999999333,149.99847964461205
0.6809999999999332,149.99850040755544
0.6819999999999331,149.99851542723889
0.682999999999933,149.99852324605274
0.6839999999999329,149.99852312066093
0.6849999999999328,149.9985150466743
0.6859999999999327,149.99849984134525
0.6869999999999326,149.99847900173927
0.6879999999999324,149.99845457339057
0.6889999999999323,149.9984289206681
0.6899999999999322,149.99840460355458
0.6909999999999321,149.99838397399273
0.691999999999932,149.99836904224335
0.6929999999999319,149.9983612561639
0.6939999999999318,149.99836135280228
0.6949999999999317,149.99836933408832
0.6959999999999316,149.99838438624326
0.6969999999999315,149.99840502183602
0.6979999999999313,149.9984292114535
0.6989999999999312,149.9984546119929
0.6999999999999311,149.99847868850256
0.700999999999931,149.99849911306165
0.7019999999999309,149.99851389567388
0.7029999999999308,149.99852160172654
0.7039999999999307,149.99852149853027
0.7049999999999306,149.9985135798949
0.7059999999999305,149.99849864739292
0.7069999999999304,149.9984781712634
0.7079999999999302,149.99845416140653
0.7089999999999301,149.99842894177868
0.70999999999993,149.99840502906727
0.7109999999999299,149.99838473621043
0.7119999999999298,149.99837004074476
0.7129999999999297,149.99836236772836
0.7139999999999296,149.99836244372239
0.7149999999999295,149.99837027255978
0.7159999999999294,149.99838505610913
0.7169999999999292,149.99840533362124
0.7179999999999291,149.99842911100757
0.718999999999929,149.99845408512323
0.7199999999999289,149.99847776373895
0.7209999999999288,149.99849785737106
0.7219999999999287,149.99851240827653
0.7229999999999286,149.99852000432892
0.7239999999999285,149.99851992324142
0.7249999999999284,149.99851215704953
0.7259999999999283,149.998497491965
0.7269999999999281,149.99847737196612
0.727999999999928,149.99845377204127
0.7289999999999279,149.99842897657942
0.7299999999999278,149.99840545987487
0.7309999999999277,149.99838549668357
0.7319999999999276,149.99837103249672
0.7329999999999275,149.99836347006084
0.7339999999999274,149.99836352566874
0.7349999999999273,149.99837120503196
0.7359999999999272,149.99838572536322
0.736999999999927,149.99840565202263
0.7379999999999269,149.9984290255247
0.7389999999999268,149.99845358185289
0.7399999999999267,149.9984768706363
0.7409999999999266,149.99849664004591
0.7419999999999265,149.99851096393067
0.7429999999999264,149.99851845219123
0.7439999999999263,149.99851839274646
0.7449999999999262,149.99851077586573
0.7459999999999261,149.99849637272717
0.746999999999926,149.99847660156317
0.7479999999999258,149.9984534031781
0.7489999999999257,149.99842902319565
0.7499999999999256,149.99840589438443
0.7509999999999255,149.99838625409143
0.7519999999999254,149.99837201640779
0.7529999999999253,149.99836456221615
0.7539999999999252,149.9983645977376
0.7549999999999251,149.99837213052285
0.755999999999925,149.99838639280827
0.7569999999999248,149.99840597554746
0.7579999999999247,149.99842895314507
0.7589999999999246,149.99845309992105
0.7599999999999245,149.99847600650858
0.7609999999999244,149.9984954579809
0.7619999999999243,149.9985095591664
0.7629999999999242,149.99851694156573
0.7639999999999241,149.99851690310197
0.764999999999924,149.99850943233002
0.7659999999999239,149.99849528569263
0.7669999999999237,149.9984758562182
0.7679999999999236,149.99845305120235
0.7689999999999235,149.99842907828514
0.7699999999999234,149.99840632953328
0.7709999999999233,149.9983870056259
0.7719999999999232,149.99837298987666
0.7729999999999231,149.99836564172554
0.773999999999923,149.99836565750547
0.7749999999999229,149.99837304656023
0.7759999999999228,149.99838705582678
0.7769999999999226,149.99840630132508
0.7779999999999225,149.99842889068663
0.7789999999999224,149.99845263581258
0.7799999999999223,149.99847516754397
0.7809999999999222,149.99849430712302
0.7819999999999221,149.99850818973255
0.782999999999922,149.99851546806545
0.7839999999999219,149.99851544987314
0.7849999999999218,149.99850812204804
0.7859999999999217,149.99849422661478
0.7869999999999215,149.9984751318967
0.7879999999999214,149.9984527123557
0.7889999999999213,149.99842913839623
0.7899999999999212,149.9984067621807
0.7909999999999211,149.99838774843977
0.791999999999921,149.99837395029945
0.7929999999999209,149.99836670617012
0.7939999999999208,149.99836670267334
0.7949999999999207,149.99837395088554
0.7959999999999205,149.9983877121436
0.7969999999999204,149.99840662703326
0.7979999999999203,149.99842883573967
0.7989999999999202,149.99845218699636
0.7999999999999201,149.99847435105286
0.80099999999992,149.99849318463313
0.8019999999999199,149.9985068527164
0.8029999999999198,149.99851402877104
0.8039999999999197,149.9985140302028
0.8049999999999196,149.99850684230285
0.8059999999999194,149.99849319296956
0.8069999999999193,149.99847442631844
0.8079999999999192,149.99845238463416
0.8089999999999191,149.9984292018223
0.809999999999919,149.99840719091927
0.8109999999999189,149.99838848139268
0.8119999999999188,149.99837489676528
0.8129999999999187,149.99836775479866
0.8139999999999186,149.99836773257175
0.8149999999999185,149.99837484283574
0.8159999999999183,149.9983883610326
0.8169999999999182,149.99840695180322
0.8179999999999181,149.99842878723274
0.818999999999918,149.99845175217982
0.8199999999999179,149.9984735555509
0.8209999999999178,149.9984920888611
0.8219999999999177,149.9985055463128
0.8229999999999176,149.9985126217907
0.8239999999999175,149.99851264219413
0.8249999999999174,149.9985055912468
0.8259999999999172,149.99849218302356
0.8269999999999171,149.99847373792568
0.827999999999917,149.99845206669127
0.8289999999999169,149.99842926742744
0.8299999999999168,149.99840761480746
0.8309999999999167,149.998389203722
0.8319999999999166,149.9983758286418
0.8329999999999165,149.99836878706247
0.8339999999999164,149.99836874667076
0.8349999999999163,149.9983757218472
0.8359999999999161,149.99838900182118
0.836999999999916,149.9984072748133
0.8379999999999159,149.99842874419352
0.8389999999999158,149.99845133022873
0.8399999999999157,149.99847277973095
0.8409999999999156,149.99849101834957
0.8419999999999155,149.99850426897441
0.8429999999999154,149.99851124552023
0.8439999999999153,149.99851128421966
0.8449999999999152,149.99850436729065
0.845999999999915,149.99849119527278
0.8469999999999149,149.99847306533394
0.8479999999999148,149.99845175728723
0.8489999999999147,149.9984293341542
0.8499999999999146,149.99840803297684
0.8509999999999145,149.99838991471177
0.8519999999999144,149.99837674531355
0.8529999999999143,149.99836980238675
0.8539999999999142,149.99836974439137
0.854999999999914,149.99837658727105
0.8559999999999139,149.99838963375745
0.8569999999999138,149.99840759518045
0.8579999999999137,149.9984287055757
0.8589999999999136,149.9984509199291
0.8599999999999135,149.99847202223782
0.8609999999999134,149.99848997164884
0.8619999999999133,149.9985030191876
0.8629999999999132,149.99850989844248
0.8639999999999131,149.99850995482618
0.864999999999913,149.99850316910994
0.8659999999999128,149.9984902285808
0.8669999999999127,149.99847240761963
0.8679999999999126,149.99845145572917
0.8689999999999125,149.99842940151558
0.8699999999999124,149.99840844511962
0.8709999999999123,149.99839061421397
0.8719999999999122,149.9983776467781
0.8729999999999121,149.99837080087102
0.873999999999912,149.99837072587223
0.8749999999999118,149.9983774392355
0.8759999999999117,149.99839025691324
0.8769999999999116,149.99840791287303
0.8779999999999115,149.998428671209
0.8789999999999114,149.99845052097643
0.8799999999999113,149.99847128263096
0.8809999999999112,149.9984889481792
0.8819999999999111,149.99850179627464
0.882999999999911,149.99850857982543
0.8839999999999109,149.99850865327724
0.8849999999999107,149.99850199599393
0.8859999999999106,149.99848928229625
0.8869999999999105,149.99847176425408
0.8879999999999104,149.99845116164184
0.8889999999999103,149.99842946930445
0.8899999999999102,149.99840885118624
0.8909999999999101,149.99839130230754
0.89199999999991,149.9983785331863
0.8929999999999099,149.9983717826953
0.8939999999999098,149.99837169127343
0.8949999999999096,149.99837827782272
0.8959999999999095,149.99839087124616
0.8969999999999094,149.9984082276994
0.8979999999999093,149.99842864074407
0.8989999999999092,149.99845013283104
0.8999999999999091,149.99847056020212
0.900999999999909,149.9984879471046
0.9019999999999089,149.99850059931055
0.9029999999999088,149.99850728869748
0.9039999999999087,149.99850737859623
0.9049999999999085,149.99850084703354
0.9059999999999084,149.99848835562113
0.9069999999999083,149.9984711345562
0.9079999999999082,149.9984508744722
0.9089999999999081,149.9984295371185
0.909999999999908,149.99840925092613
0.9109999999999079,149.99839197885854
0.9119999999999078,149.99837940447966
0.9129999999999077,149.99837274781999
0.9139999999999076,149.99837264053247
0.9149999999999074,149.99837910292612
0.9159999999999073,149.99839147656232
0.9169999999999072,149.99840853934182
0.9179999999999071,149.99842861373165
0.918999999999907,149.99844975494233
0.9199999999999069,149.99846985429627
0.9209999999999068,149.99848696769547
0.9219999999999067,149.99849942752678
0.9229999999999066,149.99850602430928
0.9239999999999065,149.99850613011483
0.9249999999999063,149.9984997216666
0.9259999999999062,149.99848744815273
0.9269999999999061,149.99847051832336
0.927999999999906,149.99845059423637
0.9289999999999059,149.99842960516847
0.9299999999999058,149.99840964472128
0.9309999999999057,149.9983926444111
0.9319999999999056,149.9983802613452
0.9329999999999055,149.9983736970443
0.9339999999999054,149.99837357450735
0.9349999999999052,149.99837991538593
0.9359999999999051,149.99839207365397
0.936999999999905,149.9984088485187
0.9379999999999049,149.99842859077154
0.9389999999999048,149.9984493877597
0.9399999999999047,149.99846916523703
0.9409999999999046,149.99848601016265
0.9419999999999045,149.99849828105053
0.9429999999999044,149.99850478672764
0.9439999999999042,149.9985049078677
0.9449999999999041,149.99849861994767
0.945999999999904,149.99848655996752
0.9469999999999039,149.99846991567523
0.9479999999999038,149.99845032112046
0.9489999999999037,149.99842967373564
0.9499999999999036,149.99841003294236
0.9509999999999035,149.9983932993969
0.9519999999999034,149.99838110422286
0.9529999999999033,149.9983746307581
0.9539999999999031,149.99837449348956
0.954999999999903,149.99838071537204
0.9559999999999029,149.99839266251283
0.9569999999999028,149.99840915499988
0.9579999999999027,149.99842857141647
0.9589999999999026,149.99844903062487
0.9599999999999025,149.99846849216425
0.9609999999999024,149.99848507347394
0.9619999999999023,149.99849715872807
0.9629999999999022,149.99850357473025
0.963999999999902,149.9985037106185
0.9649999999999019,149.99849754067927
0.9659999999999018,149.99848568999326
0.9669999999999017,149.9984693257062
0.9679999999999016,149.99845005437885
0.9689999999999015,149.99842974221514
0.9699999999999014,149.9984104151072
0.9709999999999013,149.99839394341987
0.9719999999999012,149.9983819327865
0.972999999999901,149.99837554868753
0.973999999999901,149.9983753972357
0.9749999999999008,149.99838150261738
0.9759999999999007,149.99839324283425
0.9769999999999006,149.9984094584493
0.9779999999999005,149.99842855528343
0.9789999999999004,149.99844868312337
0.9799999999999003,149.99846783464344
0.9809999999999002,149.99848415719086
0.9819999999999001,149.99849606012305
0.9829999999999,149.99850238791535
0.9839999999998998,149.99850253803962
0.9849999999998997,149.99849648362172
0.9859999999998996,149.99848483807443
0.9869999999998995,149.99846874836527
0.9879999999998994,149.9984497941141
0.9889999999998993,149.99842981086954
0.9899999999998992,149.99841079164045
0.9909999999998991,149.9983945770644
0.991999999999899,149.9983827477351
0.9929999999998989,149.99837645158397
0.9939999999998987,149.9983762864756
0.9949999999998986,149.9983822778039
0.9959999999998985,149.9983938151991
0.9969999999998984,149.99840975928277
0.9979999999998983,149.99842854260152
0.9989999999998982,149.99844834526547
0.9999999999998981,149.9984672743635
1.0009999999999002,149.99850174599248
1.0019999999999023,149.99888137061666
1.0029999999999044,149.99876842691924
1.0039999999999065,149.99890120573355
1.0049999999999086,149.99941615834152
1.0059999999999107,149.999052912331
1.0069999999999129,149.99961337855035
1.007999999999915,149.99964955783693
1.008999999999917,149.99969489891782
1.0099999999999192,150.00000654801082
1.0109999999999213,150.000249611274
1.0119999999999234,150.0001764549149
1.0129999999999255,150.00063382112242
1.0139999999999276,150.0008517465137
1.0149999999999297,150.00068974579085
1.0159999999999318,150.0014089371445
1.016999999999934,150.00121567071687
1.017999999999936,150.00155567023452
1.0189999999999382,150.00189148876743
1.0199999999999403,150.00196742710054
1.0209999999999424,150.00209681540528
1.0219999999999445,150.00219830318136
1.0229999999999466,150.00226429473506
1.0239999999999487,150.00232236267496
1.0249999999999508,150.00237662915708
1.025999999999953,150.00242570587807
1.026999999999955,150.00246165497447
1.0279999999999572,150.00248824552511
1.0289999999999593,150.0025104847053
1.0299999999999614,150.0025293708863
1.0309999999999635,150.00254705388795
1.0319999999999656,150.002565594398
1.0329999999999677,150.00258591879782
1.0339999999999698,150.00260921574142
1.034999999999972,150.00263564928264
1.035999999999974,150.0026648267822
1.0369999999999762,150.00269592705365
1.0379999999999783,150.00272724242149
1.0389999999999804,150.00275748510242
1.0399999999999825,150.0027847068257
1.0409999999999846,150.00280742451213
1.0419999999999867,150.00282421963138
1.0429999999999888,150.00283405090155
1.043999999999991,150.00283633135814
1.044999999999993,150.00283095967941
1.0459999999999952,150.00281836648765
1.0469999999999973,150.00279966006153
1.0479999999999994,150.00277621518174
1.0490000000000015,150.00274994647734
1.0500000000000036,150.00283299672944
1.0510000000000057,150.00302665228307
1.0520000000000078,150.00320560394087
1.05300000000001,150.0030323695426
1.054000000000012,150.003492138937
1.0550000000000141,150.00342122881742
1.0560000000000163,150.0034823543725
1.0570000000000184,150.00382954380112
1.0580000000000205,150.00363925807306
1.0590000000000226,150.00387634209775
1.0600000000000247,150.00401154804737
1.0610000000000268,150.00402208864563
1.062000000000029,150.00403412776225
1.063000000000031,150.0043859898846
1.0640000000000331,150.00409301218127
1.0650000000000353,150.00431933756104
1.0660000000000374,150.00440264325007
1.0670000000000395,150.00418930853454
1.0680000000000416,150.00450330244422
1.0690000000000437,150.00438024943696
1.0700000000000458,150.00423964338322
1.071000000000048,150.00410566761306
1.07200000000005,150.0039797024601
1.0730000000000521,150.00386273419633
1.0740000000000542,150.00375518305538
1.0750000000000564,150.0036568598088
1.0760000000000585,150.00356702066728
1.0770000000000606,150.00348442676975
1.0780000000000627,150.00340750544848
1.0790000000000648,150.00333439673796
1.080000000000067,150.0032631811777
1.081000000000069,150.00319212862954
1.0820000000000711,150.0031197065462
1.0830000000000732,150.00304477319267
1.0840000000000753,150.0029665322236
1.0850000000000775,150.00288470786262
1.0860000000000796,150.00279964459756
1.0870000000000817,150.00271215414799
1.0880000000000838,150.00262352720392
1.089000000000086,150.00253535393
1.090000000000088,150.0024493985512
1.0910000000000901,150.00236741769305
1.0920000000000922,150.00229090908832
1.0930000000000943,150.00222096930742
1.0940000000000965,150.00215813333418
1.0950000000000986,150.00210232605227
1.0960000000001007,150.00205292333845
1.0970000000001028,150.00200880679094
1.098000000000105,150.00196852797663
1.099000000000107,150.00193035383867
1.1000000000001091,150.00189249282306
1.1010000000001112,150.00185333434186
1.1020000000001133,150.00181146065472
1.1030000000001154,150.00176583148067
1.1040000000001176,150.00171574731198
1.1050000000001197,150.00166101608775
1.1060000000001218,150.00160204507668
1.1070000000001239,150.0015396982572
1.108000000000126,150.00147530150207
1.109000000000128,150.0014104775872
1.1100000000001302,150.0013470159981
1.1110000000001323,150.00128668433584
1.1120000000001344,150.0012309943028
1.1130000000001365,150.00118105369066
1.1140000000001387,150.00113742098023
1.1150000000001408,150.00110004975986
1.1160000000001429,150.00106834430252
1.117000000000145,150.00104122459618
1.118000000000147,150.0010172834891
1.1190000000001492,150.0009948410075
1.1200000000001513,150.0009721603581
1.1210000000001534,150.0009476783674
1.1220000000001555,150.0009200250368
1.1230000000001576,150.00088819856427
1.1240000000001598,150.0008515376977
1.1250000000001619,150.0008098796823
1.126000000000164,150.0007636437667
1.127000000000166,150.00071370089935
1.1280000000001682,150.00066137190657
1.1290000000001703,150.00060827510862
1.1300000000001724,150.0005561916237
1.1310000000001745,150.00050687246198
1.1320000000001766,150.00046181791882
1.1330000000001788,150.0004221254276
1.1340000000001809,150.00038835519794
1.135000000000183,150.00036046960605
1.136000000000185,150.00033788430622
1.1370000000001872,150.00031954076374
1.1380000000001893,150.00030405746395
1.1390000000001914,150.000289790328
1.1400000000001935,150.0002750404695
1.1410000000001956,150.00025827738799
1.1420000000001977,150.00023816344114
1.1430000000001999,150.00021372153753
1.144000000000202,150.00018431348659
1.145000000000204,150.0001497912851
1.1460000000002062,150.00011057492807
1.1470000000002083,150.00006753095232
1.1480000000002104,150.000021966169
1.1490000000002125,149.99997548448079
1.1500000000002146,149.99992984984135
1.1510000000002167,149.9998867910974
1.1520000000002188,149.99984779140672
1.153000000000221,149.9998139336046
1.154000000000223,149.99978577402555
1.1550000000002252,149.99976327879992
1.1560000000002273,149.999745871407
1.1570000000002294,149.99973251041067
1.1580000000002315,149.9997218358052
1.1590000000002336,149.9997122336285
1.1600000000002357,149.99970203694096
1.1610000000002378,149.99968974278184
1.16200000000024,149.9996740398627
1.163000000000242,149.99965397032955
1.1640000000002442,149.9996289124448
1.1650000000002463,149.99959872645607
1.1660000000002484,149.99956382828796
1.1670000000002505,149.99952507499657
1.1680000000002526,149.99948375557932
1.1690000000002547,149.9994414550967
1.1700000000002568,149.99939991652047
1.171000000000259,149.99936084454342
1.172000000000261,149.9993257030755
1.1730000000002632,149.99929555908759
1.1740000000002653,149.99927096295926
1.1750000000002674,149.99925188276265
1.1760000000002695,149.99923774878687
1.1770000000002716,149.99922753511257
1.1780000000002737,149.9992199017021
1.1790000000002758,149.99921326214778
1.180000000000278,149.999205978687
1.18100000000028,149.99919657347104
1.1820000000002822,149.99918375856558
1.1830000000002843,149.9991665925708
1.1840000000002864,149.99914446674984
1.1850000000002885,149.99911724617812
1.1860000000002906,149.99908534020182
1.1870000000002927,149.9990495937982
1.1880000000002948,149.99901127630585
1.189000000000297,149.998971951761
1.190000000000299,149.9989333403442
1.1910000000003012,149.99889712190563
1.1920000000003033,149.99886474035318
1.1930000000003054,149.99883724656715
1.1940000000003075,149.99881518422615
1.1950000000003096,149.9987985227277
1.1960000000003117,149.99878669902395
1.1970000000003138,149.9987787021732
1.198000000000316,149.99877321154997
1.199000000000318,149.9987686670583
1.2000000000003201,149.9987634587078
1.2010000000003223,149.9987561325313
1.2020000000003244,149.99874542235554
1.2030000000003265,149.99873040175518
1.2040000000003286,149.99871047308713
1.2050000000003307,149.99868550437648
1.2060000000003328,149.99865589711268
1.207000000000335,149.99862248286215
1.208000000000337,149.99858651049266
1.2090000000003391,149.99854952198277
1.2100000000003412,149.99851321391225
1.2110000000003434,149.9984792412368
1.2120000000003455,149.99844902772912
1.2130000000003476,149.99842360839406
1.2140000000003497,149.9984035200225
1.2150000000003518,149.99838873317975
1.216000000000354,149.99837869165472
1.217000000000356,149.99837239931938
1.2180000000003581,149.998368554781
1.2190000000003602,149.9983656235663
1.2200000000003624,149.99836202264424
1.2210000000003645,149.99835632124862
1.2220000000003666,149.99834727404797
1.2230000000003687,149.9983339687647
1.2240000000003708,149.99831581773097
1.225000000000373,149.99829269085276
1.226000000000375,149.99826498114146
1.2270000000003771,149.9982335061116
1.2280000000003792,149.99819949389223
1.2290000000003813,149.99816446397054
1.2300000000003835,149.99813008904164
1.2310000000003856,149.9980979994026
1.2320000000003877,149.9980695988393
1.2330000000003898,149.9980459068477
1.234000000000392,149.9980274533577
1.235000000000394,149.99801421011293
1.2360000000003961,149.99800562793592
1.2370000000003982,149.99800072546913
1.2380000000004003,149.99799822046455
1.2390000000004024,149.99799660358067
1.2400000000004046,149.9979943181779
1.2410000000004067,149.9979899562427
1.2420000000004088,149.997982292674
1.2430000000004109,149.99797042884228
1.244000000000413,149.99795378634826
1.245000000000415,149.99793223633597
1.2460000000004172,149.9979061630755
1.2470000000004193,149.99787636975327
1.2480000000004214,149.99784406378663
1.2490000000004235,149.9978107420609
1.2500000000004257,149.99777805336745
1.2510000000004278,149.99774760372108
1.2520000000004299,149.99772077717648
1.253000000000432,149.99769857812052
1.254000000000434,149.99768152971464
1.2550000000004362,149.99766960490305
1.2560000000004383,149.99766226172153
1.2570000000004404,149.99765853350615
1.2580000000004425,149.99765715706442
1.2590000000004447,149.99765664776388
1.2600000000004468,149.99765547485765
1.2610000000004489,149.99765225273467
1.262000000000451,149.9976457760581
1.263000000000453,149.99763515949846
1.2640000000004552,149.99761983343512
1.2650000000004573,149.99759966985116
1.2660000000004594,149.99757504419915
1.2670000000004615,149.9975467452791
1.2680000000004636,149.9975159599743
1.2690000000004658,149.99748416263608
1.2700000000004679,149.99745297829466
1.27100000000047,149.99742398909464
1.272000000000472,149.99739855966885
1.2730000000004742,149.99737767967665
1.2740000000004763,149.9973618656113
1.2750000000004784,149.99735109163856
1.2760000000004805,149.9973448231018
1.2770000000004826,149.9973421079267
1.2780000000004847,149.99734170183433
1.2790000000004869,149.9973421444797
1.280000000000489,149.99734193055218
1.281000000000491,149.9973396965089
1.2820000000004932,149.9973342563839
1.2830000000004953,149.9973247378784
1.2840000000004974,149.99731057978204
1.2850000000004995,149.99729165465715
1.2860000000005016,149.99726832917653
1.2870000000005037,149.99724137780777
1.2880000000005059,149.99721196717132
1.289000000000508,149.9971815492624
1.29000000000051,149.99715172556287
1.2910000000005122,149.99712405479966
1.2920000000005143,149.99709988248844
1.2930000000005164,149.99708018392215
1.2940000000005185,149.9970654690255
1.2950000000005206,149.9970557131681
1.2960000000005227,149.9970503890476
1.2970000000005248,149.99704855902434
1.298000000000527,149.99704899754994
1.299000000000529,149.997050268143
1.3000000000005312,149.99705089047
1.3010000000005333,149.9970495227325
1.3020000000005354,149.99704499797437
1.3030000000005375,149.99703645669788
1.3040000000005396,149.99702334581147
1.3050000000005417,149.99700553828063
1.3060000000005438,149.9969833920982
1.307000000000546,149.99695766753277
1.308000000000548,149.99692951125442
1.3090000000005502,149.99690035314202
1.3100000000005523,149.9968717714102
1.3110000000005544,149.99684530180187
1.3120000000005565,149.99682227104168
1.3130000000005586,149.9968036403819
1.3140000000005607,149.99678991326354
1.3150000000005628,149.99678106623762
1.316000000000565,149.99677657934257
1.317000000000567,149.9967755291887
1.3180000000005692,149.9967767087362
1.3190000000005713,149.9967787049349
1.3200000000005734,149.99678006197487
1.3210000000005755,149.99677945947445
1.3220000000005776,149.99677574914352
1.3230000000005797,149.99676808407935
1.3240000000005818,149.9967559190679
1.325000000000584,149.996739127355
1.326000000000586,149.9967180583912
1.3270000000005882,149.9966934584184
1.3280000000005903,149.99666645450122
1.3290000000005924,149.99663845468424
1.3300000000005945,149.9966110142183
1.3310000000005966,149.9965856463047
1.3320000000005987,149.99656365919185
1.3330000000006008,149.99654600039813
1.334000000000603,149.9965331669605
1.335000000000605,149.99652513656665
1.3360000000006071,149.9965213965532
1.3370000000006093,149.99652103756955
1.3380000000006114,149.99652287083637
1.3390000000006135,149.99652550630015
1.3400000000006156,149.99652751221953
1.3410000000006177,149.9965275893011
1.3420000000006198,149.9965246075929
1.343000000000622,149.99651773259092
1.344000000000624,149.99650642674496
1.3450000000006261,149.99649056349975
1.3460000000006282,149.99647048392112
1.3470000000006304,149.9964469204288
1.3480000000006325,149.99642098083714
1.3490000000006346,149.9963940516636
1.3500000000006367,149.99636766552177
1.3510000000006388,149.9963433135031
1.352000000000641,149.99632228569024
1.353000000000643,149.9963055161573
1.3540000000006451,149.99629349561263
1.3550000000006472,149.99628620282596
1.3560000000006494,149.99628313236576
1.3570000000006515,149.99628338869132
1.3580000000006536,149.99628580101884
1.3590000000006557,149.99628900185678
1.3600000000006578,149.99629158308628
1.36100000000066,149.99629226616509
1.362000000000662,149.99628993916258
1.3630000000006641,149.9962837797847
1.3640000000006662,149.99627325795774
1.3650000000006683,149.99625824726965
1.3660000000006705,149.996239080568
1.3670000000006726,149.9962164766689
1.3680000000006747,149.99619152449816
1.3690000000006768,149.99616558936967
1.370000000000679,149.99614018159713
1.371000000000681,149.99611677058806
1.3720000000006831,149.99609662856676
1.3730000000006852,149.99608067643285
1.3740000000006873,149.99606939863762
1.3750000000006894,149.9960627749814
1.3760000000006916,149.99606030717086
1.3770000000006937,149.99606111324385
1.3780000000006958,149.99606404013258
1.379000000000698,149.99606774247684
1.3800000000007,149.99607083533547
1.381000000000702,149.99607206059164
1.3820000000007042,149.99607032401624
1.3830000000007063,149.99606481534605
1.3840000000007084,149.99605501181526
1.3850000000007106,149.9960407871077
1.3860000000007127,149.99602246602973
1.3870000000007148,149.99600075402736
1.3880000000007169,149.99597672149508
1.389000000000719,149.9959517128738
1.390000000000721,149.99592721653093
1.3910000000007232,149.99590468059682
1.3920000000007253,149.99588535974104
1.3930000000007274,149.99587016194997
1.3940000000007295,149.9958595654882
1.3950000000007317,149.99585355112075
1.3960000000007338,149.99585162760565
1.3970000000007359,149.99585292631056
1.398000000000738,149.9958563116014
1.39900000000074,149.99586045982562
1.4000000000007422,149.99586400878235
1.4010000000007443,149.9958657204471
1.4020000000007464,149.99586451799271
1.4030000000007485,149.9958596030036
1.4040000000007506,149.99585045986285
1.4050000000007528,149.99583696232847
1.4060000000007549,149.99581942733747
1.407000000000757,149.99579854719934
1.408000000000759,149.99577537413748
1.4090000000007612,149.99575123205716
1.4100000000007633,149.99572758772243
1.4110000000007654,149.99570586839374
1.4120000000007675,149.99568731148517
1.4130000000007696,149.99567281231586
1.4140000000007718,149.99566284303373
1.4150000000007739,149.99565738531678
1.416000000000776,149.99565595485785
1.417000000000778,149.9956576961169
1.4180000000007802,149.99566149060482
1.4190000000007823,149.9956660359601
1.4200000000007844,149.9956699922954
1.4210000000007865,149.9956721413521
1.4220000000007886,149.9956714234006
1.4230000000007907,149.99566705170025
1.4240000000007929,149.99565851763774
1.425000000000795,149.99564569502218
1.426000000000797,149.99562889309715
1.4270000000007992,149.99560879127046
1.4280000000008013,149.99558642394658
1.4290000000008034,149.99556309483398
1.4300000000008055,149.9955402494467
1.4310000000008076,149.99551929456848
1.4320000000008097,149.99550145064913
1.4330000000008118,149.99548760058065
1.434000000000814,149.9954782104629
1.435000000000816,149.99547326282664
1.4360000000008182,149.99547228019227
1.4370000000008203,149.99547441987042
1.4380000000008224,149.9954785802267
1.4390000000008245,149.99548347978012
1.4400000000008266,149.99548780054525
1.4410000000008287,149.99549034369429
1.4420000000008308,149.99549006630954
1.443000000000833,149.99548619314774
1.444000000000835,149.99547822245873
1.4450000000008372,149.9954660280943
1.4460000000008393,149.9954499117754
1.4470000000008414,149.99543054024537
1.4480000000008435,149.99540893043593
1.4490000000008456,149.9953863661951
1.4500000000008477,149.9953642721346
1.4510000000008498,149.99534403494724
1.452000000000852,149.99532685840308
1.453000000000854,149.99531361319922
1.4540000000008562,149.99530475945966
1.4550000000008583,149.99530028051345
1.4560000000008604,149.99529970559246
1.4570000000008625,149.99530220461563
1.4580000000008646,149.99530669251698
1.4590000000008667,149.99531190829939
1.4600000000008688,149.99531655546548
1.461000000000871,149.99531945430127
1.462000000000873,149.9953195784097
1.4630000000008752,149.9953161638746
1.4640000000008773,149.99530871567873
1.4650000000008794,149.99529710770634
1.4660000000008815,149.9952816343258
1.4670000000008836,149.99526294984642
1.4680000000008857,149.99524205406783
1.4690000000008878,149.9952202113158
1.47000000000089,149.99519882564394
1.471000000000892,149.99517926402922
1.4720000000008941,149.99516271384775
1.4730000000008963,149.9951500338222
1.4740000000008984,149.99514167816844
1.4750000000009005,149.9951376309637
1.4760000000009026,149.99513742803254
1.4770000000009047,149.99514025167062
1.4780000000009068,149.99514503309263
1.479000000000909,149.9951505313928
1.480000000000911,149.99515547116476
1.4810000000009131,149.9951586914881
1.4820000000009153,149.99515918220592
1.4830000000009174,149.99515619055816
1.4840000000009195,149.9951492281347
1.4850000000009216,149.99513816885025
1.4860000000009237,149.99512329988434
1.4870000000009258,149.99510526334572
1.488000000000928,149.99508504223266
1.48900000000093,149.99506388167953
1.4900000000009321,149.99504316552614
1.4910000000009342,149.99502424139843
1.4920000000009364,149.99500828055415
1.4930000000009385,149.99499612995925
1.4940000000009406,149.99498823799416
1.4950000000009427,149.99498458943052
1.4960000000009448,149.9949847265729
1.497000000000947,149.99498784385506
1.498000000000949,149.9949928884915
1.4990000000009511,149.99499863928799
1.5000000000009532,149.99500384153686
1.5010000000009553,149.99500735280031
1.5020000000009575,149.9950081788822
1.5030000000009596,149.9950055780124
1.5040000000009617,149.99499906826816
1.5050000000009638,149.99498852359102
1.506000000000966,149.99497422413484
1.507000000000968,149.99495680003454
1.5080000000009701,149.9949372178106
1.5090000000009722,149.99491670373413
1.5100000000009743,149.99489662177427
1.5110000000009765,149.99487830055753
1.5120000000009786,149.9948628955004
1.5130000000009807,149.99485124202002
1.5140000000009828,149.9948437827299
1.515000000000985,149.99484050305267
1.516000000000987,149.9948409516519
1.5170000000009891,149.9948443348742
1.5180000000009912,149.99484961565298
1.5190000000009933,149.9948555921323
1.5200000000009954,149.9948610299237
1.5210000000009976,149.99486480476057
1.5220000000009997,149.99486593813836
1.5230000000010018,149.99486369910957
1.5240000000010039,149.99485761212358
1.525000000001006,149.9948475511512
1.526000000001008,149.99483378947463
1.5270000000010102,149.99481694547862
1.5280000000010123,149.9947979695232
1.5290000000010144,149.994778069342
1.5300000000010165,149.994758589364
1.5310000000010187,149.9947408395699
1.5320000000010208,149.9947259597967
1.5330000000010229,149.99471477411905
1.534000000001025,149.9947077194564
1.535000000001027,149.99470478183483
1.5360000000010292,149.99470551616113
1.5370000000010313,149.99470914047055
1.5380000000010334,149.99471463313904
1.5390000000010355,149.9947208112857
1.5400000000010376,149.99472646046885
1.5410000000010398,149.9947304742869
1.5420000000010419,149.9947318896642
1.543000000001044,149.99472998631074
1.544000000001046,149.99472429493497
1.5450000000010482,149.99471468954124
1.5460000000010503,149.99470143669444
1.5470000000010524,149.99468514324545
1.5480000000010545,149.9946667437049
1.5490000000010566,149.9946474275897
1.5500000000010588,149.99462852011902
1.5510000000010609,149.99461131296496
1.552000000001063,149.99459693064938
1.553000000001065,149.99458618610274
1.5540000000010672,149.9945795106207
1.5550000000010693,149.9945768907916
1.5560000000010714,149.99457788765037
1.5570000000010735,149.99458173069632
1.5580000000010756,149.99458741347843
1.5590000000010777,149.99459377173702
1.5600000000010799,149.99459961061123
1.561000000001082,149.99460384126755
1.562000000001084,149.99460551579617
1.5630000000010862,149.99460392440298
1.5640000000010883,149.99459860394813
1.5650000000010904,149.99458942847505
1.5660000000010925,149.9945766579737
1.5670000000010946,149.9945608879849
1.5680000000010967,149.99454303746867
1.5690000000010988,149.99452427803712
1.570000000001101,149.9945059160262
1.571000000001103,149.99448922513182
1.5720000000011052,149.99447531481724
1.5730000000011073,149.99446498706308
1.5740000000011094,149.99445866761243
1.5750000000011115,149.9944563435726
1.5760000000011136,149.994457581994
1.5770000000011157,149.99446162362648
1.5780000000011178,149.9944674769228
1.57900000000112,149.99447399589715
1.580000000001122,149.99448000491634
1.5810000000011242,149.9944844324185
1.5820000000011263,149.9944863454033
1.5830000000011284,149.9944850444145
1.5840000000011305,149.99448007235983
1.5850000000011326,149.99447130332373
1.5860000000011347,149.99445899086965
1.5870000000011368,149.9944437194338
1.588000000001139,149.99442639272252
1.589000000001141,149.99440816475524
1.5900000000011432,149.99439032330363
1.5910000000011453,149.9943741244111
1.5920000000011474,149.99436066273486
1.5930000000011495,149.99435072949422
1.5940000000011516,149.99434474495072
1.5950000000011537,149.99434269669342
1.5960000000011558,149.99434415767433
1.597000000001158,149.99434837968047
1.59800000000116,149.9943543858077
1.5990000000011622,149.99436104800643
1.6000000000011643,149.9943672095213
1.6010000000011664,149.99437181577116
1.6020000000011685,149.99437394841928
1.6030000000011706,149.99437291818546
1.6040000000011727,149.9943682739217
1.6050000000011748,149.99435988976487
1.606000000001177,149.99434801298753
1.607000000001179,149.99433321713343
1.6080000000011812,149.99431639094075
1.6090000000011833,149.99429867114011
1.6100000000011854,149.9942813272559
1.6110000000011875,149.9942655979918
1.6120000000011896,149.99425256344944
1.6130000000011917,149.99424300427174
1.6140000000011938,149.99423733530818
1.615000000001196,149.99423554459514
1.616000000001198,149.9942372108708
1.6170000000012001,149.99424159675556
1.6180000000012023,149.99424773972788
1.6190000000012044,149.9942545293422
1.6200000000012065,149.99426082738265
1.6210000000012086,149.99426559596625
1.6220000000012107,149.99426793116896
1.6230000000012128,149.99426715373508
1.624000000001215,149.9942628183647
1.625000000001217,149.99425479924784
1.6260000000012191,149.99424333750798
1.6270000000012212,149.99422899599398
1.6280000000012234,149.99421264876017
1.6290000000012255,149.99419541554855
1.6300000000012276,149.99417854794368
1.6310000000012297,149.99416326762093
1.6320000000012318,149.99415064036845
1.633000000001234,149.9941414364311
1.634000000001236,149.9941360653164
1.6350000000012381,149.99413451547517
1.6360000000012402,149.99413637132258
1.6370000000012424,149.99414090610816
1.6380000000012445,149.99414717143907
1.6390000000012466,149.99415407415134
1.6400000000012487,149.9941604942366
1.6410000000012508,149.99416541022825
1.642000000001253,149.994167932376
1.643000000001255,149.99416739129447
1.6440000000012571,149.99416334743444
1.6450000000012592,149.9941556750472
1.6460000000012613,149.99414460923984
1.6470000000012635,149.99413070236585
1.6480000000012656,149.99411481407026
1.6490000000012677,149.99409804740066
1.6500000000012698,149.99408163630588
1.651000000001272,149.99406678573527
1.652000000001274,149.99405454740335
1.6530000000012761,149.9940456813328
1.6540000000012782,149.99404059175842
1.6550000000012803,149.9940392675131
1.6560000000012824,149.99404129857749
1.6570000000012846,149.99404596863286
1.6580000000012867,149.99405234316765
1.6590000000012888,149.99405934598295
1.6600000000012909,149.99406587495045
1.661000000001293,149.99407092474922
1.662000000001295,149.99407361956332
1.6630000000012972,149.99407329972541
1.6640000000012993,149.99406953134482
1.6650000000013014,149.9940621887443
1.6660000000013035,149.99405150113884
1.6670000000013057,149.99403801058605
1.6680000000013078,149.9940225625881
1.6690000000013099,149.99400624378652
1.670000000001312,149.9939902707959
1.671000000001314,149.99397583213388
1.6720000000013162,149.99396396567195
1.6730000000013183,149.9939554213861
1.6740000000013204,149.99395059831002
1.6750000000013225,149.99394948561937
1.6760000000013247,149.99395167876384
1.6770000000013268,149.99395647165628
1.6780000000013289,149.99396294342108
1.679000000001331,149.99397003451674
1.680000000001333,149.9939766603792
1.6810000000013352,149.99398183155736
1.6820000000013373,149.99398468594308
1.6830000000013394,149.99398457343855
1.6840000000013415,149.9939810657183
1.6850000000013436,149.9939740371843
1.6860000000013458,149.9939637112857
1.6870000000013479,149.99395061997473
1.68800000000135,149.99393559487405
1.689000000001352,149.99391970650296
1.6900000000013542,149.99390415443403
1.6910000000013563,149.99389011104313
1.6920000000013584,149.99387860059005
1.6930000000013605,149.99387036316992
1.6940000000013626,149.99386579268236
1.6950000000013647,149.99386487862213
1.6960000000013669,149.99386722179506
1.697000000001369,149.9938721261613
1.698000000001371,149.99387868423912
1.6990000000013732,149.99388585284123
1.7000000000013753,149.993892564657
1.7010000000013774,149.993897845842
1.7020000000013795,149.99390084776562
1.7030000000013816,149.99390092975298
1.7040000000013837,149.99389766895607
1.7050000000013859,149.99389093986093
1.706000000001388,149.9938809602804
1.70700000000139,149.99386825224263
1.7080000000013922,149.99385363374876
1.7090000000013943,149.99383815947613
1.7100000000013964,149.9938230122431
1.7110000000013985,149.99380934856444
1.7120000000014006,149.9937981793175
1.7130000000014027,149.9937902348795
1.7140000000014048,149.9937859040832
1.715000000001407,149.99378517671582
1.716000000001409,149.99378765883714
1.7170000000014112,149.99379266426416
1.7180000000014133,149.9937992986754
1.7190000000014154,149.99380653494333
1.7200000000014175,149.99381332270238
1.7210000000014196,149.99381870345843
1.7220000000014217,149.99382184183307
1.7230000000014238,149.9938221064306
1.724000000001426,149.9938190797948
1.725000000001428,149.99381263650795
1.7260000000014302,149.9938029888546
1.7270000000014323,149.99379064913091
1.7280000000014344,149.99377642196532
1.7290000000014365,149.9937613464645
1.7300000000014386,149.99374658897932
1.7310000000014407,149.99373329043934
1.7320000000014428,149.99372244855866
1.733000000001445,149.9937147841587
1.734000000001447,149.9937106810729
1.7350000000014492,149.9937101293508
1.7360000000014513,149.99371274020834
1.7370000000014534,149.9937178371344
1.7380000000014555,149.99372453873798
1.7390000000014576,149.99373183366367
1.7400000000014597,149.99373868819097
1.7410000000014618,149.99374415892026
1.742000000001464,149.9937474235082
1.743000000001466,149.99374785969488
1.7440000000014682,149.99374505532938
1.7450000000014703,149.99373888509874
1.7460000000014724,149.99372955587756
1.7470000000014745,149.9937175704093
1.7480000000014766,149.9937037201949
1.7490000000014787,149.99368902903868
1.7500000000014808,149.99367464710363
1.751000000001483,149.99366170000215
1.752000000001485,149.99365117250386
1.7530000000014871,149.99364377603214
1.7540000000014893,149.99363988948744
1.7550000000014914,149.9936395031578
1.7560000000014935,149.99364223331403
1.7570000000014956,149.99364741294048
1.7580000000014977,149.99365417334604
1.7590000000014998,149.99366151866275
1.760000000001502,149.9936684315285
1.761000000001504,149.9936739833847
1.7620000000015061,149.99367736470643
1.7630000000015082,149.99367796223248
1.7640000000015104,149.99367536903512
1.7650000000015125,149.9936694599098
1.7660000000015146,149.9936604364417
1.7670000000015167,149.99364879199115
1.7680000000015188,149.99363530517368
1.769000000001521,149.99362098475675
1.770000000001523,149.99360696498368
1.7710000000015251,149.99359435642117
1.7720000000015272,149.99358413110286
1.7730000000015294,149.99357699120912
1.7740000000015315,149.9935733107747
1.7750000000015336,149.9935730802985
1.7760000000015357,149.99357592100932
1.7770000000015378,149.99358117521214
1.77800000000154,149.99358798669496
1.779000000001542,149.99359537480137
1.7800000000015441,149.99360233824058
1.7810000000015462,149.9936079630469
1.7820000000015483,149.9936114523079
1.7830000000015505,149.9936122016204
1.7840000000015526,149.99360980919727
1.7850000000015547,149.99360414995556
1.7860000000015568,149.9935954202963
1.787000000001559,149.99358410437276
1.788000000001561,149.9935709681484
1.7890000000015631,149.99355700561125
1.7900000000015652,149.99354333535592
1.7910000000015673,149.99353105315936
1.7920000000015694,149.99352111853074
1.7930000000015716,149.9935142245575
1.7940000000015737,149.9935107404735
1.7950000000015758,149.99351065696766
1.796000000001578,149.9935136001283
1.79700000000158,149.99351892141007
1.798000000001582,149.99352577686082
1.7990000000015842,149.99353320076466
1.8000000000015863,149.99354020762001
1.8010000000015884,149.99354589781646
1.8020000000015906,149.99354948684373
1.8030000000015927,149.9935503790227
1.8040000000015948,149.99354817762955
1.8050000000015969,149.99354275770915
1.806000000001599,149.99353431058466
1.807000000001601,149.99352331137302
1.8080000000016032,149.9935105136153
1.8090000000016053,149.99349689677445
1.8100000000016074,149.99348356406037
1.8110000000016095,149.9934715967145
1.8120000000016117,149.99346194192395
1.8130000000016138,149.9934552838326
1.8140000000016159,149.99345198693837
1.815000000001618,149.993452042094
1.81600000000162,149.99345508015975
1.8170000000016222,149.99346046156805
1.8180000000016243,149.99346735441227
1.8190000000016264,149.99347480765238
1.8200000000016285,149.99348185130552
1.8210000000016306,149.99348759987333
1.8220000000016328,149.9934912810486
1.8230000000016349,149.99349230774283
1.824000000001637,149.99349028821553
1.825000000001639,149.9934850976461
1.8260000000016412,149.9934769223918
1.8270000000016433,149.99346622869407
1.8280000000016454,149.9934537578971
1.8290000000016475,149.99344047518778
1.8300000000016496,149.99342746864897
1.8310000000016518,149.99341580523196
1.8320000000016539,149.99340642001022
1.833000000001656,149.9933999883259
1.834000000001658,149.99339687000244
1.8350000000016602,149.99339705604112
1.8360000000016623,149.9934001819744
1.8370000000016644,149.99340561705245
1.8380000000016665,149.99341254120398
1.8390000000016686,149.99342001780465
1.8400000000016707,149.99342709211706
1.8410000000016729,149.99343289253136
1.842000000001675,149.99343665873758
1.843000000001677,149.99343781210942
1.8440000000016792,149.9934359658155
1.8450000000016813,149.99343099517648
1.8460000000016834,149.9934230816833
1.8470000000016855,149.99341268286625
1.8480000000016876,149.99340052809353
1.8490000000016897,149.9933875685201
1.8500000000016918,149.99337487735397
1.851000000001694,149.99336350750423
1.852000000001696,149.99335438212267
1.8530000000016982,149.99334816789352
1.8540000000017003,149.99334522002894
1.8550000000017024,149.99334552965374
1.8560000000017045,149.99334873688656
1.8570000000017066,149.99335421963414
1.8580000000017087,149.99336116945335
1.8590000000017108,149.99336866388094
1.860000000001713,149.99337576316802
1.861000000001715,149.99338160935454
1.8620000000017172,149.99338545393817
1.8630000000017193,149.99338672662498
1.8640000000017214,149.99338504541782
1.8650000000017235,149.99338028578666
1.8660000000017256,149.99337262445943
1.8670000000017277,149.99336251041083
1.8680000000017298,149.9933506612475
1.869000000001732,149.9933380143321
1.870000000001734,149.9933256282487
1.8710000000017362,149.99331454209988
1.8720000000017383,149.9933056673136
1.8730000000017404,149.9932996620539
1.8740000000017425,149.99329687698287
1.8750000000017446,149.99329730333548
1.8760000000017467,149.99330058572139
1.8770000000017488,149.99330611054432
1.878000000001751,149.9933130807909
1.879000000001753,149.99332058791137
1.8800000000017552,149.99332770687863
1.8810000000017573,149.9933335931715
1.8820000000017594,149.99333750989462
1.8830000000017615,149.9933388949614
1.8840000000017636,149.99333737113705
1.8850000000017657,149.99333281404887
1.8860000000017678,149.99332539575403
1.88700000000177,149.99331555683443
1.888000000001772,149.99330400334483
1.8890000000017741,149.99329165908935
1.8900000000017763,149.99327956827568
1.8910000000017784,149.99326875642942
1.8920000000017805,149.99326012344423
1.8930000000017826,149.99325431910245
1.8940000000017847,149.9932516895783
1.8950000000017868,149.9932522261882
1.896000000001789,149.9932555779598
1.897000000001791,149.99326113963386
1.8980000000017931,149.99326812542688
1.8990000000017953,149.99327564045933
1.9000000000017974,149.99328277417814
1.9010000000017995,149.99328869527073
1.9020000000018016,149.99329267827187
1.9030000000018037,149.99329416917345
1.9040000000018058,149.99329279542872
1.905000000001808,149.99328843283425
1.90600000000181,149.99328124887123
1.9070000000018121,149.9932716758789
1.9080000000018142,149.993260408567
1.9090000000018164,149.99324835741183
1.9100000000018185,149.99323655248205
1.9110000000018206,149.99322600596327
1.9120000000018227,149.9932176063952
1.9130000000018248,149.99321199531306
1.914000000001827,149.99320951446504
1.915000000001829,149.9932101552334
1.9160000000018311,149.99321357097116
1.9170000000018332,149.99321916460983
1.9180000000018353,149.99322616140054
1.9190000000018375,149.99323367989453
1.9200000000018396,149.99324082376427
1.9210000000018417,149.99324677469428
1.9220000000018438,149.99325081845913
1.923000000001846,149.99325240901052
1.924000000001848,149.99325117842108
1.9250000000018501,149.99324700265748
1.9260000000018522,149.9932400447248
1.9270000000018543,149.99323072886514
1.9280000000018565,149.9932197386471
1.9290000000018586,149.99320797144674
1.9300000000018607,149.99319644342697
1.9310000000018628,149.9931861536529
1.932000000001865,149.9931779795023
1.933000000001867,149.99317255439098
1.9340000000018691,149.99317021569792
1.9350000000018712,149.99317095485767
1.9360000000018733,149.99317442946446
1.9370000000018754,149.99318005049176
1.9380000000018776,149.99318705403516
1.9390000000018797,149.99319457184214
1.9400000000018818,149.99320172156888
1.9410000000018839,149.99320769768428
1.942000000001886,149.99321179701917
1.943000000001888,149.99321348136615
1.9440000000018902,149.99321238734987
1.9450000000018923,149.99320839111553
1.9460000000018944,149.9932016512791
1.9470000000018965,149.99319258413618
1.9480000000018987,149.99318186230974
1.9490000000019008,149.9931703702957
1.9500000000019029,149.99315911058667
1.951000000001905,149.99314906934657
1.952000000001907,149.9931411129673
1.9530000000019092,149.99313586687626
1.9540000000019113,149.9931336641424
1.9550000000019134,149.99313449623259
1.9560000000019155,149.9931380249023
1.9570000000019177,149.99314366902107
1.9580000000019198,149.99315067534195
1.9590000000019219,149.9931581885809
1.960000000001924,149.99316534013877
1.961000000001926,149.99317133706023
1.9620000000019282,149.99317548706063
1.9630000000019303,149.99317725965136
1.9640000000019324,149.99317629593827
1.9650000000019345,149.99317247225346
1.9660000000019366,149.99316594291778
1.9670000000019388,149.99315711641754
1.9680000000019409,149.9931466546269
1.969000000001943,149.99313542938174
1.970000000001945,149.99312442972473
1.9710000000019472,149.9931146291382
1.9720000000019493,149.99310688320455
1.9730000000019514,149.99310180948757
1.9740000000019535,149.99309973680337
1.9750000000019556,149.99310065664028
1.9760000000019577,149.9931042348296
1.9770000000019599,149.99310989799898
1.978000000001962,149.99311690337368
1.979000000001964,149.9931244084116
1.9800000000019662,149.9931315580289
1.9810000000019683,149.99313757164083
1.9820000000019704,149.9931417676687
1.9830000000019725,149.993143623231
1.9840000000019746,149.9931427838508
1.9850000000019767,149.99313912605052
1.9860000000019788,149.9931327999411
1.987000000001981,149.99312420634269
1.988000000001983,149.9931139965693
1.9890000000019852,149.99310303000837
1.9900000000019873,149.9930922824781
1.9910000000019894,149.99308271498958
1.9920000000019915,149.9930751724871
1.9930000000019936,149.9930702647969
1.9940000000019957,149.99306831654042
1.9950000000019978,149.99306931920577
1.996000000002,149.99307294262854
1.997000000002002,149.9930786210503
1.9980000000020042,149.9930856219907
1.9990000000020063,149.99309311543155
2.000000000002008,149.99310025957493
2.001000000002006,149.99310628651446
2.0020000000020035,149.99311052789417
2.003000000002001,149.99311246985488
2.004000000001999,149.99311176084987
2.0050000000019965,149.99310827428016
2.006000000001994,149.993102151907
2.007000000001992,149.993093782632
2.0080000000019895,149.99308380277537
2.009000000001987,149.99307305362416
2.010000000001985,149.99306249022703
2.0110000000019825,149.99305305291907
2.01200000000198,149.99304556440393
2.013000000001978,149.9930406143542
2.0140000000019755,149.9930385050833
2.015000000001973,149.99303920396892
2.016000000001971,149.99304236188627
2.0170000000019686,149.99304739155392
2.018000000001966,149.9930535430998
2.019000000001964,149.99305996177804
2.0200000000019616,149.9930657772882
2.0210000000019592,149.99307019809655
2.022000000001957,149.9930725245579
2.0230000000019546,149.9930722176223
2.0240000000019522,149.99306888967038
2.02500000000195,149.99306237764816
2.0260000000019476,149.99305280213753
2.0270000000019452,149.9930405230385
2.028000000001943,149.99302616015137
2.0290000000019406,149.99301051565593
2.0300000000019383,149.99299450383043
2.031000000001936,149.99297905911405
2.0320000000019336,149.9929649862322
2.0330000000019313,149.99295288342952
2.034000000001929,149.99294304036283
2.0350000000019266,149.99293541648595
2.0360000000019243,149.99292969797304
2.037000000001922,149.99292532439102
2.0380000000019196,149.99292159489312
2.0390000000019173,149.99291767874666
2.040000000001915,149.9929127356468
2.0410000000019126,149.99290603114437
2.0420000000019103,149.992896915423
2.043000000001908,149.99288490520863
2.0440000000019056,149.99286963305488
2.0450000000019033,149.9928509534994
2.046000000001901,149.9928290227344
2.0470000000018986,149.99280421900252
2.0480000000018963,149.99277718948605
2.049000000001894,149.9927487328431
2.0500000000018916,149.99271975610108
2.0510000000018893,149.99269121724473
2.052000000001887,149.99266392477165
2.0530000000018847,149.9926384994032
2.0540000000018823,149.99261522978844
2.05500000000188,149.99259407441656
2.0560000000018777,149.99257475010373
2.0570000000018753,149.9925567147593
2.058000000001873,149.99253929912427
2.0590000000018707,149.99252168221884
2.0600000000018683,149.99250303608778
2.061000000001866,149.99248265453957
2.0620000000018637,149.99245990912587
2.0630000000018613,149.9924343406359
2.064000000001859,149.99240558040248
2.0650000000018567,149.99237348131803
2.0660000000018544,149.9923382107741
2.067000000001852,149.99230014588719
2.0680000000018497,149.9922599402026
2.0690000000018474,149.99221837512317
2.070000000001845,149.99217633765377
2.0710000000018427,149.99213479226157
2.0720000000018404,149.99209453785483
2.073000000001838,149.9920562027713
2.0740000000018357,149.99202006605938
2.0750000000018334,149.99198607724014
2.076000000001831,149.99195397137427
2.0770000000018287,149.9919232157872
2.0780000000018264,149.99189316192366
2.079000000001824,149.9918629933006
2.0800000000018217,149.9918318897402
2.0810000000018194,149.9917991641079
2.082000000001817,149.99176420337605
2.0830000000018147,149.99172656444983
2.0840000000018124,149.99168587477055
2.08500000000181,149.99164198332664
2.0860000000018077,149.99159506224805
2.0870000000018054,149.991545483592
2.088000000001803,149.9914939015293
2.0890000000018007,149.99144107951994
2.0900000000017984,149.99138788396175
2.091000000001796,149.99133528101154
2.0920000000017938,149.9912840575844
2.0930000000017914,149.99123484507206
2.094000000001789,149.99118791333893
2.0950000000017868,149.99114320360874
2.0960000000017844,149.991100464937
2.097000000001782,149.99105917267292
2.0980000000017798,149.99101869495536
2.0990000000017774,149.99097822082675
2.100000000001775,149.99093693931047
2.101000000001773,149.99089417860566
2.1020000000017705,149.99084934019447
2.103000000001768,149.9908019936977
2.104000000001766,149.99075176442045
2.1050000000017635,149.99069849934796
2.106000000001761,149.9906423724797
2.107000000001759,149.99058375024993
2.1080000000017565,149.99052328460763
2.109000000001754,149.99046172348713
2.110000000001752,149.9903999150171
2.1110000000017495,149.99033882442814
2.112000000001747,149.99027922645078
2.113000000001745,149.9902217526585
2.1140000000017425,149.99016666627452
2.11500000000174,149.9901139029053
2.116000000001738,149.99006322250395
2.1170000000017355,149.99001410842942
2.118000000001733,149.98996594235075
2.119000000001731,149.9899179212882
2.1200000000017285,149.98986924625098
2.121000000001726,149.98981925754865
2.122000000001724,149.9897673710525
2.1230000000017215,149.98971316602203
2.124000000001719,149.98965626835803
2.125000000001717,149.98959652584455
2.1260000000017145,149.98953411159894
2.127000000001712,149.98946938627043
2.12800000000171,149.98940299672756
2.1290000000017075,149.98933567846558
2.130000000001705,149.98926826428544
2.131000000001703,149.98920171571373
2.1320000000017005,149.9891367952507
2.133000000001698,149.98907413153827
2.134000000001696,149.98901398412275
2.1350000000016935,149.98895628602986
2.136000000001691,149.98890080467154
2.137000000001689,149.9888470313353
2.1380000000016866,149.9887943576717
2.139000000001684,149.98874199137532
2.140000000001682,149.9886891483996
2.1410000000016796,149.98863517749993
2.1420000000016772,149.9885795086526
2.143000000001675,149.98852172722158
2.1440000000016726,149.9884614625616
2.1450000000016702,149.98839856616152
2.146000000001668,149.98833320699913
2.1470000000016656,149.98826573959929
2.1480000000016632,149.98819680243116
2.149000000001661,149.9881271216883
2.1500000000016586,149.98805751781555
2.1510000000016563,149.9879889453794
2.152000000001654,149.9879221543895
2.1530000000016516,149.98785776701152
2.1540000000016493,149.98779604206752
2.155000000001647,149.9877369129777
2.1560000000016446,149.987680150736
2.1570000000016423,149.98762525422083
2.15800000000164,149.98757162111684
2.1590000000016376,149.98751847241707
2.1600000000016353,149.98746504185652
2.161000000001633,149.9874106825737
2.1620000000016306,149.98735483812712
2.1630000000016283,149.98729709610984
2.164000000001626,149.98723709207465
2.1650000000016236,149.98717468398095
2.1660000000016213,149.98711003306616
2.167000000001619,149.9870434871926
2.1680000000016166,149.98697567284998
2.1690000000016143,149.98690730992803
2.170000000001612,149.9868392093272
2.1710000000016096,149.9867723151525
2.1720000000016073,149.9867073644662
2.173000000001605,149.98664496924627
2.1740000000016027,149.9865853903747
2.1750000000016003,149.9865285644112
2.176000000001598,149.98647426191445
2.1770000000015957,149.98642198881285
2.1780000000015933,149.98637114478933
2.179000000001591,149.98632096656198
2.1800000000015887,149.9862707082066
2.1810000000015863,149.98621972312003
2.182000000001584,149.9861674677579
2.1830000000015817,149.98611352804915
2.1840000000015793,149.98605754825758
2.185000000001577,149.98599939530527
2.1860000000015747,149.98593921907727
2.1870000000015724,149.98587736014173
2.18800000000157,149.98581442948714
2.1890000000015677,149.98575114343413
2.1900000000015654,149.98568830588562
2.191000000001563,149.9856268470363
2.1920000000015607,149.985567490491
2.1930000000015584,149.98551083447472
2.194000000001556,149.9854571444243
2.1950000000015537,149.9854063624619
2.1960000000015514,149.985358254868
2.197000000001549,149.98531233399916
2.1980000000015467,149.98526799774012
2.1990000000015444,149.9852245006481
2.200000000001542,149.98518111932304
2.2010000000015397,149.98513720356445
2.2020000000015374,149.98509222197944
2.203000000001535,149.9850457552531
2.2040000000015327,149.98499745853505
2.2050000000015304,149.98494720982023
2.206000000001528,149.984895144341
2.2070000000015257,149.9848415947402
2.2080000000015234,149.98478715336185
2.209000000001521,149.9847325353216
2.2100000000015187,149.98467853967935
2.2110000000015164,149.98462607965402
2.212000000001514,149.98457586490326
2.2130000000015118,149.98452847679155
2.2140000000015094,149.984484187406
2.215000000001507,149.9844429464166
2.2160000000015048,149.98440451245736
2.2170000000015024,149.98436840370638
2.2180000000015,149.98433401298306
2.2190000000014978,149.98430061437722
2.2200000000014954,149.98426750871477
2.221000000001493,149.98423403889794
2.222000000001491,149.98419968496884
2.2230000000014885,149.98416401937772
2.224000000001486,149.98412670988787
2.225000000001484,149.98408764718778
2.2260000000014815,149.98404694914248
2.227000000001479,149.9840049399211
2.228000000001477,149.98396219071046
2.2290000000014745,149.98391941730233
2.230000000001472,149.98387741558844
2.23100000000147,149.9838370793573
2.2320000000014675,149.9837991039431
2.233000000001465,149.98376405142318
2.234000000001463,149.98373220212304
2.2350000000014605,149.98370351472985
2.236000000001458,149.9836777375592
2.237000000001456,149.98365439408428
2.2380000000014535,149.9836328695488
2.239000000001451,149.9836124587565
2.240000000001449,149.98359248787335
2.2410000000014465,149.98357229040164
2.242000000001444,149.9835513571767
2.243000000001442,149.98352925022053
2.2440000000014395,149.98350565110616
2.245000000001437,149.9834804642503
2.246000000001435,149.9834537882334
2.2470000000014325,149.98342593833064
2.24800000000143,149.98339746286823
2.249000000001428,149.98336907962675
2.2500000000014255,149.9833415824532
2.251000000001423,149.9833158440281
2.252000000001421,149.98329254514988
2.2530000000014185,149.9832722270308
2.254000000001416,149.98325517922933
2.255000000001414,149.9832413703301
2.2560000000014115,149.98323053651933
2.257000000001409,149.98322220616507
2.258000000001407,149.98321575532802
2.2590000000014046,149.98321050011552
2.260000000001402,149.9832057925095
2.2610000000014,149.98320095504502
2.2620000000013976,149.98319548881537
2.2630000000013952,149.98318894415374
2.264000000001393,149.9831810170413
2.2650000000013906,149.98317162602103
2.2660000000013882,149.9831608493856
2.267000000001386,149.98314899325825
2.2680000000013836,149.98313658232652
2.2690000000013812,149.98312433704442
2.270000000001379,149.9831130497224
2.2710000000013766,149.9831035711559
2.2720000000013743,149.98309656757442
2.273000000001372,149.98309255868202
2.2740000000013696,149.98309184362782
2.2750000000013673,149.98309440114554
2.276000000001365,149.9830999544281
2.2770000000013626,149.98310803648593
2.2780000000013603,149.9831180135629
2.279000000001358,149.98312922303433
2.2800000000013556,149.98314104250525
2.2810000000013533,149.9831527829829
2.282000000001351,149.9831639554153
2.2830000000013486,149.98317409817116
2.2840000000013463,149.98318292161218
2.285000000001344,149.98319035814023
2.2860000000013416,149.98319646573788
2.2870000000013393,149.983201541286
2.288000000001337,149.98320608601296
2.2890000000013346,149.98321082307953
2.2900000000013323,149.98321654315725
2.29100000000133,149.9832240752886
2.2920000000013276,149.9832340713068
2.2930000000013253,149.98324702971615
2.294000000001323,149.98326325895493
2.2950000000013207,149.98328274753686
2.2960000000013183,149.98330520576152
2.297000000001316,149.98333017118176
2.2980000000013137,149.9833570005737
2.2990000000013113,149.9833850519184
2.300000000001309,149.98341372758566
2.3010000000013067,149.983442327511
2.3020000000013043,149.9834703722201
2.303000000001302,149.98349738881433
2.3040000000012997,149.98352310138986
2.3050000000012973,149.98354745530153
2.306000000001295,149.98357048916165
2.3070000000012927,149.9835924906816
2.3080000000012904,149.9836139387385
2.309000000001288,149.98363555860678
2.3100000000012857,149.9836581386169
2.3110000000012834,149.98368248709193
2.312000000001281,149.9837092418181
2.3130000000012787,149.98373888131752
2.3140000000012764,149.98377172239682
2.315000000001274,149.98380776239443
2.3160000000012717,149.98384669972236
2.3170000000012694,149.9838880765317
2.318000000001267,149.98393124139744
2.3190000000012647,149.98397557165208
2.3200000000012624,149.98402049296612
2.32100000000126,149.98406529560356
2.3220000000012577,149.9841095095131
2.3230000000012554,149.984152652127
2.324000000001253,149.98419446005948
2.3250000000012507,149.98423489012717
2.3260000000012484,149.98427396338676
2.327000000001246,149.98431195861806
2.3280000000012437,149.98434933429508
2.3290000000012414,149.98438681662887
2.330000000001239,149.98442519037812
2.3310000000012367,149.98446524498195
2.3320000000012344,149.9845076047027
2.333000000001232,149.98455273010603
2.3340000000012298,149.98460094488215
2.3350000000012274,149.98465225371473
2.336000000001225,149.9847063449593
2.3370000000012228,149.98476276554925
2.3380000000012204,149.9848208579298
2.339000000001218,149.9848800170141
2.3400000000012158,149.9849396897821
2.3410000000012134,149.9849991590522
2.342000000001211,149.9850579641565
2.343000000001209,149.98511561522417
2.3440000000012065,149.98517185967893
2.345000000001204,149.98522666381078
2.346000000001202,149.985280033702
2.3470000000011995,149.98533223955855
2.348000000001197,149.9853837221041
2.349000000001195,149.9854352068237
2.3500000000011925,149.98548747323554
2.35100000000119,149.9855412943979
2.352000000001188,149.98559728171253
2.3530000000011855,149.98565588047634
2.354000000001183,149.9857174193143
2.355000000001181,149.98578190835946
2.3560000000011785,149.98584902841836
2.357000000001176,149.98591833148572
2.358000000001174,149.98598915660327
2.3590000000011715,149.98606091408016
2.360000000001169,149.98613306979368
2.361000000001167,149.98620490201833
2.3620000000011645,149.98627595951
2.363000000001162,149.9863457480625
2.36400000000116,149.98641402381196
2.3650000000011575,149.98648076017417
2.366000000001155,149.9865459513978
2.367000000001153,149.98660985959776
2.3680000000011505,149.98667291092985
2.369000000001148,149.98673582810972
2.370000000001146,149.98679938341957
2.3710000000011435,149.9868643365589
2.372000000001141,149.9869312868185
2.373000000001139,149.9870006674087
2.3740000000011365,149.9870728096018
2.375000000001134,149.987147726769
2.376000000001132,149.98722509517984
2.3770000000011295,149.98730447224958
2.378000000001127,149.98738519679802
2.379000000001125,149.98746669205357
2.3800000000011226,149.98754844010443
2.38100000000112,149.9876297180356
2.382000000001118,149.98771008415216
2.3830000000011156,149.98778904328313
2.3840000000011132,149.98786635791498
2.385000000001111,149.98794200600014
2.3860000000011086,149.9880159734928
2.3870000000011062,149.9880885149671
2.388000000001104,149.98816004553052
2.3890000000011016,149.98823128284047
2.3900000000010992,149.98830298975088
2.391000000001097,149.9883759159382
2.3920000000010946,149.98845064940667
2.3930000000010923,149.98852761474612
2.39400000000109,149.98860714337798
2.3950000000010876,149.98868924953976
2.3960000000010853,149.98877360826944
2.397000000001083,149.9888597828075
2.3980000000010806,149.98894711519264
2.3990000000010783,149.98903503893825
2.400000000001076,149.9891230495153
2.4010000000010736,149.98921042644247
2.4020000000010713,149.98929673773037
2.403000000001069,149.98938149081218
2.4040000000010666,149.98946445203595
2.4050000000010643,149.989545601214
2.406000000001062,149.9896249197165
2.4070000000010596,149.9897026551747
2.4080000000010573,149.98977921529834
2.409000000001055,149.98985531029209
2.4100000000010526,149.98993169132825
2.4110000000010503,149.9900091015221
2.412000000001048,149.9900881184282
2.4130000000010456,149.990169161575
2.4140000000010433,149.99025255997518
2.415000000001041,149.99033832631463
2.4160000000010387,149.9904261378187
2.4170000000010363,149.99051556396043
2.418000000001034,149.9906059534863
2.4190000000010317,149.99069674754287
2.4200000000010293,149.99078745216428
2.421000000001027,149.99087735296155
2.4220000000010247,149.9909660278342
2.4230000000010223,149.991052990378
2.42400000000102,149.99113800832058
2.4250000000010177,149.99122106070823
2.4260000000010153,149.9913021280066
2.427000000001013,149.99138145151082
2.4280000000010107,149.99145943511553
2.4290000000010084,149.9915367792094
2.430000000001006,149.99161422109916
2.4310000000010037,149.9916925007372
2.4320000000010014,149.99177218604245
2.433000000000999,149.99185369493205
2.4340000000009967,149.99193735152875
2.4350000000009944,149.99202316464627
2.436000000000992,149.9921108170134
2.4370000000009897,149.99219988472748
2.4380000000009874,149.99228972657824
2.439000000000985,149.99237978881112
2.4400000000009827,149.99246958535184
2.4410000000009804,149.99255841139907
2.442000000000978,149.99264585491937
2.4430000000009757,149.99273143901436
2.4440000000009734,149.99281493044774
2.445000000000971,149.99289630506885
2.4460000000009687,149.99297554588404
2.4470000000009664,149.99305288844758
2.448000000000964,149.9931287361591
2.4490000000009617,149.99320377739204
2.4500000000009594,149.9932787336042
2.451000000000957,149.993354344723
2.4520000000009547,149.99343116980117
2.4530000000009524,149.993509628302
2.45400000000095,149.9935900371802
2.4550000000009478,149.99367239927219
2.4560000000009454,149.99375640585703
2.457000000000943,149.99384163999113
2.4580000000009408,149.99392747351527
2.4590000000009384,149.9940133554801
2.460000000000936,149.99409880529737
2.4610000000009338,149.99418313089907
2.4620000000009314,149.99426593047494
2.463000000000929,149.99434673958993
2.464000000000927,149.99442532195397
2.4650000000009245,149.99450164809716
2.466000000000922,149.99457570660707
2.46700000000092,149.9946477278426
2.4680000000009175,149.99471811761094
2.469000000000915,149.99478755035128
2.470000000000913,149.99485672998605
2.4710000000009105,149.99492639916141
2.472000000000908,149.994997108736
2.473000000000906,149.99506928243636
2.4740000000009035,149.99514322809418
2.475000000000901,149.99521894077478
2.476000000000899,149.99529612292687
2.4770000000008965,149.99537436483055
2.478000000000894,149.9954530538989
2.479000000000892,149.99553164003535
2.4800000000008895,149.99560964611138
2.481000000000887,149.9956863954253
2.482000000000885,149.99576149650414
2.4830000000008825,149.99583449980406
2.48400000000088,149.9959051642441
2.485000000000878,149.99597345332012
2.4860000000008755,149.996039363691
2.487000000000873,149.99610312100737
2.488000000000871,149.9961651358309
2.4890000000008685,149.99622606711867
2.490000000000866,149.9962865999605
2.491000000000864,149.99634748193566
2.4920000000008615,149.9964092562672
2.493000000000859,149.99647235310235
2.494000000000857,149.99653706960297
2.4950000000008545,149.9966033916612
2.496000000000852,149.99667103496648
2.49700000000085,149.99673959719232
2.4980000000008475,149.99680848324644
2.499000000000845,149.99687714235577
2.500000000000843,149.99694509927772
2.5010000000008406,149.99701169468335
2.502000000000838,149.9970765475015
2.503000000000836,149.99713922486472
2.5040000000008336,149.99719947958584
2.5050000000008312,149.99725726689115
2.506000000000829,149.99731259334945
2.5070000000008266,149.99736568030343
2.5080000000008242,149.99741694477257
2.509000000000822,149.99746702912893
2.5100000000008196,149.99751659877847
2.5110000000008172,149.99756640782408
2.512000000000815,149.99761699229342
2.5130000000008126,149.99766879025742
2.5140000000008103,149.99772208712983
2.515000000000808,149.99777685868
2.5160000000008056,149.99783283527762
2.5170000000008033,149.997889622053
2.518000000000801,149.9979466426576
2.5190000000007986,149.99800334459115
2.5200000000007963,149.99805925341775
2.521000000000794,149.99811372848856
2.5220000000007916,149.99816639912896
2.5230000000007893,149.99821685023394
2.524000000000787,149.9982648276668
2.5250000000007846,149.99831027766598
2.5260000000007823,149.99835321783112
2.52700000000078,149.99839386550423
2.5280000000007776,149.99843264517006
2.5290000000007753,149.99847018199733
2.530000000000773,149.99850712132755
2.5310000000007706,149.99854422472484
2.5320000000007683,149.99858202130906
2.533000000000766,149.99862095789769
2.5340000000007636,149.998661307587
2.5350000000007613,149.99870303553902
2.536000000000759,149.998745887566
2.5370000000007566,149.99878947621644
2.5380000000007543,149.99883324441927
2.539000000000752,149.99887663739122
2.5400000000007497,149.99891918096182
2.5410000000007473,149.99896025371098
2.542000000000745,149.9989994953048
2.5430000000007427,149.9990365087542
2.5440000000007403,149.99907103261228
2.545000000000738,149.999103003942
2.5460000000007357,149.99913245175966
2.5470000000007333,149.99915958961648
2.548000000000731,149.99918484976237
2.5490000000007287,149.99920884004172
2.5500000000007264,149.99923218582663
2.551000000000724,149.99925565640928
2.5520000000007217,149.99927977415322
2.5530000000007194,149.99930499475067
2.554000000000717,149.99933157891985
2.5550000000007147,149.99935948120944
2.5560000000007124,149.9993884629485
2.55700000000071,149.99941814396243
2.5580000000007077,149.99944798628687
2.5590000000007054,149.99947743279827
2.560000000000703,149.99950600955725
2.5610000000007007,149.99953311419907
2.5620000000006984,149.9995583965953
2.563000000000696,149.99958147752204
2.5640000000006937,149.9996020883441
2.5650000000006914,149.99962015726388
2.566000000000689,149.99963572439628
2.5670000000006867,149.99964899960847
2.5680000000006844,149.99966042253354
2.569000000000682,149.99967058405173
2.5700000000006797,149.99968009013213
2.5710000000006774,149.9996897173933
2.572000000000675,149.99969998147634
2.5730000000006727,149.99971134641962
2.5740000000006704,149.99972406098203
2.575000000000668,149.99973806954125
2.5760000000006658,149.99975314837977
2.5770000000006634,149.99976892434807
2.578000000000661,149.9997848777654
2.5790000000006588,149.99980044957752
2.5800000000006564,149.9998151665114
2.581000000000654,149.9998284444028
2.5820000000006518,149.99983994313507
2.5830000000006494,149.999849300243
2.584000000000647,149.99985624046667
2.585000000000645,149.99986068393673
2.5860000000006425,149.99986268088
2.58700000000064,149.99986243750223
2.588000000000638,149.99986039982383
2.5890000000006355,149.99985714256493
2.590000000000633,149.9998532532541
2.591000000000631,149.99984951487565
2.5920000000006285,149.99984643624285
2.593000000000626,149.99984448862986
2.594000000000624,149.99984390970252
2.5950000000006215,149.99984463450193
2.596000000000619,149.99984645310812
2.597000000000617,149.9998489990785
2.5980000000006145,149.99985176959902
2.599000000000612,149.99985420450034
2.60000000000061,149.9998558320522
2.6010000000006075,149.99985608481265
2.602000000000605,149.9998546324363
2.603000000000603,149.99985112764577
2.6040000000006005,149.99984528950648
2.605000000000598,149.99983703125616
2.606000000000596,149.99982641169802
2.6070000000005935,149.9998136333085
2.608000000000591,149.9997991469792
2.609000000000589,149.9997835124547
2.6100000000005865,149.99976730013194
2.611000000000584,149.9997512978978
2.612000000000582,149.99973600754035
2.6130000000005795,149.999721905968
2.614000000000577,149.99970922098504
2.615000000000575,149.99969787946443
2.6160000000005725,149.9996876836458
2.61700000000057,149.99967827339773
2.618000000000568,149.99966916088624
2.6190000000005655,149.99965978598877
2.620000000000563,149.99964967972102
2.621000000000561,149.99963828939954
2.6220000000005586,149.99962529416322
2.623000000000556,149.9996103598996
2.624000000000554,149.9995932012639
2.6250000000005516,149.99957372609424
2.6260000000005492,149.99955199978425
2.627000000000547,149.999528220947
2.6280000000005446,149.99950284342302
2.6290000000005422,149.99947641346884
2.63000000000054,149.99944948592318
2.6310000000005376,149.99942285172847
2.6320000000005352,149.999397005377
2.633000000000533,149.99937242743545
2.6340000000005306,149.99934933736375
2.6350000000005283,149.9993276552873
2.636000000000526,149.99930719358719
2.6370000000005236,149.999287598011
2.6380000000005213,149.9992683934601
2.639000000000519,149.99924902126943
2.6400000000005166,149.99922901666247
2.6410000000005143,149.99920783938353
2.642000000000512,149.9991851777354
2.6430000000005096,149.9991607084263
2.6440000000005073,149.99913414319428
2.645000000000505,149.99910538619002
2.6460000000005026,149.99907450709512
2.6470000000005003,149.99904170048043
2.648000000000498,149.99900742093183
2.6490000000004956,149.99897220291672
2.6500000000004933,149.99893658746814
2.651000000000491,149.99890136647537
2.6520000000004886,149.99886702681113
2.6530000000004863,149.99883405048777
2.654000000000484,149.9988026503295
2.6550000000004816,149.9987727412888
2.6560000000004793,149.9987441436367
2.657000000000477,149.99871650852995
2.6580000000004746,149.9986893711465
2.6590000000004723,149.99866217585267
2.66000000000047,149.9986344636913
2.6610000000004677,149.99860570427373
2.6620000000004653,149.99857559473804
2.663000000000463,149.9985438200851
2.6640000000004607,149.99851009075977
2.6650000000004583,149.99847430905643
2.666000000000456,149.99843654646966
2.6670000000004537,149.99839699331315
2.6680000000004513,149.99835610258177
2.669000000000449,149.99831439877156
2.6700000000004467,149.99827241093485
2.6710000000004444,149.99823092968288
2.672000000000442,149.99819043391284
2.6730000000004397,149.99815140476153
2.6740000000004374,149.99811405021882
2.675000000000435,149.99807828171342
2.6760000000004327,149.99804392503506
2.6770000000004304,149.99801063628507
2.678000000000428,149.9979779583778
2.6790000000004257,149.99794534034828
2.6800000000004234,149.99791233072068
2.681000000000421,149.99787840633883
2.6820000000004187,149.9978432728335
2.6830000000004164,149.99780662093295
2.684000000000414,149.9977681614581
2.6850000000004117,149.99772779668584
2.6860000000004094,149.99768559742145
2.687000000000407,149.99764174949635
2.6880000000004047,149.99759670197164
2.6890000000004024,149.99755097120894
2.6900000000004,149.99750507610017
2.6910000000003977,149.99745980374152
2.6920000000003954,149.9974156247135
2.693000000000393,149.99737301697948
2.6940000000003907,149.9973321854907
2.6950000000003884,149.997293039782
2.696000000000386,149.99725540880416
2.6970000000003838,149.9972189531572
2.6980000000003814,149.99718322100583
2.699000000000379,149.99714766765752
2.7000000000003768,149.9971118507426
2.7010000000003744,149.99707525175336
2.702000000000372,149.9970375844889
2.7030000000003698,149.99699854293087
2.7040000000003674,149.99695783989404
2.705000000000365,149.996915379398
2.706000000000363,149.99687122916032
2.7070000000003605,149.99682557030485
2.708000000000358,149.99677884574297
2.709000000000356,149.9967315654721
2.7100000000003535,149.99668423994024
2.711000000000351,149.9966376506289
2.712000000000349,149.99659225947428
2.7130000000003465,149.9965485391166
2.714000000000344,149.99650669317109
2.715000000000342,149.99646663079756
2.7160000000003395,149.99642818190094
2.717000000000337,149.9963910111644
2.718000000000335,149.99635466969377
2.7190000000003325,149.99631862055844
2.72000000000033,149.99628243198802
2.721000000000328,149.99624558772092
2.7220000000003255,149.99620780942496
2.723000000000323,149.99616879207287
2.724000000000321,149.99612825195805
2.7250000000003185,149.99608609643806
2.726000000000316,149.99604238797215
2.727000000000314,149.99599730277347
2.7280000000003115,149.9959512756235
2.729000000000309,149.99590481177373
2.730000000000307,149.99585841477005
2.7310000000003045,149.99581285860597
2.732000000000302,149.9957685962959
2.7330000000003,149.99572609326157
2.7340000000002975,149.9956855533073
2.735000000000295,149.99564688656938
2.736000000000293,149.9956099219294
2.7370000000002905,149.99557432779852
2.738000000000288,149.99553965619828
2.739000000000286,149.9955053792575
2.7400000000002835,149.99547107708793
2.741000000000281,149.99543623357343
2.742000000000279,149.9954005779764
2.7430000000002766,149.99536380431644
2.744000000000274,149.99532563365088
2.745000000000272,149.99528597803254
2.7460000000002696,149.99524489280802
2.7470000000002672,149.99520254911585
2.748000000000265,149.9951593719565
2.7490000000002626,149.9951158632324
2.7500000000002602,149.99507252090143
2.751000000000258,149.9950301099091
2.7520000000002556,149.99498907413553
2.7530000000002532,149.99494987022692
2.754000000000251,149.9949127034622
2.7550000000002486,149.99487748606586
2.7560000000002463,149.9948440442598
2.757000000000244,149.9948120498857
2.7580000000002416,149.99478105421665
2.7590000000002393,149.99475053948933
2.760000000000237,149.9947200987218
2.7610000000002346,149.9946892142158
2.7620000000002323,149.99465762259968
2.76300000000023,149.99462501538355
2.7640000000002276,149.9945911194198
2.7650000000002253,149.99455585252105
2.766000000000223,149.994519261475
2.7670000000002206,149.99448151222393
2.7680000000002183,149.9944430187318
2.769000000000216,149.99440428068226
2.7700000000002136,149.99436579147095
2.7710000000002113,149.99432830582174
2.772000000000209,149.99429225834368
2.7730000000002066,149.9942580957497
2.7740000000002043,149.99422602578974
2.775000000000202,149.99419596361597
2.7760000000001996,149.9941677315405
2.7770000000001973,149.99414100461212
2.778000000000195,149.99411533211662
2.7790000000001926,149.99409020715603
2.7800000000001903,149.99406523636722
2.781000000000188,149.99403989918792
2.7820000000001857,149.99401393942284
2.7830000000001833,149.99398704496335
2.784000000000181,149.99395894919533
2.7850000000001787,149.99392957643158
2.7860000000001763,149.9938989639032
2.787000000000174,149.99386727228773
2.7880000000001717,149.9938349036993
2.7890000000001693,149.99380235642454
2.790000000000167,149.99377012001761
2.7910000000001647,149.99373893823062
2.7920000000001624,149.99370923634558
2.79300000000016,149.99368145041785
2.7940000000001577,149.99365579134698
2.7950000000001554,149.9936321777559
2.796000000000153,149.99361042722353
2.7970000000001507,149.99359021785776
2.7980000000001484,149.99357109617216
2.799000000000146,149.99355256657333
2.8000000000001437,149.99353424971312
2.8010000000001414,149.99351562134436
2.802000000000139,149.99349643231324
2.8030000000001367,149.99347636624645
2.8040000000001344,149.99345516349018
2.805000000000132,149.99343275525897
2.8060000000001297,149.9934091687003
2.8070000000001274,149.99338455922
2.808000000000125,149.99335931672007
2.8090000000001227,149.9933339385907
2.8100000000001204,149.99330891095272
2.811000000000118,149.99328496626674
2.8120000000001157,149.99326252051802
2.8130000000001134,149.99324199883102
2.814000000000111,149.99322361560507
2.8150000000001087,149.9932072931644
2.8160000000001064,149.9931928439802
2.817000000000104,149.99317994913963
2.8180000000001018,149.99316815205796
2.8190000000000994,149.99315696856982
2.820000000000097,149.99314603339852
2.8210000000000948,149.99313481827645
2.8220000000000924,149.99312308099866
2.82300000000009,149.9931105007479
2.8240000000000878,149.99309682494592
2.8250000000000854,149.99308199177355
2.826000000000083,149.99306601823514
2.827000000000081,149.9930490545142
2.8280000000000785,149.99303147838495
2.829000000000076,149.99301378652424
2.830000000000074,149.9929964617215
2.8310000000000715,149.99298022524513
2.832000000000069,149.99296548390313
2.833000000000067,149.9929526520409
2.8340000000000645,149.99294194758448
2.835000000000062,149.99293329650789
2.83600000000006,149.99292650620887
2.8370000000000575,149.99292126075417
2.838000000000055,149.99291710057113
2.839000000000053,149.99291355273536
2.8400000000000505,149.99291026579206
2.841000000000048,149.99290670757134
2.842000000000046,149.99290264276488
2.8430000000000435,149.9928977463701
2.844000000000041,149.9928917727056
2.845000000000039,149.99288466666727
2.8460000000000365,149.9928764354982
2.847000000000034,149.9928672242604
2.848000000000032,149.99285739909797
2.8490000000000295,149.99284745585956
2.850000000000027,149.99283787381304
2.851000000000025,149.99282936354155
2.8520000000000225,149.99282232285725
2.85300000000002,149.99281715587702
2.854000000000018,149.99281408378653
2.8550000000000155,149.99281303587543
2.856000000000013,149.99281381491113
2.857000000000011,149.99281610799125
2.8580000000000085,149.9928194530631
2.859000000000006,149.99282338798045
2.860000000000004,149.9928275745777
2.8610000000000015,149.99283147730463
2.861999999999999,149.99276804763855
2.862999999999997,149.99233773519302
2.8639999999999946,149.9925169825965
2.864999999999992,149.992244427633
2.86599999999999,149.99203175900243
2.8669999999999876,149.9921865485455
2.8679999999999852,149.99177843541213
2.868999999999983,149.99178524477196
2.8699999999999806,149.99173331016087
2.8709999999999782,149.99156974456625
2.871999999999976,149.99139192706895
2.8729999999999736,149.99159397348208
2.8739999999999712,149.99119878075606
2.874999999999969,149.9912670841729
2.8759999999999666,149.99128647860442
2.8769999999999643,149.99094872958588
2.877999999999962,149.99118362969455
2.8789999999999596,149.99101295188623
2.8799999999999573,149.99091006998495
2.880999999999955,149.99092765068565
2.8819999999999526,149.9910349307105
2.8829999999999503,149.99113671421273
2.883999999999948,149.99123305925028
2.8849999999999456,149.99132412561255
2.8859999999999433,149.9914101116389
2.886999999999941,149.9914913652133
2.8879999999999386,149.9915684723786
2.8889999999999363,149.9916419970291
2.889999999999934,149.99171269169932
2.8909999999999316,149.99178136430672
2.8919999999999293,149.9918485329528
2.892999999999927,149.9919148141522
2.8939999999999246,149.9919804609264
2.8949999999999223,149.99204559936427
2.89599999999992,149.9921101491167
2.8969999999999176,149.99217391062197
2.8979999999999153,149.9922365092394
2.898999999999913,149.99229765494846
2.8999999999999106,149.992357063186
2.9009999999999083,149.99241432555564
2.901999999999906,149.99246933012927
2.9029999999999037,149.9925217691318
2.9039999999999013,149.99257153414987
2.904999999999899,149.99261863986635
2.9059999999998967,149.99266312733698
2.9069999999998943,149.99270519889683
2.907999999999892,149.99274530205798
2.9089999999998897,149.99278386259655
2.9099999999998873,149.99282151291294
2.910999999999885,149.9928589389204
2.9119999999998827,149.9928965430799
2.9129999999998804,149.9929348387212
2.913999999999878,149.9929739786427
2.9149999999998757,149.99301400281357
2.9159999999998734,149.99305474683857
2.916999999999871,149.99309593651196
2.9179999999998687,149.9931371271887
2.9189999999998664,149.9931779663091
2.919999999999864,149.99321811395416
2.9209999999998617,149.99325710518931
2.9219999999998594,149.99329478044956
2.922999999999857,149.99333078250638
2.9239999999998547,149.99336495747002
2.9249999999998524,149.9933972767866
2.92599999999985,149.9934277371553
2.9269999999998477,149.9934564975367
2.9279999999998454,149.99348396513048
2.928999999999843,149.99351052401937
2.9299999999998407,149.9935367677439
2.9309999999998384,149.99356334713087
2.931999999999836,149.99359062799996
2.9329999999998337,149.99361909419866
2.9339999999998314,149.9936488697619
2.934999999999829,149.9936799694605
2.9359999999998267,149.99371220748796
2.9369999999998244,149.99374529155037
2.937999999999822,149.99377875949105
2.9389999999998198,149.99381224570175
2.9399999999998174,149.99384539773067
2.940999999999815,149.99387773678123
2.9419999999998128,149.99390909361438
2.9429999999998104,149.99393909662209
2.943999999999808,149.99396757916764
2.9449999999998058,149.9939944982123
2.9459999999998034,149.99401983437613
2.946999999999801,149.9940437290781
2.947999999999799,149.9940665730306
2.9489999999997965,149.99408873135053
2.949999999999794,149.9941107787787
2.950999999999792,149.99413335080664
2.9519999999997895,149.99415679485057
2.952999999999787,149.9941815822712
2.953999999999785,149.99420782466348
2.9549999999997825,149.99423552580953
2.95599999999978,149.99426449298983
2.956999999999778,149.99429442897338
2.9579999999997755,149.99432486666473
2.958999999999773,149.99435543961474
2.959999999999771,149.99438579307113
2.9609999999997685,149.99441544545732
2.961999999999766,149.99444422785916
2.962999999999764,149.99447176386963
2.9639999999997615,149.99449788379675
2.964999999999759,149.99452253774382
2.965999999999757,149.99454569909514
2.9669999999997545,149.99456749976594
2.967999999999752,149.9945883215521
2.96899999999975,149.99460851859703
2.9699999999997475,149.99462865259892
2.970999999999745,149.99464935098655
2.971999999999743,149.99467094922022
2.9729999999997405,149.99469391225992
2.973999999999738,149.99471834580945
2.974999999999736,149.9947442468363
2.9759999999997335,149.99477142173097
2.976999999999731,149.9947995733593
2.977999999999729,149.99482823458305
2.9789999999997265,149.9948570434846
2.979999999999724,149.9948856459397
2.980999999999722,149.99491356267032
2.9819999999997195,149.994940629146
2.982999999999717,149.9949664681779
2.983999999999715,149.9949909116503
2.9849999999997125,149.99501390493876
2.98599999999971,149.99503541859713
2.986999999999708,149.99505557855215
2.9879999999997056,149.9950747610244
2.9889999999997032,149.99509331329838
2.989999999999701,149.99511178556185
2.9909999999996986,149.99513080097685
2.9919999999996962,149.99515068601374
2.992999999999694,149.99517190195482
2.9939999999996916,149.99519455210486
2.9949999999996892,149.99521862750754
2.995999999999687,149.99524393687628
2.9969999999996846,149.99527018544848
2.9979999999996823,149.99529690825383
2.99899999999968,149.995323750783
2.9999999999996776,149.99534963157404
3.0009999999996753,150.0349531447804
3.001999999999673,150.50156954445043
3.0029999999996706,151.56168621629246
3.0039999999996683,153.14662042160793
3.004999999999666,155.0174468836851
3.0059999999996636,156.88717840104076
3.0069999999996613,158.60893754913891
3.007999999999659,160.20196654362366
3.0089999999996566,161.81190157623618
3.0099999999996543,163.62609180881685
3.010999999999652,165.8200142464178
3.0119999999996496,168.4762601409154
3.0129999999996473,171.54795364630215
3.013999999999645,174.87380935621997
3.0149999999996426,178.24468555147837
3.0159999999996403,181.44441532396826
3.016999999999638,184.37941341582237
3.0179999999996356,187.13598712965455
3.0189999999996333,189.8592104844232
3.019999999999631,192.6915065998308
3.0209999999996286,195.7407638713524
3.0219999999996263,198.86811158491201
3.022999999999624,201.91221578424177
3.0239999999996217,204.74480927495816
3.0249999999996193,207.30995045450797
3.025999999999617,209.59373781042734
3.0269999999996147,211.6384676169515
3.0279999999996123,213.59033853520893
3.02899999999961,215.53535698857505
3.0299999999996077,217.46852211383498
3.0309999999996053,219.34679734455096
3.031999999999603,221.12408876122618
3.0329999999996007,222.75716984505164
3.0339999999995984,224.20297098095176
3.034999999999596,225.42851549721223
3.0359999999995937,226.42168586376843
3.0369999999995914,227.23808731799923
3.037999999999589,228.0364032091154
3.0389999999995867,228.90920007024806
3.0399999999995844,229.84232898238432
3.040999999999582,230.78711496049934
3.0419999999995797,231.6875830187765
3.0429999999995774,232.4909230217763
3.043999999999575,233.14916600541187
3.0449999999995727,233.62453944360516
3.0459999999995704,233.9020359375172
3.046999999999568,234.0389659346019
3.0479999999995657,234.20147798189717
3.0489999999995634,234.48698105628452
3.049999999999561,234.8787947705253
3.0509999999995587,235.32346538910377
3.0519999999995564,235.76026593751556
3.052999999999554,236.13121712578956
3.0539999999995517,236.38505550120738
3.0549999999995494,236.4807513440938
3.055999999999547,236.40072917852683
3.0569999999995447,236.2001223276357
3.0579999999995424,236.04721131975538
3.05899999999954,236.0426046598612
3.0599999999995378,236.16800332993782
3.0609999999995354,236.36722637159968
3.061999999999533,236.57682614950386
3.0629999999995308,236.73695494716503
3.0639999999995284,236.7952667912736
3.064999999999526,236.7098433119477
3.0659999999995238,236.4619459538244
3.0669999999995214,236.1035980356731
3.067999999999519,235.80246768211748
3.068999999999517,235.66225586666016
3.0699999999995145,235.6645334738415
3.070999999999512,235.75203536348127
3.07199999999951,235.86057193435704
3.0729999999995075,235.92988916819246
3.073999999999505,235.9077254753594
3.074999999999503,235.75200380114978
3.0759999999995005,235.44240404893736
3.076999999999498,235.0258101220785
3.077999999999496,234.66645072108486
3.0789999999994935,234.47124414722634
3.079999999999491,234.42249403238995
3.080999999999489,234.46289238277308
3.0819999999994865,234.52837686341073
3.082999999999484,234.5596613061763
3.083999999999482,234.50563147744396
3.0849999999994795,234.32504095271494
3.085999999999477,233.9969417885407
3.086999999999475,233.56323016066585
3.0879999999994725,233.1832874250969
3.08899999999947,232.96662986097311
3.089999999999468,232.89682699800858
3.0909999999994655,232.91712301546238
3.091999999999463,232.96460240937776
3.092999999999461,232.98131367437495
3.0939999999994585,232.91777951470743
3.094999999999456,232.7337519907273
3.095999999999454,232.4072053977337
3.0969999999994515,231.9737849000627
3.097999999999449,231.58637090260967
3.098999999999447,231.35805575166202
3.0999999999994445,231.2746174457532
3.100999999999442,231.28049359838283
3.10199999999944,231.3140145166676
3.1029999999994375,231.31916942254367
3.103999999999435,231.24830734299874
3.104999999999433,231.06247268558928
3.1059999999994305,230.73919066394387
3.106999999999428,230.3085624796462
3.107999999999426,229.9167192356454
3.1089999999994236,229.65757931269778
3.1099999999994212,229.40008723979082
3.110999999999419,228.97253304723074
3.1119999999994166,228.23774908453322
3.1129999999994142,227.12801239682705
3.113999999999412,225.68075705155144
3.1149999999994096,224.01645161078707
3.1159999999994072,222.3243624959418
3.116999999999405,220.75122432279815
3.1179999999994026,219.33736568061838
3.1189999999994003,218.01151350262543
3.119999999999398,216.6078709735636
3.1209999999993956,214.9202442068264
3.1219999999993933,212.76130076143312
3.122999999999391,210.02129345560684
3.1239999999993886,206.73798036311024
3.1249999999993863,203.07042595414657
3.125999999999384,199.3091419806669
3.1269999999993816,195.69176611419303
3.1279999999993793,192.29470619612823
3.128999999999377,189.04942695317848
3.1299999999993746,185.9530266725146
3.1309999999993723,183.02157555296642
3.13199999999937,180.24010372082373
3.1329999999993676,177.60070703139894
3.1339999999993653,175.09130714071804
3.134999999999363,172.70449759623008
3.1359999999993606,170.4325625556524
3.1369999999993583,168.2679207216596
3.137999999999356,166.20382756558584
3.1389999999993536,164.23396271391843
3.1399999999993513,162.3525293047934
3.140999999999349,160.55498072707098
3.1419999999993466,158.83702432467499
3.1429999999993443,157.19538853995667
3.143999999999342,155.62687989180563
3.1449999999993397,154.12864090170228
3.1459999999993373,152.698214379154
3.146999999999335,151.33319606977065
3.1479999999993327,150.03114316840905
3.1489999999993303,148.7896355432789
3.149999999999328,147.6059117654515
3.1509999999993257,146.47732894783204
3.1519999999993233,145.40096269337369
3.152999999999321,144.37395672953622
3.1539999999993187,143.39338801603085
3.1549999999993164,142.45629588967452
3.155999999999314,141.55998593107162
3.1569999999993117,140.70189345715818
3.1579999999993094,139.87973535585633
3.158999999999307,139.09158748669083
3.1599999999993047,138.3355120316333
3.1609999999993024,137.61021636047136
3.1619999999993,136.91448540584278
3.1629999999992977,136.24741308339478
3.1639999999992954,135.60827922645697
3.164999999999293,134.99630348346676
3.1659999999992907,134.4109463491912
3.1669999999992884,133.85163265845765
3.167999999999286,133.31768837724482
3.1689999999992837,132.80841962571034
3.1699999999992814,132.32297042085037
3.170999999999279,131.86041882718976
3.1719999999992767,131.41976193330055
3.1729999999992744,130.9999040055584
3.173999999999272,130.5997305310566
3.1749999999992697,130.2180965983902
3.1759999999992674,129.85393059628933
3.176999999999265,129.50619694967182
3.1779999999992627,129.1740050060255
3.1789999999992604,128.85657462964264
3.179999999999258,128.55319637029547
3.1809999999992558,128.2633917653083
3.1819999999992534,127.98674395566835
3.182999999999251,127.72297438917978
3.1839999999992488,127.47187364178187
3.1849999999992464,127.23327889444478
3.185999999999244,127.00705349293192
3.1869999999992418,126.79307677323023
3.1879999999992394,126.591152844767
3.188999999999237,126.40103804975715
3.189999999999235,126.22251273998296
3.1909999999992325,126.05517986037454
3.19199999999923,125.89864475271636
3.192999999999228,125.7524363829249
3.1939999999992255,125.6160174857441
3.194999999999223,125.48895796967803
3.195999999999221,125.37072258977182
3.1969999999992185,125.26081620353594
3.197999999999216,125.15883090163624
3.198999999999214,125.0643446734562
3.1999999999992115,124.97712496985245
3.200999999999209,124.89691729215335
3.201999999999207,124.82354005976019
3.2029999999992045,124.75689350435682
3.203999999999202,124.6968617896795
3.2049999999992,124.6435189854345
3.2059999999991975,124.59678766164342
3.206999999999195,124.55666683803666
3.207999999999193,124.52309718131002
3.2089999999991905,124.49594384976055
3.209999999999188,124.47525910310799
3.210999999999186,124.46080714806871
3.2119999999991835,124.45241790269009
3.212999999999181,124.44986734689509
3.213999999999179,124.45282271649427
3.2149999999991765,124.46120035660282
3.215999999999174,124.4746642002012
3.216999999999172,124.49294859590994
3.2179999999991695,124.51585015951457
3.218999999999167,124.54307509531537
3.219999999999165,124.57464168567718
3.2209999999991625,124.61036011889061
3.22199999999916,124.65014181637216
3.222999999999158,124.69395005859285
3.2239999999991555,124.74167049376516
3.224999999999153,124.79350670150339
3.225999999999151,124.8493620568011
3.2269999999991485,124.90926522175073
3.227999999999146,124.97319484811361
3.228999999999144,125.04102205935955
3.2299999999991416,125.11294049469463
3.2309999999991392,125.18875044091426
3.231999999999137,125.26836785629595
3.2329999999991346,125.35167155076402
3.2339999999991322,125.43839657153045
3.23499999999913,125.52865094817825
3.2359999999991276,125.62217185269363
3.2369999999991252,125.71880178453365
3.237999999999123,125.81843508006547
3.2389999999991206,125.92082522444736
3.2399999999991183,126.0261449358949
3.240999999999116,126.13421921311061
3.2419999999991136,126.24500431632235
3.2429999999991113,126.35848974765382
3.243999999999109,126.47454167020935
3.2449999999991066,126.59344648286373
3.2459999999991043,126.71507173157289
3.246999999999102,126.83944636471496
3.2479999999990996,126.96655234013167
3.2489999999990973,127.09623442184193
3.249999999999095,127.22876386874779
3.2509999999990926,127.36393091293456
3.2519999999990903,127.5016787752047
3.252999999999088,127.64192550277282
3.2539999999990856,127.78441907809835
3.2549999999990833,127.9293770585866
3.255999999999081,128.07655786295953
3.2569999999990786,128.22585591920446
3.2579999999990763,128.3772137532822
3.258999999999074,128.53040054851965
3.2599999999990716,128.68568658120773
3.2609999999990693,128.842895601347
3.261999999999067,129.0020072681981
3.2629999999990646,129.16302247983572
3.2639999999990623,129.32578686341014
3.26499999999906,129.49063873408898
3.2659999999990577,129.65741202214133
3.2669999999990553,129.8261261936529
3.267999999999053,129.99675416166846
3.2689999999990507,130.16910930859973
3.2699999999990483,130.34350205607146
3.270999999999046,130.51969983810415
3.2719999999990437,130.69764836098352
3.2729999999990413,130.87727648936303
3.273999999999039,131.05832675651624
3.2749999999990367,131.2410758928648
3.2759999999990344,131.42528510008398
3.276999999999032,131.61087382098003
3.2779999999990297,131.79780893811719
3.2789999999990274,131.9858658964645
3.279999999999025,132.17537279849753
3.2809999999990227,132.36615092987995
3.2819999999990204,132.55819322266026
3.282999999999018,132.75150625401648
3.2839999999990157,132.94592227647092
3.2849999999990134,133.14180677654255
3.285999999999011,133.33897019084694
3.2869999999990087,133.53742111395889
3.2879999999990064,133.73712094218058
3.288999999999004,133.93785917878134
3.2899999999990017,134.1399587021304
3.2909999999989994,134.34316736676996
3.291999999998997,134.54742507410805
3.2929999999989947,134.75266037168086
3.2939999999989924,134.95860998668275
3.29499999999899,135.16557562227743
3.2959999999989877,135.37331968069935
3.2969999999989854,135.5817746514922
3.297999999998983,135.79092113293402
3.2989999999989807,136.00054259762305
3.2999999999989784,136.2109944593113
3.300999999998976,136.42210172482865
3.3019999999989738,136.6338661641572
3.3029999999989714,136.8462987329819
3.303999999998969,137.05922902805892
3.3049999999989668,137.2730281158026
3.3059999999989644,137.48749619655007
3.306999999998962,137.70263315748747
3.3079999999989598,137.91839065889081
3.3089999999989574,138.13454707625027
3.309999999998955,138.3514169051986
3.310999999998953,138.56873874821005
3.3119999999989505,138.78644617929675
3.312999999998948,139.00446460493825
3.313999999998946,139.22253295368353
3.3149999999989435,139.44095244068387
3.315999999998941,139.65949310349652
3.316999999998939,139.87809599402038
3.3179999999989365,140.096751420838
3.318999999998934,140.31525778906476
3.319999999998932,140.53397284860068
3.3209999999989295,140.75273461730922
3.321999999998927,140.97155192281812
3.322999999998925,141.19044065240533
3.3239999999989225,141.40923924102395
3.32499999999892,141.62830484919226
3.325999999998918,141.8474410442549
3.3269999999989155,142.06664222150576
3.327999999998913,142.28585344643648
3.328999999998911,142.50485593070871
3.3299999999989085,142.7239383489422
3.330999999998906,142.94284263082122
3.331999999998904,143.16149871150884
3.3329999999989015,143.3798296510772
3.333999999998899,143.59758756769892
3.334999999998897,143.8150530491591
3.3359999999988945,144.03201319056237
3.336999999998892,144.2484165565791
3.33799999999889,144.46426219543923
3.3389999999988875,144.67937189095352
3.339999999998885,144.89408475040753
3.340999999998883,145.10826153993972
3.3419999999988805,145.32191735721753
3.342999999998878,145.53507402829027
3.343999999998876,145.74758939194666
3.3449999999988735,145.95978934887964
3.345999999998871,146.17149316053678
3.346999999998869,146.38269282267407
3.3479999999988665,146.5933299667654
3.348999999998864,146.80320162527912
3.349999999998862,147.01255599904022
3.3509999999988596,147.22115056534156
3.3519999999988572,147.42891526684437
3.352999999998855,147.6357729134213
3.3539999999988526,147.84149981932134
3.3549999999988502,148.04633987509195
3.355999999998848,148.25010681583325
3.3569999999988456,148.45275701052705
3.3579999999988432,148.6542984259204
3.358999999998841,148.85458412365512
3.3599999999988386,149.05391723697315
3.3609999999988363,149.2521898669715
3.361999999998834,149.44942278738304
3.3629999999988316,149.6456445585906
3.3639999999988293,149.8407410782914
3.364999999998827,150.03499233216982
3.3659999999988246,150.2282434306521
3.3669999999988223,150.42048650021482
3.36799999999882,150.61166241905983
3.3689999999988176,150.8015948962016
3.3699999999988153,150.9904800365366
3.370999999998813,151.17810135960147
3.3719999999988106,151.36439238531509
3.3729999999988083,151.54927801331561
3.373999999998806,151.7325681768283
3.3749999999988036,151.91445785668947
3.3759999999988013,152.09479560400163
3.376999999998799,152.2735462076151
3.3779999999987966,152.4507269489214
3.3789999999987943,152.62622834790747
3.379999999998792,152.80030406830528
3.3809999999987896,152.97288405455365
3.3819999999987873,153.14399403861447
3.382999999998785,153.31366963922764
3.3839999999987826,153.48183102985533
3.3849999999987803,153.64870101234396
3.385999999998778,153.8141580619334
3.3869999999987757,153.97819630958782
3.3879999999987733,154.14075797257868
3.388999999998771,154.30170158620038
3.3899999999987687,154.46116305061807
3.3909999999987663,154.6189600027256
3.391999999998764,154.77503259140494
3.3929999999987617,154.92930994454994
3.3939999999987593,155.0816426148242
3.394999999998757,155.23216846270566
3.3959999999987547,155.38077678208688
3.3969999999987524,155.52744125831848
3.39799999999875,155.6721886647416
3.3989999999987477,155.814950830387
3.3999999999987454,155.95592258944714
3.400999999998743,156.0950756652161
3.4019999999987407,156.232439823693
3.4029999999987384,156.36805753312726
3.403999999998736,156.50188678927475
3.4049999999987337,156.63408587132423
3.4059999999987314,156.7645712985851
3.406999999998729,156.8933404619285
3.4079999999987267,157.02033846227846
3.4089999999987244,157.14546386327342
3.409999999998722,157.2687881450025
3.4109999999987197,157.39016840701544
3.4119999999987174,157.50955378948234
3.412999999998715,157.62687941433956
3.4139999999987127,157.74204064673296
3.4149999999987104,157.85511414767902
3.415999999998708,157.9660332320456
3.4169999999987057,158.0747806277858
3.4179999999987034,158.1813923733116
3.418999999998701,158.28584288231198
3.4199999999986987,158.38826310793723
3.4209999999986964,158.48866772798067
3.421999999998694,158.5870894304912
3.4229999999986918,158.6835768217536
3.4239999999986894,158.7781265806444
3.424999999998687,158.87082932416524
3.4259999999986848,158.96164145857247
3.4269999999986824,159.05056434867566
3.42799999999868,159.13754705514867
3.4289999999986778,159.2225304121719
3.4299999999986754,159.3055212824384
3.430999999998673,159.38641878167232
3.431999999998671,159.46518266404271
3.4329999999986685,159.54175538059104
3.433999999998666,159.61607841138954
3.434999999998664,159.688167212339
3.4359999999986615,159.75799965205437
3.436999999998659,159.82556725509696
3.437999999998657,159.89091463809686
3.4389999999986545,159.95405751651973
3.439999999998652,160.01506215994425
3.44099999999865,160.07398467095607
3.4419999999986475,160.13085941550952
3.442999999998645,160.1857399977617
3.443999999998643,160.23866011629386
3.4449999999986405,160.28964374129876
3.445999999998638,160.3386863377327
3.446999999998636,160.38579349971172
3.4479999999986335,160.43091893102925
3.448999999998631,160.47404518686687
3.449999999998629,160.51511815982064
3.4509999999986265,160.55407886512194
3.451999999998624,160.5908985620155
3.452999999998622,160.62552792047296
3.4539999999986195,160.65795308624348
3.454999999998617,160.68813207614807
3.455999999998615,160.71608522948065
3.4569999999986125,160.7418122309565
3.45799999999861,160.76536514554408
3.458999999998608,160.78679736495354
3.4599999999986055,160.80611360590905
3.460999999998603,160.82340741333448
3.461999999998601,160.83871352019423
3.4629999999985985,160.8520890575926
3.463999999998596,160.86360086556974
3.464999999998594,160.87321109682742
3.4659999999985915,160.88095108218627
3.466999999998589,160.8868305223039
3.467999999998587,160.8908081151918
3.4689999999985845,160.89290511168664
3.469999999998582,160.89301347494197
3.47099999999858,160.89111359844605
3.4719999999985776,160.88718844721825
3.4729999999985752,160.88119735677395
3.473999999998573,160.87316724642324
3.4749999999985706,160.86300569775665
3.4759999999985682,160.85077112626038
3.476999999998566,160.8364703847815
3.4779999999985636,160.82016147635287
3.4789999999985612,160.80192986850247
3.479999999998559,160.78172524419975
3.4809999999985566,160.7596725663299
3.4819999999985543,160.7358056224349
3.482999999998552,160.7101833818798
3.4839999999985496,160.68290015947176
3.4849999999985473,160.65386434728563
3.485999999998545,160.6231380049157
3.4869999999985426,160.59073451640722
3.4879999999985403,160.55661763828286
3.488999999998538,160.52084224640458
3.4899999999985356,160.48325613457868
3.4909999999985333,160.4438745245243
3.491999999998531,160.40269166142915
3.4929999999985286,160.35967556008745
3.4939999999985263,160.31488801268338
3.494999999998524,160.26819569115102
3.4959999999985216,160.21968881535975
3.4969999999985193,160.16938011435818
3.497999999998517,160.1173317320875
3.4989999999985146,160.06365411248123
3.4999999999985123,160.00825109505521
3.50099999999851,159.95127151970468
3.5019999999985076,159.89274697713887
3.5029999999985053,159.8327364907107
3.503999999998503,159.77135490143098
3.5049999999985006,159.7084673640057
3.5059999999984983,159.64416008526425
3.506999999998496,159.57844948419512
3.5079999999984937,159.51130418814398
3.5089999999984913,159.44280608900928
3.509999999998489,159.37277046841368
3.5109999999984867,159.30124124881755
3.5119999999984843,159.2282229847942
3.512999999998482,159.15369196954651
3.5139999999984797,159.0777374748761
3.5149999999984773,159.0001964823221
3.515999999998475,158.9211833858307
3.5169999999984727,158.84071527006537
3.5179999999984704,158.7588564498122
3.518999999998468,158.67573428696366
3.5199999999984657,158.59121782157163
3.5209999999984634,158.5054713045823
3.521999999998461,158.4185229993362
3.5229999999984587,158.33043022827135
3.5239999999984564,158.24132067358994
3.524999999998454,158.15102838622838
3.5259999999984517,158.05965623408753
3.5269999999984494,157.96722286895448
3.527999999998447,157.87370137888033
3.5289999999984447,157.77919306619702
3.5299999999984424,157.68349336610402
3.53099999999844,157.58666768779548
3.5319999999984377,157.48872947295632
3.5329999999984354,157.38966250650049
3.533999999998433,157.28957520797488
3.5349999999984307,157.1882869192836
3.5359999999984284,157.08592777776448
3.536999999998426,156.98251755842378
3.5379999999984237,156.87812072870125
3.5389999999984214,156.772873110546
3.539999999998419,156.6666210000706
3.5409999999984167,156.559535275397
3.5419999999984144,156.45163991973936
3.542999999998412,156.3429889494657
3.5439999999984098,156.2337150080911
3.5449999999984074,156.12363391568474
3.545999999998405,156.01285734950028
3.5469999999984028,155.90140530480153
3.5479999999984004,155.78925472737066
3.548999999998398,155.67651826363343
3.5499999999983958,155.56298430349875
3.5509999999983934,155.44873193819066
3.551999999998391,155.33378172512377
3.552999999998389,155.2181238107485
3.5539999999983864,155.1018770423423
3.554999999998384,154.98485518270704
3.555999999998382,154.8671954351561
3.5569999999983795,154.7489185483526
3.557999999998377,154.63008720175023
3.558999999998375,154.5108373566316
3.5599999999983725,154.3910048343303
3.56099999999837,154.27075861227073
3.561999999998368,154.15011767076504
3.5629999999983655,154.02913137216785
3.563999999998363,153.90792974497808
3.564999999998361,153.7863231759263
3.5659999999983585,153.6644244352118
3.566999999998356,153.5422539454967
3.567999999998354,153.419791748579
3.5689999999983515,153.29715380308843
3.569999999998349,153.17413360362627
3.570999999998347,153.05081599855362
3.5719999999983445,152.92722664835688
3.572999999998342,152.80336064573447
3.57399999999834,152.6793386689346
3.5749999999983375,152.5549802523675
3.575999999998335,152.43042125210366
3.576999999998333,152.30568171959138
3.5779999999983305,152.18082079961985
3.578999999998328,152.05596688598294
3.579999999998326,151.93095710764558
3.5809999999983235,151.80595076864037
3.581999999998321,151.68096139743605
3.582999999998319,151.55603269805113
3.5839999999983165,151.43128523522353
3.584999999998314,151.30653598074096
3.585999999998312,151.18189165004816
3.5869999999983095,151.05737220453292
3.587999999998307,150.93295990383112
3.588999999998305,150.80876645139514
3.5899999999983025,150.6846012985945
3.5909999999983,150.56054742870188
3.591999999998298,150.43663346233058
3.5929999999982956,150.31285781326605
3.5939999999982932,150.18933496367674
3.594999999998291,150.0659002837231
3.5959999999982886,149.94268057251165
3.5969999999982862,149.8196936534307
3.597999999998284,149.69699368153675
3.5989999999982816,149.57469477987513
3.5999999999982792,149.45264610876228
3.600999999998277,149.33099067644113
3.6019999999982746,149.20973641506342
3.6029999999982723,149.08892076825265
3.60399999999827,148.96864904635518
3.6049999999982676,148.84875548402186
3.6059999999982653,148.72933451144812
3.606999999998263,148.6104048162908
3.6079999999982606,148.49194993388332
3.6089999999982583,148.37407056297062
3.609999999998256,148.2566011870574
3.6109999999982536,148.13961596775653
3.6119999999982513,148.02314432515686
3.612999999998249,147.9071862500557
3.6139999999982466,147.79184293898425
3.6149999999982443,147.6769739568243
3.615999999998242,147.56269039093434
3.6169999999982396,147.44900652945879
3.6179999999982373,147.3359704457063
3.618999999998235,147.22367658074913
3.6199999999982326,147.11199535429913
3.6209999999982303,147.0010482843438
3.621999999998228,146.89083787898448
3.6229999999982256,146.781395148376
3.6239999999982233,146.67280564753793
3.624999999998221,146.56492979805967
3.6259999999982186,146.45784469070318
3.6269999999982163,146.3515670476535
3.627999999998214,146.24608073634676
3.6289999999982117,146.14146979627088
3.6299999999982093,146.03760073217634
3.630999999998207,145.9345328936483
3.6319999999982047,145.832294434533
3.6329999999982023,145.73088516281595
3.6339999999982,145.63038712462063
3.6349999999981977,145.53069046396436
3.6359999999981953,145.4318852169629
3.636999999998193,145.33398111949052
3.6379999999981907,145.23701947506592
3.6389999999981884,145.14107111038857
3.639999999998186,145.0460351209521
3.6409999999981837,144.95200793026012
3.6419999999981814,144.8589871014915
3.642999999998179,144.76699746088582
3.6439999999981767,144.676101735708
3.6449999999981744,144.58619342444453
3.645999999998172,144.49732857606585
3.6469999999981697,144.4095214162226
3.6479999999981674,144.32275526861991
3.648999999998165,144.23709316264552
3.6499999999981627,144.15243836572236
3.6509999999981604,144.06883063289428
3.651999999998158,143.9862949907663
3.6529999999981557,143.90482939817787
3.6539999999981534,143.82449232362305
3.654999999998151,143.74520875442786
3.6559999999981487,143.66704382709716
3.6569999999981464,143.59000204320276
3.657999999998144,143.51411766223578
3.6589999999981417,143.43943553750327
3.6599999999981394,143.36588882559843
3.660999999998137,143.29354690228328
3.6619999999981347,143.22240313791826
3.6629999999981324,143.15247680935323
3.66399999999813,143.08380623044968
3.6649999999981278,143.0163226578954
3.6659999999981254,142.95005885039916
3.666999999998123,142.88502619953388
3.6679999999981208,142.82120674609814
3.6689999999981184,142.75863961045675
3.669999999998116,142.69726727040148
3.6709999999981138,142.63710649774885
3.6719999999981114,142.5781776371458
3.672999999998109,142.5204753317979
3.673999999998107,142.4640316279632
3.6749999999981044,142.40880844852427
3.675999999998102,142.35484377419826
3.6769999999981,142.30213654615903
3.6779999999980975,142.25071410056577
3.678999999998095,142.20059454703977
3.679999999998093,142.15174831325953
3.6809999999980905,142.10421740179993
3.681999999998088,142.05799195830437
3.682999999998086,142.01308666472212
3.6839999999980835,141.9695153117791
3.684999999998081,141.9272492940505
3.685999999998079,141.88629732166567
3.6869999999980765,141.84666782870084
3.687999999998074,141.80834102922802
3.688999999998072,141.77133077629549
3.6899999999980695,141.73561895105317
3.690999999998067,141.70119747444576
3.691999999998065,141.66808084567376
3.6929999999980625,141.63625921807665
3.69399999999806,141.60573703187166
3.694999999998058,141.5765130871381
3.6959999999980555,141.548597576975
3.696999999998053,141.52198390851268
3.697999999998051,141.49669296709135
3.6989999999980485,141.47271688299557
3.699999999998046,141.45006431370138
3.700999999998044,141.4287510985155
3.7019999999980415,141.40876526614383
3.702999999998039,141.39011809168412
3.703999999998037,141.37280013470374
3.7049999999980345,141.35682298487455
3.705999999998032,141.34217200695366
3.70699999999803,141.32885277080698
3.7079999999980275,141.31684335342914
3.708999999998025,141.306132543716
3.709999999998023,141.29673967228567
3.7109999999980205,141.28863151943952
3.711999999998018,141.28181602499464
3.712999999998016,141.27627803748604
3.7139999999980136,141.2719948716436
3.7149999999980112,141.26900008551684
3.715999999998009,141.267277038699
3.7169999999980066,141.2668139561987
3.7179999999980042,141.26762603496775
3.718999999998002,141.269681605107
3.7199999999979996,141.27302626594312
3.7209999999979972,141.27765228507943
3.721999999997995,141.28354673312083
3.7229999999979926,141.29071880019157
3.7239999999979903,141.29913837113494
3.724999999997988,141.30885502655264
3.7259999999979856,141.31983285233062
3.7269999999979833,141.33207484525718
3.727999999997981,141.34555687861098
3.7289999999979786,141.36024438092977
3.7299999999979763,141.37619020976422
3.730999999997974,141.39333726287285
3.7319999999979716,141.41168667963476
3.7329999999979693,141.43121758116752
3.733999999997967,141.45188221799617
3.7349999999979646,141.4737448950289
3.7359999999979623,141.49676456270802
3.73699999999796,141.52092489402483
3.7379999999979576,141.54623637573434
3.7389999999979553,141.5726469461634
3.739999999997953,141.60023572249935
3.7409999999979506,141.62897516240156
3.7419999999979483,141.65885249760325
3.742999999997946,141.6898761862155
3.7439999999979436,141.7219990587181
3.7449999999979413,141.75530438714617
3.745999999997939,141.78973823605443
3.7469999999979366,141.82530147945351
3.7479999999979343,141.86196794562272
3.748999999997932,141.89968275408225
3.7499999999979297,141.93852666003733
3.7509999999979273,141.97842135545955
3.751999999997925,142.0193613960604
3.7529999999979227,142.06132014156725
3.7539999999979203,142.10422824077287
3.754999999997918,142.14817510716924
3.7559999999979157,142.19309897892097
3.7569999999979133,142.23897982296478
3.757999999997911,142.28582453092076
3.7589999999979087,142.33356503833969
3.7599999999979064,142.3823086616337
3.760999999997904,142.43201271584817
3.7619999999979017,142.48266559283297
3.7629999999978994,142.53427630868282
3.763999999997897,142.58678506540195
3.7649999999978947,142.64030272415573
3.7659999999978924,142.69476153330498
3.76699999999789,142.75016080229608
3.7679999999978877,142.8064726577713
3.7689999999978854,142.86362606503505
3.769999999997883,142.92172269847433
3.7709999999978807,142.98066691129785
3.7719999999978784,143.04044730018538
3.772999999997876,143.1010317820748
3.7739999999978737,143.1623339955945
3.7749999999978714,143.2244615664452
3.775999999997869,143.28733671482343
3.7769999999978667,143.35093669372245
3.7779999999978644,143.41526597587512
3.778999999997862,143.48024556212187
3.7799999999978597,143.5460041353443
3.7809999999978574,143.61248913343863
3.781999999997855,143.6796909274687
3.7829999999978527,143.7476202434695
3.7839999999978504,143.81620958443958
3.784999999997848,143.8855899188702
3.7859999999978458,143.95568453071115
3.7869999999978434,144.02649177713818
3.787999999997841,144.09798255876737
3.7889999999978388,144.17007462622246
3.7899999999978364,144.24288269592165
3.790999999997834,144.31629852817696
3.7919999999978318,144.39030571713758
3.7929999999978294,144.46486734904906
3.793999999997827,144.53988542681327
3.794999999997825,144.61547809699832
3.7959999999978224,144.69155691795746
3.79699999999782,144.76809749758849
3.797999999997818,144.84510306079784
3.7989999999978155,144.92248908541865
3.799999999997813,145.0003977755214
3.800999999997811,145.0787722221967
3.8019999999978085,145.1576053822826
3.802999999997806,145.2369106551553
3.803999999997804,145.3166179538362
3.8049999999978015,145.39687002474645
3.805999999997799,145.47758635009134
3.806999999997797,145.5587649531693
3.8079999999977945,145.64037606264375
3.808999999997792,145.72233157356314
3.80999999999779,145.80475098789816
3.8109999999977875,145.88751873233625
3.811999999997785,145.97061459537653
3.812999999997783,146.05399766658948
3.8139999999977805,146.13756408006623
3.814999999997778,146.2214345419515
3.815999999997776,146.3055155968311
3.8169999999977735,146.3897822890911
3.817999999997771,146.47423770705456
3.818999999997769,146.558797215625
3.8199999999977665,146.64360826076893
3.820999999997764,146.72861504388484
3.821999999997762,146.8138134949612
3.8229999999977595,146.89922043448342
3.823999999997757,146.98476815194363
3.824999999997755,147.07060258823324
3.8259999999977525,147.15664455346638
3.82699999999775,147.24289232312105
3.827999999997748,147.3293160374433
3.8289999999977455,147.41582713612814
3.829999999997743,147.50254181606846
3.830999999997741,147.58934255841652
3.8319999999977385,147.6762066852417
3.832999999997736,147.76309026956892
3.833999999997734,147.84988933612786
3.8349999999977316,147.93671945803038
3.8359999999977292,148.0234877321856
3.836999999997727,148.11016967673936
3.8379999999977246,148.19676925046974
3.8389999999977222,148.28320678337238
3.83999999999772,148.36962684517414
3.8409999999977176,148.45597981001896
3.8419999999977152,148.5422647614478
3.842999999997713,148.62850246323873
3.8439999999977106,148.7146321070754
3.8449999999977083,148.80079458521675
3.845999999997706,148.8869168062001
3.8469999999977036,148.9729978213907
3.8479999999977013,149.05900825300867
3.848999999997699,149.1448641667872
3.8499999999976966,149.2306710488617
3.8509999999976943,149.31631458192683
3.851999999997692,149.40177100514745
3.8529999999976896,149.4869944261738
3.8539999999976873,149.57188613608938
3.854999999997685,149.65654965038894
3.8559999999976826,149.7408977533917
3.8569999999976803,149.82490737919932
3.857999999997678,149.90858422243065
3.8589999999976756,149.99185803067385
3.8599999999976733,150.07486309043043
3.860999999997671,150.15756033151388
3.8619999999976686,150.2399519861556
3.8629999999976663,150.32206305740135
3.863999999997664,150.4038434686451
3.8649999999976616,150.48542169622374
3.8659999999976593,150.56673487269973
3.866999999997657,150.6477832621891
3.8679999999976546,150.72853848909264
3.8689999999976523,150.80892569329816
3.86999999999765,150.889033373947
3.8709999999976477,150.96875499530407
3.8719999999976453,151.04806704847587
3.872999999997643,151.12692272699417
3.8739999999976407,151.20523325577062
3.8749999999976383,151.2830843502595
3.875999999997636,151.36039888733183
3.8769999999976337,151.43715601921002
3.8779999999976313,151.51336386748034
3.878999999997629,151.588965186356
3.8799999999976267,151.6640777374599
3.8809999999976244,151.7386764791196
3.881999999997622,151.81276662604307
3.8829999999976197,151.88637749380723
3.8839999999976174,151.95947267308728
3.884999999997615,152.03216216237155
3.8859999999976127,152.10439657214025
3.8869999999976104,152.17617770855023
3.887999999997608,152.24747863645862
3.8889999999976057,152.31823713681874
3.8899999999976034,152.38851990891882
3.890999999997601,152.45823195175805
3.8919999999975987,152.52735121182798
3.8929999999975964,152.59583095623125
3.893999999997594,152.66359605183857
3.8949999999975917,152.73071015142344
3.8959999999975894,152.79710967042715
3.896999999997587,152.86277660365707
3.8979999999975847,152.927721989644
3.8989999999975824,152.99190414672245
3.89999999999758,153.05541956141198
3.9009999999975777,153.11825962175718
3.9019999999975754,153.18043222033432
3.902999999997573,153.24197084253134
3.9039999999975707,153.3028546594364
3.9049999999975684,153.3631707306671
3.905999999997566,153.4228853729662
3.9069999999975638,153.48200214028492
3.9079999999975614,153.54049586918563
3.908999999997559,153.59831950045907
3.9099999999975568,153.65551478804036
3.9109999999975544,153.71200101329666
3.911999999997552,153.76775858328395
3.9129999999975498,153.8227417100714
3.9139999999975474,153.8768914875589
3.914999999997545,153.93024688963553
3.915999999997543,153.98276021096325
3.9169999999975404,154.034416708591
3.917999999997538,154.08523060894268
3.918999999997536,154.13517723147942
3.9199999999975335,154.18432871383996
3.920999999997531,154.23269412093472
3.921999999997529,154.28028360281692
3.9229999999975265,154.32713446851568
3.923999999997524,154.37324230771398
3.924999999997522,154.4186685332951
3.9259999999975195,154.46339629841154
3.926999999997517,154.5074309785409
3.927999999997515,154.55074939022978
3.9289999999975125,154.59332102578742
3.92999999999751,154.63516128611727
3.930999999997508,154.67620538629473
3.9319999999975055,154.71643695468686
3.932999999997503,154.75581186480704
3.933999999997501,154.7942888288425
3.9349999999974985,154.8318812083167
3.935999999997496,154.86855835442466
3.936999999997494,154.9043089881284
3.9379999999974915,154.93915057070123
3.938999999997489,154.97307573200328
3.939999999997487,155.0061309105836
3.9409999999974845,155.0383429416942
3.941999999997482,155.06972372119495
3.94299999999748,155.100313853839
3.9439999999974775,155.13012513526363
3.944999999997475,155.1591923918799
3.945999999997473,155.18751565461724
3.9469999999974705,155.2151020638493
3.947999999997468,155.24193049659146
3.948999999997466,155.2679872690536
3.9499999999974635,155.2932617052415
3.950999999997461,155.31770550447376
3.951999999997459,155.34130600960737
3.9529999999974565,155.36402129434822
3.953999999997454,155.38582790556654
3.954999999997452,155.40671425951686
3.9559999999974496,155.42666680523413
3.9569999999974472,155.445677713862
3.957999999997445,155.46376751470066
3.9589999999974426,155.4809453992901
3.9599999999974402,155.4972324044234
3.960999999997438,155.512672154531
3.9619999999974356,155.5272777164554
3.9629999999974332,155.5410923137633
3.963999999997431,155.55414277892137
3.9649999999974286,155.56643807469376
3.9659999999974263,155.57799414712585
3.966999999997424,155.58881972711197
3.9679999999974216,155.5988957113154
3.9689999999974193,155.60822447833343
3.969999999997417,155.6167710745679
3.9709999999974146,155.6245032054502
3.9719999999974123,155.63141215339346
3.97299999999741,155.6374585456194
3.9739999999974076,155.64263590266825
3.9749999999974053,155.64690978231698
3.975999999997403,155.65028273867335
3.9769999999974006,155.65275018162492
3.9779999999973983,155.6543353529417
3.978999999997396,155.6550623341439
3.9799999999973936,155.65492852812199
3.9809999999973913,155.6539924387987
3.981999999997389,155.65226769771837
3.9829999999973866,155.64979936451243
3.9839999999973843,155.6466273346389
3.984999999997382,155.64273688985887
3.9859999999973796,155.6381580712231
3.9869999999973773,155.63290093015866
3.987999999997375,155.62694823685462
3.9889999999973726,155.62031678434758
3.9899999999973703,155.61295041999836
3.990999999997368,155.6048314820098
3.9919999999973657,155.59595516777267
3.9929999999973633,155.58628483095387
3.993999999997361,155.5758291861755
3.9949999999973587,155.56453418389006
3.9959999999973563,155.5524166165581
3.996999999997354,155.53947475363807
3.9979999999973517,155.52573404210193
3.9989999999973493,155.511231042359
3.999999999997347,155.49594250974974
4.000999999997345,155.47993918548494
4.001999999997342,155.46323466169557
4.00299999999734,155.44587499582585
4.003999999997338,155.42791055977725
4.004999999997335,155.40930632366988
4.005999999997333,155.39010393636795
4.006999999997331,155.37031443267335
4.007999999997328,155.34992222722286
4.008999999997326,155.3289561832852
4.009999999997324,155.3073430062516
4.010999999997321,155.28507757459337
4.011999999997319,155.26215875891484
4.012999999997317,155.23855264612135
4.013999999997314,155.21428064680526
4.014999999997312,155.18927321625873
4.01599999999731,155.16355884347325
4.016999999997307,155.1371381487609
4.017999999997305,155.1100381698619
4.018999999997303,155.08230500855856
4.0199999999973,155.05389867787702
4.020999999997298,155.0248990073178
4.021999999997296,154.99531898057344
4.022999999997293,154.9652048121048
4.023999999997291,154.93461436414316
4.024999999997289,154.9034965354889
4.025999999997286,154.87190164291107
4.026999999997284,154.8398413310869
4.027999999997282,154.80730137227692
4.028999999997279,154.77431987220496
4.029999999997277,154.74081109922415
4.030999999997275,154.70677985986586
4.031999999997272,154.6722282799641
4.03299999999727,154.63712504045424
4.033999999997268,154.60150125217302
4.034999999997265,154.56527652350442
4.035999999997263,154.52848804095413
4.036999999997261,154.49113817944786
4.0379999999972584,154.45325489325333
4.038999999997256,154.41489058482261
4.039999999997254,154.37599302819615
4.0409999999972515,154.33664772058881
4.041999999997249,154.29686653282184
4.042999999997247,154.25669504366817
4.0439999999972445,154.2161954360167
4.044999999997242,154.17530531666932
4.04599999999724,154.13408049707303
4.0469999999972375,154.0925328516401
4.047999999997235,154.0506491907148
4.048999999997233,154.0084737677032
4.0499999999972305,153.965913431872
4.050999999997228,153.92297999148562
4.051999999997226,153.87967827793122
4.0529999999972235,153.8359793044836
4.053999999997221,153.79192061236188
4.054999999997219,153.74741582520616
4.0559999999972165,153.7025075900945
4.056999999997214,153.65719939501153
4.057999999997212,153.6115194225451
4.0589999999972095,153.56552304863274
4.059999999997207,153.51915059145546
4.060999999997205,153.4724897503764
4.0619999999972025,153.4255508674041
4.0629999999972,153.37837818513796
4.063999999997198,153.3310350570665
4.0649999999971955,153.2834527914927
4.065999999997193,153.23568949633705
4.066999999997191,153.1877569148681
4.0679999999971885,153.13964256618192
4.068999999997186,153.09139369491552
4.069999999997184,153.04291474547813
4.0709999999971815,152.99422148491743
4.071999999997179,152.94532081357957
4.072999999997177,152.89618571805957
4.0739999999971745,152.84685683745545
4.074999999997172,152.79724658796636
4.07599999999717,152.7473998086363
4.076999999997168,152.69732045327373
4.077999999997165,152.64703627172756
4.078999999997163,152.5966023966374
4.079999999997161,152.54595645673166
4.080999999997158,152.49518504664388
4.081999999997156,152.4442966690078
4.082999999997154,152.39333365654204
4.083999999997151,152.34235758144212
4.084999999997149,152.29129836227764
4.085999999997147,152.24021336544024
4.086999999997144,152.1891138821223
4.087999999997142,152.13798782090075
4.08899999999714,152.08688238259168
4.089999999997137,152.03570433620473
4.090999999997135,151.98447042734975
4.091999999997133,151.93318894439625
4.09299999999713,151.8818344171753
4.093999999997128,151.83044737653537
4.094999999997126,151.7789434637101
4.095999999997123,151.72736659255668
4.096999999997121,151.67572056498483
4.097999999997119,151.62403209860722
4.098999999997116,151.5723531442313
4.099999999997114,151.52062313014014
4.100999999997112,151.46892456892982
4.101999999997109,151.4172639279923
4.102999999997107,151.36568120651035
4.103999999997105,151.31423358808044
4.104999999997102,151.26285416591872
4.1059999999971,151.21159684123393
4.106999999997098,151.1604721873029
4.107999999997095,151.10946820951378
4.108999999997093,151.0586293054014
4.109999999997091,151.00786877985186
4.110999999997088,150.95720159426762
4.111999999997086,150.90663673912317
4.112999999997084,150.8561498133412
4.113999999997081,150.8057783199823
4.114999999997079,150.75544500166305
4.115999999997077,150.70519003499663
4.116999999997074,150.65501651160787
4.117999999997072,150.60494960553058
4.11899999999707,150.55503555915806
4.119999999997067,150.5052195957303
4.120999999997065,150.45557763071238
4.121999999997063,150.4061140169309
4.12299999999706,150.35686615796098
4.123999999997058,150.30788469674386
4.124999999997056,150.25910990868476
4.125999999997053,150.21058993984582
4.126999999997051,150.16233444460238
4.127999999997049,150.11433127264257
4.128999999997046,150.0666196565555
4.129999999997044,150.01912295064741
4.130999999997042,149.97185191369363
4.131999999997039,149.92481558291348
4.132999999997037,149.87799013560618
4.133999999997035,149.83140754248745
4.134999999997032,149.78500080957613
4.13599999999703,149.7388039904788
4.136999999997028,149.6928189914504
4.137999999997025,149.64706903838572
4.138999999997023,149.60159264829977
4.139999999997021,149.55634417329634
4.140999999997018,149.51139097172592
4.141999999997016,149.46673531396314
4.142999999997014,149.42241190789937
4.143999999997011,149.37846323350172
4.144999999997009,149.3348400370191
4.145999999997007,149.29158293687865
4.146999999997004,149.24870053749325
4.147999999997002,149.20618033117574
4.148999999997,149.16405451145988
4.149999999996997,149.12225917358478
4.150999999996995,149.08079889751636
4.151999999996993,149.03968217377488
4.15299999999699,148.99888527817723
4.153999999996988,148.958432655306
4.154999999996986,148.91826991723104
4.155999999996983,148.87842312332404
4.156999999996981,148.83889262055152
4.157999999996979,148.7996993998436
4.1589999999969764,148.76087280776892
4.159999999996974,148.72237887854936
4.160999999996972,148.6842750628529
4.1619999999969695,148.64656168108843
4.162999999996967,148.60927079794286
4.163999999996965,148.57243567786935
4.1649999999969625,148.53601999597296
4.16599999999696,148.50005563759402
4.166999999996958,148.46455009697618
4.1679999999969555,148.4294903661311
4.168999999996953,148.39490027116938
4.169999999996951,148.3607304465468
4.1709999999969485,148.3269778283979
4.171999999996946,148.29364985562137
4.172999999996944,148.260722459845
4.1739999999969415,148.22821114014477
4.174999999996939,148.19607558326953
4.175999999996937,148.16433255364825
4.1769999999969345,148.13298057798178
4.177999999996932,148.10203824702535
4.17899999999693,148.0715248925925
4.1799999999969275,148.04141993160974
4.180999999996925,148.01177018463392
4.181999999996923,147.9825742390955
4.1829999999969205,147.9538617040015
4.183999999996918,147.92565615398547
4.184999999996916,147.89793575700824
4.1859999999969135,147.87072304459636
4.186999999996911,147.844024408806
4.187999999996909,147.81782626201596
4.1889999999969065,147.79214330830206
4.189999999996904,147.76694160430765
4.190999999996902,147.74220952866875
4.1919999999968995,147.71795307338698
4.192999999996897,147.69414744398782
4.193999999996895,147.670798381372
4.1949999999968925,147.64788023323175
4.19599999999689,147.62539976389968
4.196999999996888,147.60335353739836
4.197999999996886,147.58175769829865
4.198999999996883,147.56062131813007
4.199999999996881,147.53993801744542
4.200999999996879,147.51974387922482
4.201999999996876,147.5000360400281
4.202999999996874,147.48084195231303
4.203999999996872,147.46217558484844
4.204999999996869,147.44403025109457
4.205999999996867,147.42641908126166
4.206999999996865,147.409347435432
4.207999999996862,147.39280113208014
4.20899999999686,147.3767855715288
4.209999999996858,147.361282222784
4.210999999996855,147.34627055639285
4.211999999996853,147.3317548464557
4.212999999996851,147.31770927062962
4.213999999996848,147.304129607346
4.214999999996846,147.29100460287492
4.215999999996844,147.27833090722405
4.216999999996841,147.26610309747915
4.217999999996839,147.25433493730912
4.218999999996837,147.24302556106062
4.219999999996834,147.23218275022467
4.220999999996832,147.2218323163568
4.22199999999683,147.21197027104324
4.222999999996827,147.20262229362515
4.223999999996825,147.19379334405556
4.224999999996823,147.1854916491222
4.22599999999682,147.17772142532866
4.226999999996818,147.1704871244788
4.227999999996816,147.16377401963732
4.228999999996813,147.1575785700902
4.229999999996811,147.1518968174688
4.230999999996809,147.14669952016797
4.231999999996806,147.14198909494974
4.232999999996804,147.13773848351994
4.233999999996802,147.13393387778203
4.234999999996799,147.13057738345967
4.235999999996797,147.12765598001278
4.236999999996795,147.125162345229
4.237999999996792,147.12310802596667
4.23899999999679,147.12148305548178
4.239999999996788,147.12030852717407
4.240999999996785,147.11960095518324
4.241999999996783,147.11935557395913
4.242999999996781,147.11959672849665
4.243999999996778,147.1203214128819
4.244999999996776,147.12155171859726
4.245999999996774,147.1232839092202
4.246999999996771,147.1255216943431
4.247999999996769,147.1282499068886
4.248999999996767,147.13145691776649
4.249999999996764,147.13515177078995
4.250999999996762,147.13929721065662
4.25199999999676,147.14389378831856
4.252999999996757,147.1489131018433
4.253999999996755,147.15433265621454
4.254999999996753,147.16016620681404
4.25599999999675,147.1663920049341
4.256999999996748,147.1730010170104
4.257999999996746,147.18000281980653
4.258999999996743,147.1873796165337
4.259999999996741,147.19516425321314
4.260999999996739,147.20336534196363
4.261999999996736,147.21197768908294
4.262999999996734,147.22102477052886
4.263999999996732,147.23049701775537
4.264999999996729,147.2404286292062
4.265999999996727,147.25080926683452
4.266999999996725,147.26164209380272
4.267999999996722,147.27291165552117
4.26899999999672,147.28459949918056
4.269999999996718,147.29672550067886
4.270999999996715,147.30924552242703
4.271999999996713,147.32215836364128
4.272999999996711,147.33543427101046
4.273999999996708,147.34904340349004
4.274999999996706,147.36300892124117
4.275999999996704,147.3773017053425
4.276999999996701,147.39191128284017
4.277999999996699,147.4068455709497
4.278999999996697,147.42208055214445
4.2799999999966944,147.4376586863448
4.280999999996692,147.45358239757178
4.28199999999669,147.46984639549723
4.2829999999966875,147.48647375196853
4.283999999996685,147.5034499994363
4.284999999996683,147.52081911816998
4.2859999999966805,147.53856581106862
4.286999999996678,147.55669290695187
4.287999999996676,147.5751848516538
4.2889999999966735,147.59401794782266
4.289999999996671,147.61322029070467
4.290999999996669,147.6327423332923
4.2919999999966665,147.6525813441456
4.292999999996664,147.67270630354648
4.293999999996662,147.6930817027123
4.2949999999966595,147.71373748539915
4.295999999996657,147.73463883359034
4.296999999996655,147.755774170996
4.2979999999966525,147.77715010912004
4.29899999999665,147.79873824688838
4.299999999996648,147.8205880989256
4.3009999999966455,147.84269781925803
4.301999999996643,147.8650623195699
4.302999999996641,147.88770470817647
4.3039999999966385,147.91060743349573
4.304999999996636,147.9338215338069
4.305999999996634,147.95732857604656
4.3069999999966315,147.98113126974627
4.307999999996629,148.00521417064496
4.308999999996627,148.0295501190688
4.3099999999966245,148.0541725492772
4.310999999996622,148.0790282112259
4.31199999999662,148.1041131494559
4.3129999999966175,148.12939524250757
4.313999999996615,148.15483521029785
4.314999999996613,148.18046695623093
4.3159999999966105,148.20625183153928
4.316999999996608,148.23217753426337
4.317999999996606,148.25824974607875
4.318999999996604,148.28443762930848
4.319999999996601,148.31079495129356
4.320999999996599,148.33731759840464
4.321999999996597,148.36400093819165
4.322999999996594,148.3908685113697
4.323999999996592,148.41790153630308
4.32499999999659,148.44515517234694
4.325999999996587,148.47260973799254
4.326999999996585,148.50026802899976
4.327999999996583,148.5281149274904
4.32899999999658,148.55612167813052
4.329999999996578,148.58432408933723
4.330999999996576,148.612667030496
4.331999999996573,148.64114568865887
4.332999999996571,148.66972706759327
4.333999999996569,148.69837010349275
4.334999999996566,148.72710981064768
4.335999999996564,148.75590565282897
4.336999999996562,148.7847449979262
4.337999999996559,148.81363297460308
4.338999999996557,148.84253824629755
4.339999999996555,148.87151597293806
4.340999999996552,148.90056174076602
4.34199999999655,148.92967157395097
4.342999999996548,148.95886978056248
4.343999999996545,148.9881381326227
4.344999999996543,149.0175329505563
4.345999999996541,149.04703514176467
4.346999999996538,149.07664777296807
4.347999999996536,149.10635626179294
4.348999999996534,149.13613209030626
4.349999999996531,149.1660105712772
4.350999999996529,149.19593651316808
4.351999999996527,149.2259046440191
4.352999999996524,149.25588136187935
4.353999999996522,149.28582577171005
4.35499999999652,149.31577129602164
4.355999999996517,149.34567740862352
4.356999999996515,149.37553153689615
4.357999999996513,149.40533861416364
4.35899999999651,149.43506862083566
4.359999999996508,149.4647753698542
4.360999999996506,149.494455968746
4.361999999996503,149.5241072408949
4.362999999996501,149.55375452338228
4.363999999996499,149.58338175558464
4.364999999996496,149.6130436171671
4.365999999996494,149.64272328553022
4.366999999996492,149.67242425275694
4.367999999996489,149.70213266038346
4.368999999996487,149.73182191763843
4.369999999996485,149.76152423116773
4.370999999996482,149.79118605317268
4.37199999999648,149.82080205482544
4.372999999996478,149.85033831829003
4.373999999996475,149.87975591773107
4.374999999996473,149.90908427987236
4.375999999996471,149.93828462907356
4.376999999996468,149.96734481359454
4.377999999996466,149.99626989176502
4.378999999996464,150.025032755652
4.379999999996461,150.053683412434
4.380999999996459,150.08222206922233
4.381999999996457,150.11064643094892
4.382999999996454,150.13898304375394
4.383999999996452,150.1672193737314
4.38499999999645,150.1954059760543
4.385999999996447,150.22352973191784
4.386999999996445,150.25159467528684
4.387999999996443,150.27958782769133
4.38899999999644,150.30748597777958
4.389999999996438,150.33531601321482
4.390999999996436,150.36302752173435
4.391999999996433,150.39061549688188
4.392999999996431,150.41804599471706
4.393999999996429,150.44528360703902
4.394999999996426,150.47235178381803
4.395999999996424,150.49921498900707
4.396999999996422,150.52586180521394
4.397999999996419,150.55229768342056
4.398999999996417,150.5784997209198
4.399999999996415,150.6045120722765
4.4009999999964124,150.63033930243918
4.40199999999641,150.65598002051252
4.402999999996408,150.68146207590422
4.4039999999964055,150.70677750253006
4.404999999996403,150.73197069363067
4.405999999996401,150.75703335025068
4.4069999999963985,150.7819701216702
4.407999999996396,150.80676902404514
4.408999999996394,150.83141136735367
4.4099999999963915,150.85591700897328
4.410999999996389,150.88023987372975
4.411999999996387,150.90437561081495
4.4129999999963845,150.9282905210855
4.413999999996382,150.9519539335951
4.41499999999638,150.97538185260902
4.4159999999963775,150.9985431472347
4.416999999996375,151.02142738422467
4.417999999996373,151.04404061053089
4.4189999999963705,151.0663650650842
4.419999999996368,151.08843750931547
4.420999999996366,151.11026775169498
4.4219999999963635,151.131855271453
4.422999999996361,151.15322922968573
4.423999999996359,151.1743869108397
4.4249999999963565,151.19536504447663
4.425999999996354,151.21616090389273
4.426999999996352,151.2367797815073
4.4279999999963495,151.25721075529788
4.428999999996347,151.27744044058565
4.429999999996345,151.29748051911687
4.4309999999963425,151.31729011156864
4.43199999999634,151.33686579207475
4.432999999996338,151.35617434267527
4.4339999999963355,151.37519067090577
4.434999999996333,151.39392242795017
4.435999999996331,151.41234368435528
4.4369999999963285,151.43044516636175
4.437999999996326,151.44823364869154
4.438999999996324,151.46569706169217
4.4399999999963216,151.48286379313254
4.440999999996319,151.49974938245336
4.441999999996317,151.516354093822
4.442999999996315,151.53270832706443
4.443999999996312,151.54881492675113
4.44499999999631,151.5647020399261
4.445999999996308,151.58037288145897
4.446999999996305,151.59583336958573
4.447999999996303,151.61107366144392
4.448999999996301,151.62608608337635
4.449999999996298,151.64087358533104
4.450999999996296,151.65540097414762
4.451999999996294,151.66966594220395
4.452999999996291,151.68363594310898
4.453999999996289,151.6972919049292
4.454999999996287,151.71063278957956
4.455999999996284,151.72363827793757
4.456999999996282,151.73630035139033
4.45799999999628,151.7486265704854
4.458999999996277,151.76061071760873
4.459999999996275,151.77227239892213
4.460999999996273,151.78363297559673
4.46199999999627,151.794693368209
4.462999999996268,151.80548506976635
4.463999999996266,151.8160164316742
4.464999999996263,151.82630668796094
4.465999999996261,151.83636498819592
4.466999999996259,151.84619781744
4.467999999996256,151.8557963807798
4.468999999996254,151.86515874908574
4.469999999996252,151.87427915729205
4.470999999996249,151.88312822113141
4.471999999996247,151.8917048630911
4.472999999996245,151.89997734570582
4.473999999996242,151.9079326676701
4.47499999999624,151.9155613089393
4.475999999996238,151.92284859086917
4.476999999996235,151.9297877664609
4.477999999996233,151.93638716909877
4.478999999996231,151.9426462274152
4.479999999996228,151.94857590510495
4.480999999996226,151.954203106003
4.481999999996224,151.95952924515055
4.482999999996221,151.9645867032652
4.483999999996219,151.96938895526034
4.484999999996217,151.97394654727916
4.485999999996214,151.97827421133968
4.486999999996212,151.982378904958
4.48799999999621,151.98625280626075
4.488999999996207,151.9898994220883
4.489999999996205,151.99330481103516
4.490999999996203,151.99644517793698
4.4919999999962,151.99932070658323
4.492999999996198,152.00190055031075
4.493999999996196,152.00417746871665
4.494999999996193,152.00613415085755
4.495999999996191,152.00776124245752
4.496999999996189,152.0090532111576
4.497999999996186,152.01001908639233
4.498999999996184,152.01066341518805
4.499999999996182,152.01098914698673
4.500999999996179,152.0110281278208
4.501999999996177,152.01078208328002
4.502999999996175,152.01028403221932
4.503999999996172,152.00955191109352
4.50499999999617,152.00858829418354
4.505999999996168,152.00741284903134
4.506999999996165,152.00603288442682
4.507999999996163,152.004441440701
4.508999999996161,152.00264685975878
4.509999999996158,152.00062800533718
4.510999999996156,151.9983661540671
4.511999999996154,151.99586270789283
4.512999999996151,151.99308773889615
4.513999999996149,151.99003915037
4.514999999996147,151.9866929306477
4.515999999996144,151.98304443910183
4.516999999996142,151.97908923777072
4.51799999999614,151.97483692245441
4.518999999996137,151.9702963695741
4.519999999996135,151.96546354848348
4.520999999996133,151.96037439030846
4.5219999999961304,151.95503073755845
4.522999999996128,151.94946597135606
4.523999999996126,151.94370161381704
4.5249999999961235,151.93773338534353
4.525999999996121,151.93158501262113
4.526999999996119,151.92526401769956
4.5279999999961165,151.91876416624697
4.528999999996114,151.91209780578373
4.529999999996112,151.905237930461
4.5309999999961095,151.89817013358243
4.531999999996107,151.89089692839605
4.532999999996105,151.88338928464321
4.5339999999961025,151.87564939131505
4.5349999999961,151.867647923937
4.535999999996098,151.8593841154172
4.5369999999960955,151.85085445209452
4.537999999996093,151.8420689268936
4.538999999996091,151.83303976713484
4.5399999999960885,151.82375730225434
4.540999999996086,151.81426050974815
4.541999999996084,151.8045511579396
4.5429999999960815,151.7946627064356
4.543999999996079,151.7846192455316
4.544999999996077,151.77441105708783
4.5459999999960745,151.76406489481485
4.546999999996072,151.75358834969973
4.54799999999607,151.74297576078723
4.5489999999960675,151.7322424951597
4.549999999996065,151.721357236103
4.550999999996063,151.71030896924535
4.5519999999960605,151.6991011621644
4.552999999996058,151.68770561946468
4.553999999996056,151.6761277919077
4.5549999999960535,151.66433461818792
4.555999999996051,151.65232820806312
4.556999999996049,151.6401057674251
4.5579999999960465,151.62767749213575
4.558999999996044,151.6150578687521
4.559999999996042,151.60223312458984
4.5609999999960396,151.5892441422834
4.561999999996037,151.57609243865258
4.562999999996035,151.5628112777141
4.563999999996033,151.5494262329778
4.56499999999603,151.5359237486899
4.565999999996028,151.5223324939986
4.566999999996026,151.50865998827135
4.567999999996023,151.49490098788894
4.568999999996021,151.48107281106763
4.569999999996019,151.4671415090398
4.570999999996016,151.45309843799103
4.571999999996014,151.43894782783022
4.572999999996012,151.424662222376
4.573999999996009,151.4102492213716
4.574999999996007,151.39567368066207
4.575999999996005,151.38093950824805
4.576999999996002,151.36604440595872
4.577999999996,151.3509985679971
4.578999999995998,151.33581761076414
4.579999999995995,151.32048528589377
4.580999999995993,151.30504321481118
4.581999999995991,151.28949250889178
4.582999999995988,151.2738659877335
4.583999999995986,151.25818962640312
4.584999999995984,151.24244770692658
4.585999999995981,151.22666969623796
4.586999999995979,151.21086291413974
4.587999999995977,151.19502238441368
4.588999999995974,151.17916629695475
4.589999999995972,151.1632597608822
4.59099999999597,151.1472954537385
4.591999999995967,151.13127815607757
4.592999999995965,151.11518103199177
4.593999999995963,151.09901270263796
4.59499999999596,151.08273756945957
4.595999999995958,151.06636024967187
4.596999999995956,151.04987871368465
4.597999999995953,151.03330295253664
4.598999999995951,151.0166486151321
4.599999999995949,150.99989858963693
4.600999999995946,150.983094115664
4.601999999995944,150.96623577584512
4.602999999995942,150.9493557342998
4.603999999995939,150.932479352542
4.604999999995937,150.91559039634282
4.605999999995935,150.89871807280957
4.606999999995932,150.88186939390928
4.60799999999593,150.86503951565356
4.608999999995928,150.84824647344828
4.609999999995925,150.8314560368974
4.610999999995923,150.81466119226624
4.611999999995921,150.79786705395145
4.612999999995918,150.78104727369657
4.613999999995916,150.764210418603
4.614999999995914,150.7473219471345
4.615999999995911,150.73038615061154
4.616999999995909,150.7134010505248
4.617999999995907,150.69637624798136
4.618999999995904,150.67932641959428
4.619999999995902,150.66223509663854
4.6209999999959,150.64514212268827
4.621999999995897,150.628047463624
4.622999999995895,150.61098246369815
4.623999999995893,150.5939709749334
4.62499999999589,150.57699777190626
4.625999999995888,150.56009085991073
4.626999999995886,150.5432568593662
4.627999999995883,150.52649094487828
4.628999999995881,150.50981007870766
4.629999999995879,150.49318212276972
4.630999999995876,150.47659945098744
4.631999999995874,150.46006730268266
4.632999999995872,150.44355968010242
4.633999999995869,150.4270841296232
4.634999999995867,150.4106084856078
4.635999999995865,150.3941357865781
4.636999999995862,150.37766390892108
4.63799999999586,150.36120190108795
4.638999999995858,150.34476260392833
4.639999999995855,150.32833151665457
4.640999999995853,150.31194622693786
4.641999999995851,150.29560603318026
4.6429999999958484,150.2793413470824
4.643999999995846,150.2631737745741
4.644999999995844,150.24709042777786
4.6459999999958415,150.23111732681522
4.646999999995839,150.21526064412112
4.647999999995837,150.19951548540342
4.6489999999958345,150.18389697094315
4.649999999995832,150.1683762505906
4.65099999999583,150.15294430040933
4.6519999999958275,150.13760629461387
4.652999999995825,150.12233645259514
4.653999999995823,150.10714048672833
4.6549999999958205,150.0919896764994
4.655999999995818,150.07688503141176
4.656999999995816,150.06182411681164
4.6579999999958135,150.0468152966174
4.658999999995811,150.03186888945714
4.659999999995809,150.01697344714145
4.6609999999958065,150.00216363011853
4.661999999995804,149.98743805530663
4.662999999995802,149.97282614219202
4.6639999999957995,149.95834670028154
4.664999999995797,149.9439902545344
4.665999999995795,149.9297802446953
4.6669999999957925,149.9157223666755
4.66799999999579,149.9018115984504
4.668999999995788,149.88806062881326
4.6699999999957855,149.87444480907402
4.670999999995783,149.8609530994053
4.671999999995781,149.84759044644983
4.6729999999957785,149.83433116439616
4.673999999995776,149.82117850332511
4.674999999995774,149.80810796972736
4.6759999999957715,149.79511794837313
4.676999999995769,149.7822055641866
4.677999999995767,149.76937839975307
4.6789999999957645,149.75664376434895
4.679999999995762,149.7439940673055
4.68099999999576,149.73146057919044
4.6819999999957576,149.71904125548474
4.682999999995755,149.70676451477948
4.683999999995753,149.6946460199192
4.684999999995751,149.6826804926975
4.685999999995748,149.67088840149506
4.686999999995746,149.65927496387553
4.687999999995744,149.647835000462
4.688999999995741,149.63657837504454
4.689999999995739,149.6254852457132
4.690999999995737,149.61454212585863
4.691999999995734,149.60375360590388
4.692999999995732,149.59309398946044
4.69399999999573,149.5825636394504
4.694999999995727,149.57214276553847
4.695999999995725,149.56182672964346
4.696999999995723,149.55161212714123
4.69799999999572,149.5415056994417
4.698999999995718,149.53151146794755
4.699999999995716,149.5216262040214
4.700999999995713,149.511877541091
4.701999999995711,149.50226282289626
4.702999999995709,149.49280950467192
4.703999999995706,149.48352995396596
4.704999999995704,149.47442356350587
4.705999999995702,149.46550764686515
4.706999999995699,149.45678696549555
4.707999999995697,149.44825618111452
4.708999999995695,149.43992213942136
4.709999999995692,149.43177009540713
4.71099999999569,149.42378387960179
4.711999999995688,149.41596763521633
4.712999999995685,149.40829557141586
4.713999999995683,149.4007649483045
4.714999999995681,149.39336084909493
4.715999999995678,149.38607541724554
4.716999999995676,149.378904670956
4.717999999995674,149.37185448731867
4.718999999995671,149.36492552716183
4.719999999995669,149.3581191254762
4.720999999995667,149.35145924116424
4.721999999995664,149.3449426799962
4.722999999995662,149.3385960107612
4.72399999999566,149.33242834918275
4.724999999995657,149.32644392291752
4.725999999995655,149.32065690663228
4.726999999995653,149.31507164826775
4.72799999999565,149.3096826745487
4.728999999995648,149.30449381364554
4.729999999995646,149.29949540301965
4.730999999995643,149.29466854556222
4.731999999995641,149.29001688544912
4.732999999995639,149.28551447804284
4.733999999995636,149.28115546822036
4.734999999995634,149.27692969384407
4.735999999995632,149.27282608043947
4.736999999995629,149.26884006188718
4.737999999995627,149.26497666247343
4.738999999995625,149.26123330205257
4.739999999995622,149.25761579214165
4.74099999999562,149.2541445733957
4.741999999995618,149.25081600522307
4.742999999995615,149.24765587801122
4.743999999995613,149.24467027230418
4.744999999995611,149.24186812126624
4.745999999995608,149.2392606577203
4.746999999995606,149.2368518746619
4.747999999995604,149.2346362095196
4.748999999995601,149.23261465051297
4.749999999995599,149.23078232483684
4.750999999995597,149.22911774073089
4.751999999995594,149.2276240299667
4.752999999995592,149.22627506072757
4.75399999999559,149.22506203708056
4.754999999995587,149.22397917425786
4.755999999995585,149.22301236017196
4.756999999995583,149.2221564747624
4.75799999999558,149.2214157320835
4.758999999995578,149.22078460026955
4.759999999995576,149.22027302051563
4.760999999995573,149.2198982400686
4.761999999995571,149.21965627493844
4.762999999995569,149.21957226732943
4.7639999999955664,149.2196496258539
4.764999999995564,149.219901597835
4.765999999995562,149.22033682612312
4.7669999999955595,149.2209590185261
4.767999999995557,149.22176258615568
4.768999999995555,149.2227460070171
4.7699999999955525,149.22390866632728
4.77099999999555,149.22522676626465
4.771999999995548,149.22670294858068
4.7729999999955455,149.22831088678234
4.773999999995543,149.23003918007365
4.774999999995541,149.23188582801203
4.7759999999955385,149.2338340162404
4.776999999995536,149.23587813397876
4.777999999995534,149.2380216539222
4.7789999999955315,149.24025652144323
4.779999999995529,149.242596242012
4.780999999995527,149.245055330822
4.7819999999955245,149.24762956850046
4.782999999995522,149.2503435923093
4.78399999999552,149.2531986164872
4.7849999999955175,149.2562115929435
4.785999999995515,149.25938904861044
4.786999999995513,149.2627344822484
4.7879999999955105,149.2662423538691
4.788999999995508,149.2699090818936
4.789999999995506,149.27373758840326
4.7909999999955035,149.2777021846095
4.791999999995501,149.28180507593234
4.792999999995499,149.28601975800413
4.7939999999954965,149.2903326903237
4.794999999995494,149.29474489931474
4.795999999995492,149.2992373273123
4.7969999999954895,149.30380396284602
4.797999999995487,149.308447626773
4.798999999995485,149.31315827507805
4.7999999999954825,149.31795224403217
4.80099999999548,149.32284187777563
4.801999999995478,149.32782282872225
4.8029999999954756,149.33291937661875
4.803999999995473,149.33813109719014
4.804999999995471,149.34347787197476
4.805999999995469,149.34896467142883
4.806999999995466,149.35459486310575
4.807999999995464,149.3603630380755
4.808999999995462,149.36626409103462
4.809999999995459,149.37230362678474
4.810999999995457,149.37845457306295
4.811999999995455,149.3847187780754
4.812999999995452,149.39106959774819
4.81399999999545,149.39749190900466
4.814999999995448,149.40398890009453
4.815999999995445,149.41053981659778
4.816999999995443,149.41713835614138
4.817999999995441,149.42378679163855
4.818999999995438,149.4304736890071
4.819999999995436,149.43721737025598
4.820999999995434,149.44402862953694
4.821999999995431,149.45090309215138
4.822999999995429,149.45786482373111
4.823999999995427,149.46491235798914
4.824999999995424,149.47206762430784
4.825999999995422,149.47933464262292
4.82699999999542,149.4867167244917
4.827999999995417,149.49420867584215
4.828999999995415,149.5018044507851
4.829999999995413,149.50951140963977
4.83099999999541,149.51730165955985
4.831999999995408,149.52517678913884
4.832999999995406,149.53311007010848
4.833999999995403,149.54108540602775
4.834999999995401,149.54910723319696
4.835999999995399,149.55715369612255
4.836999999995396,149.56521832339544
4.837999999995394,149.57330295168705
4.838999999995392,149.58139538264794
4.839999999995389,149.58951502630302
4.840999999995387,149.5976717678726
4.841999999995385,149.60586129611247
4.842999999995382,149.6141075946609
4.84399999999538,149.62240875508314
4.844999999995378,149.63078782656632
4.845999999995375,149.63924849226018
4.846999999995373,149.64779407642618
4.847999999995371,149.65641968019355
4.848999999995368,149.6651189095029
4.849999999995366,149.67389993975232
4.850999999995364,149.68273463809572
4.851999999995361,149.6916244420537
4.852999999995359,149.700542607117
4.853999999995357,149.70947268464647
4.854999999995354,149.7184194539221
4.855999999995352,149.7273605645466
4.85699999999535,149.73628950211432
4.857999999995347,149.74520778000854
4.858999999995345,149.75410304961753
4.859999999995343,149.7629949163677
4.86099999999534,149.7718929792277
4.861999999995338,149.78079306682574
4.862999999995336,149.78971919552214
4.863999999995333,149.79866958309782
4.864999999995331,149.8076674831524
4.865999999995329,149.81671682699957
4.866999999995326,149.82582101053666
4.867999999995324,149.834975502322
4.868999999995322,149.84417412589264
4.869999999995319,149.85342497429178
4.870999999995317,149.86270023678514
4.871999999995315,149.8720013115523
4.872999999995312,149.88130151291296
4.87399999999531,149.89058463508528
4.874999999995308,149.8998549566802
4.875999999995305,149.90909021250408
4.876999999995303,149.91828396766405
4.877999999995301,149.92743752021883
4.878999999995298,149.9365389385717
4.879999999995296,149.94560718921912
4.880999999995294,149.95465215450963
4.881999999995291,149.9636698625333
4.882999999995289,149.97268445488442
4.883999999995287,149.98169478175063
4.8849999999952844,149.99072345210982
4.885999999995282,149.99977516925483
4.88699999999528,150.00885344726402
4.8879999999952775,150.01795418224836
4.888999999995275,150.02707192262622
4.889999999995273,150.03621387413588
4.8909999999952705,150.04535305925407
4.891999999995268,150.05449094434658
4.892999999995266,150.06360097926336
4.8939999999952635,150.0726677362665
4.894999999995261,150.08169425618138
4.895999999995259,150.09065888065268
4.8969999999952565,150.09955536623036
4.897999999995254,150.10838489302404
4.898999999995252,150.117136437258
4.8999999999952495,150.1258275960048
4.900999999995247,150.13446902245641
4.901999999995245,150.14305698519647
4.9029999999952425,150.15161581799063
4.90399999999524,150.1601454225805
4.904999999995238,150.1686670261508
4.9059999999952355,150.17718654012148
4.906999999995233,150.18570762911233
4.907999999995231,150.19422666164024
4.9089999999952285,150.20273933378925
4.909999999995226,150.21125129164037
4.910999999995224,150.2197368238659
4.9119999999952215,150.22819756169105
4.912999999995219,150.23660716365518
4.913999999995217,150.24495142774322
4.9149999999952145,150.25323156160795
4.915999999995212,150.26142695041838
4.91699999999521,150.26953163750608
4.9179999999952075,150.27754676716486
4.918999999995205,150.28546261475626
4.919999999995203,150.2932948168303
4.9209999999952005,150.30105518056342
4.921999999995198,150.30874023676932
4.922999999995196,150.31637455094938
4.9239999999951936,150.32395939057218
4.924999999995191,150.33151401065646
4.925999999995189,150.33904585990314
4.926999999995187,150.34655877063227
4.927999999995184,150.35404961125747
4.928999999995182,150.3615155448885
4.92999999999518,150.3689601470175
4.930999999995177,150.37635930713947
4.931999999995175,150.38371490170994
4.932999999995173,150.3910008629999
4.93399999999517,150.39820455480876
4.934999999995168,150.40532492168842
4.935999999995166,150.41234272482217
4.936999999995163,150.41925236848664
4.937999999995161,150.42605502458042
4.938999999995159,150.43274254419276
4.939999999995156,150.43932817562916
4.940999999995154,150.4458251446781
4.941999999995152,150.45223024708625
4.942999999995149,150.45856829205573
4.943999999995147,150.46484211174732
4.944999999995145,150.47106856833213
4.945999999995142,150.47725685854272
4.94699999999514,150.48341098430913
4.947999999995138,150.48952832305838
4.948999999995135,150.4956077098438
4.949999999995133,150.5016503165961
4.950999999995131,150.50763385737346
4.951999999995128,150.51356051398852
4.952999999995126,150.51940454575183
4.953999999995124,150.52515510302123
4.954999999995121,150.53080861434597
4.955999999995119,150.53634743405945
4.956999999995117,150.54176637736637
4.957999999995114,150.54706668643888
4.958999999995112,150.55224194298643
4.95999999999511,150.55730275442014
4.960999999995107,150.56226390543227
4.961999999995105,150.5671224416534
4.962999999995103,150.5719034016563
4.9639999999951,150.57661126371997
4.964999999995098,150.58126025646519
4.965999999995096,150.58586141381076
4.966999999995093,150.59041889480258
4.967999999995091,150.59493057685356
4.968999999995089,150.59939705449187
4.969999999995086,150.6038169451508
4.970999999995084,150.60816989587386
4.971999999995082,150.6124584314024
4.972999999995079,150.6166571772126
4.973999999995077,150.62075716841713
4.974999999995075,150.62475224127226
4.975999999995072,150.6286264420683
4.97699999999507,150.63237502157332
4.977999999995068,150.63599931351095
4.978999999995065,150.63949466464373
4.979999999995063,150.64286896359883
4.980999999995061,150.6461385722898
4.981999999995058,150.64930075562842
4.982999999995056,150.65238074371416
4.983999999995054,150.65538462998026
4.984999999995051,150.65832394684136
4.985999999995049,150.66121153768512
4.986999999995047,150.66405169342613
4.987999999995044,150.66684276570095
4.988999999995042,150.66958708344023
4.98999999999504,150.67228073306728
4.990999999995037,150.67490529101656
4.991999999995035,150.67746363946983
4.992999999995033,150.67993079376328
4.99399999999503,150.6822996543386
4.994999999995028,150.6845615540902
4.995999999995026,150.68670221656228
4.996999999995023,150.6887173279539
4.997999999995021,150.69060831428575
4.998999999995019,150.69237221005727
4.999999999995016,150.69401427065935
5.000999999995014,150.69555234144246
5.001999999995012,150.69698386340983
5.002999999995009,150.69833420085058
5.003999999995007,150.6996109308328
5.004999999995005,150.70082299197068
5.0059999999950024,150.7019849042529
5.006999999995,150.7031010549234
5.007999999994998,150.70417022975985
5.0089999999949955,150.7051963660179
5.009999999994993,150.70617319920322
5.010999999994991,150.70708412977368
5.0119999999949885,150.70793238991388
5.012999999994986,150.70869339309488
5.013999999994984,150.70936178008594
5.0149999999949815,150.70992661386887
5.015999999994979,150.71037517872657
5.016999999994977,150.7107035735545
5.0179999999949745,150.71091329899787
5.018999999994972,150.71100290332893
5.01999999999497,150.71097523711956
5.0209999999949675,150.7108494393639
5.021999999994965,150.71062307499253
5.022999999994963,150.71032157057624
5.0239999999949605,150.7099537719548
5.024999999994958,150.7095262692849
5.025999999994956,150.70905503856122
5.0269999999949535,150.70854452049048
5.027999999994951,150.70799388387343
5.028999999994949,150.7074084642647
5.0299999999949465,150.7067799569989
5.030999999994944,150.7060933953322
5.031999999994942,150.70535233458475
5.0329999999949395,150.7045325803593
5.033999999994937,150.70363030090468
5.034999999994935,150.70263263944264
5.0359999999949325,150.70152823981294
5.03699999999493,150.7003135717825
5.037999999994928,150.69899017771894
5.0389999999949255,150.69755786892472
5.039999999994923,150.69601743483722
5.040999999994921,150.69438904307592
5.0419999999949185,150.69267032526645
5.042999999994916,150.69088668931
5.043999999994914,150.689047972601
5.0449999999949116,150.68715877614713
5.045999999994909,150.685236245121
5.046999999994907,150.68328482682094
5.047999999994905,150.68130401470842
5.048999999994902,150.67930026958027
5.0499999999949,150.6772636563812
5.050999999994898,150.67518058403704
5.051999999994895,150.67305488836215
5.052999999994893,150.6708627488273
5.053999999994891,150.66860158216238
5.054999999994888,150.66625704622155
5.055999999994886,150.66381887950905
5.056999999994884,150.66128386620252
5.057999999994881,150.65865354617904
5.058999999994879,150.65592868917486
5.059999999994877,150.65310845029137
5.060999999994874,150.65021370916062
5.061999999994872,150.64724210581878
5.06299999999487,150.64421894517523
5.063999999994867,150.64115473965103
5.064999999994865,150.63805254113922
5.065999999994863,150.63493033467424
5.06699999999486,150.63179252663414
5.067999999994858,150.62863887359492
5.068999999994856,150.6254766484559
5.069999999994853,150.62229475987198
5.070999999994851,150.61908069172472
5.071999999994849,150.61583850622762
5.072999999994846,150.61254472889095
5.073999999994844,150.60919770359428
5.074999999994842,150.60578208689037
5.075999999994839,150.6022884063019
5.076999999994837,150.59871369435893
5.077999999994835,150.59505943717764
5.078999999994832,150.59132702863735
5.07999999999483,150.58751446526236
5.080999999994828,150.58364299512414
5.081999999994825,150.5797102111156
5.082999999994823,150.57574123289626
5.083999999994821,150.5717469154331
5.084999999994818,150.56772924734068
5.085999999994816,150.5637067059186
5.086999999994814,150.559683611628
5.087999999994811,150.5556599233804
5.088999999994809,150.5516433962419
5.089999999994807,150.54762228575768
5.090999999994804,150.54358482933998
5.091999999994802,150.53953525472124
5.0929999999948,150.53545039909386
5.093999999994797,150.5313291939217
5.094999999994795,150.52715579397065
5.095999999994793,150.52292119263055
5.09699999999479,150.51862260025268
5.097999999994788,150.51426139518907
5.098999999994786,150.50983925509112
5.099999999994783,150.50535350885573
5.100999999994781,150.50082542638748
5.101999999994779,150.49625250391685
5.102999999994776,150.49165960049226
5.103999999994774,150.48705758727482
5.104999999994772,150.48244788702917
5.105999999994769,150.47784912643158
5.106999999994767,150.47326550030388
5.107999999994765,150.46869711345246
5.108999999994762,150.46415187837667
5.10999999999476,150.45961789627103
5.110999999994758,150.45508383783408
5.111999999994755,150.45055403323096
5.112999999994753,150.44600559357218
5.113999999994751,150.44143770288548
5.114999999994748,150.4368344973524
5.115999999994746,150.43218711751265
5.116999999994744,150.42749288143344
5.117999999994741,150.42275300695533
5.118999999994739,150.41796913067
5.119999999994737,150.41313838872736
5.120999999994734,150.40828174489428
5.121999999994732,150.40339655790402
5.12299999999473,150.3985073616557
5.123999999994727,150.39362474276678
5.124999999994725,150.38875003577408
5.125999999994723,150.38390169893987
5.1269999999947204,150.379083769112
5.127999999994718,150.37429644786314
5.128999999994716,150.36954750499294
5.1299999999947135,150.36482535187488
5.130999999994711,150.3601187929841
5.131999999994709,150.35543219981292
5.1329999999947065,150.35074291919338
5.133999999994704,150.3460500773328
5.134999999994702,150.34133823117108
5.1359999999946995,150.3365983734606
5.136999999994697,150.3318278646376
5.137999999994695,150.3270277139897
5.1389999999946925,150.32219922615423
5.13999999999469,150.31733977626598
5.140999999994688,150.3124697308844
5.1419999999946855,150.30758628092204
5.142999999994683,150.30271358427535
5.143999999994681,150.29786168377814
5.1449999999946785,150.2930322566068
5.145999999994676,150.28824331664043
5.146999999994674,150.28349871925093
5.1479999999946715,150.2787987231314
5.148999999994669,150.27415069569724
5.149999999994667,150.26954376412252
5.1509999999946645,150.2649666040672
5.151999999994662,150.26042357279974
5.15299999999466,150.25589221684336
5.1539999999946575,150.25137133526124
5.154999999994655,150.2468462791735
5.155999999994653,150.24230763819668
5.1569999999946505,150.23775275805016
5.157999999994648,150.23318239889014
5.158999999994646,150.22859729079005
5.1599999999946435,150.2239954147932
5.160999999994641,150.2193963001578
5.161999999994639,150.2147969511149
5.1629999999946365,150.21022111408064
5.163999999994634,150.2056780820175
5.164999999994632,150.20117023754213
5.1659999999946296,150.19671492840524
5.166999999994627,150.1923158145036
5.167999999994625,150.18797318283202
5.168999999994623,150.18369379082554
5.16999999999462,150.1794678096133
5.170999999994618,150.17528357255208
5.171999999994616,150.1711453754518
5.172999999994613,150.16703093279972
5.173999999994611,150.1629385003752
5.174999999994609,150.15885451515356
5.175999999994606,150.1547689595077
5.176999999994604,150.15067911823368
5.177999999994602,150.1465854711379
5.178999999994599,150.1424879892896
5.179999999994597,150.1383855462585
5.180999999994595,150.13429665430192
5.181999999994592,150.1302181237219
5.18299999999459,150.12617326987416
5.183999999994588,150.12217049007566
5.184999999994585,150.11821315213143
5.185999999994583,150.11431777789522
5.186999999994581,150.11048782727272
5.187999999994578,150.1067235980724
5.188999999994576,150.10303108943143
5.189999999994574,150.0994017551288
5.190999999994571,150.0958234297014
5.191999999994569,150.09230031048236
5.192999999994567,150.0888102540643
5.193999999994564,150.0853508175593
5.194999999994562,150.08190972445013
5.19599999999456,150.07847620425903
5.196999999994557,150.07504744715195
5.197999999994555,150.0716236318262
5.198999999994553,150.06820384933872
5.19999999999455,150.06478806304537
5.200999999994548,150.06139365365843
5.201999999994546,150.05801724127778
5.202999999994543,150.05468170601267
5.203999999994541,150.05139446680434
5.204999999994539,150.0481600648988
5.205999999994536,150.04499410163413
5.206999999994534,150.041899841233
5.207999999994532,150.03887758586092
5.208999999994529,150.03593249015796
5.209999999994527,150.03305743439526
5.210999999994525,150.03023965828226
5.211999999994522,150.0274832349161
5.21299999999452,150.02476614399853
5.213999999994518,150.02208515240505
5.214999999994515,150.0194293768966
5.215999999994513,150.01678720998225
5.216999999994511,150.01415572662788
5.217999999994508,150.01153479445782
5.218999999994506,150.0089225678123
5.219999999994504,150.00632020497295
5.220999999994501,150.00374390603878
5.221999999994499,150.00119011438105
5.222999999994497,149.9986812846453
5.223999999994494,149.99622383634846
5.224999999994492,149.99382357886165
5.22599999999449,149.99149516241923
5.226999999994487,149.98924166757587
5.227999999994485,149.98706340448808
5.228999999994483,149.98496465795225
5.22999999999448,149.9829397845602
5.230999999994478,149.98097539321628
5.231999999994476,149.97907541847158
5.232999999994473,149.97721795147314
5.233999999994471,149.97539893998598
5.234999999994469,149.97360890997138
5.235999999994466,149.97183539312073
5.236999999994464,149.97007534158317
5.237999999994462,149.96832831234425
5.238999999994459,149.9665915275623
5.239999999994457,149.96486735653536
5.240999999994455,149.96317083150066
5.241999999994452,149.96149824062655
5.24299999999445,149.95987163477812
5.243999999994448,149.95829646975173
5.244999999994445,149.9567798279025
5.245999999994443,149.95533543699494
5.246999999994441,149.95396621212038
5.2479999999944384,149.95267248369152
5.248999999994436,149.95145769740955
5.249999999994434,149.95031764837526
5.2509999999944315,149.94923833466967
5.251999999994429,149.94822354895965
5.252999999994427,149.94725148941598
5.2539999999944245,149.94631731376327
5.254999999994422,149.94541289042522
5.25599999999442,149.94452492223218
5.2569999999944175,149.94365024289232
5.257999999994415,149.9427881086522
5.258999999994413,149.94193486884356
5.2599999999944105,149.941094038933
5.260999999994408,149.9402795509301
5.261999999994406,149.93948756540019
5.2629999999944035,149.9387397604494
5.263999999994401,149.93804071281627
5.264999999994399,149.93739870165678
5.2659999999943965,149.93682661224597
5.266999999994394,149.93632721692907
5.267999999994392,149.93590088544696
5.2689999999943895,149.93555030361014
5.269999999994387,149.93527259056336
5.270999999994385,149.93505320250034
5.2719999999943825,149.93489579672607
5.27299999999438,149.93477868078944
5.273999999994378,149.93469630163642
5.2749999999943755,149.93464173306145
5.275999999994373,149.93460092930366
5.276999999994371,149.93457062045158
5.2779999999943685,149.93454977999284
5.278999999994366,149.93453398958636
5.279999999994364,149.93452777726742
5.2809999999943615,149.9345440878534
5.281999999994359,149.93457898587127
5.282999999994357,149.93465381423638
5.2839999999943545,149.93477239433437
5.284999999994352,149.93494405769604
5.28599999999435,149.93518096832918
5.2869999999943476,149.93548578128468
5.287999999994345,149.93585892949645
5.288999999994343,149.936302456779
5.289999999994341,149.93681462970616
5.290999999994338,149.93738047124842
5.291999999994336,149.93800351818967
5.292999999994334,149.93866219572445
5.293999999994331,149.93935035951236
5.294999999994329,149.94006209662058
5.295999999994327,149.94078273167884
5.296999999994324,149.941508914428
5.297999999994322,149.94223935997974
5.29899999999432,149.94296902242056
5.299999999994317,149.94370325515976
5.300999999994315,149.94445416305163
5.301999999994313,149.9452177480119
5.30299999999431,149.9460150590196
5.303999999994308,149.94684931362627
5.304999999994306,149.9477306987505
5.305999999994303,149.94867080803365
5.306999999994301,149.9496722057234
5.307999999994299,149.95073541449747
5.308999999994296,149.95186198167178
5.309999999994294,149.95305109933392
5.310999999994292,149.95428749490466
5.311999999994289,149.95557460591093
5.312999999994287,149.9568909882941
5.313999999994285,149.9582300547359
5.314999999994282,149.9595866756353
5.31599999999428,149.9609456927614
5.316999999994278,149.96230370493865
5.317999999994275,149.96365919780348
5.318999999994273,149.96500666107193
5.319999999994271,149.96635204970508
5.320999999994268,149.96770679786044
5.321999999994266,149.96906687818986
5.322999999994264,149.97045308791255
5.323999999994261,149.97186820828944
5.324999999994259,149.97332304946437
5.325999999994257,149.97482880310082
5.326999999994254,149.97638796858186
5.327999999994252,149.97800118555773
5.32899999999425,149.97966966625583
5.329999999994247,149.98139327902874
5.330999999994245,149.98315661101964
5.331999999994243,149.98496302612142
5.33299999999424,149.98679122764585
5.333999999994238,149.98863435039348
5.334999999994236,149.99048779814837
5.335999999994233,149.99233609274634
5.336999999994231,149.9941758152719
5.337999999994229,149.99600525337834
5.338999999994226,149.9978186065865
5.339999999994224,149.9996221885365
5.340999999994222,150.0014269417418
5.341999999994219,150.00322884106498
5.342999999994217,150.0050484725811
5.343999999994215,150.00688835320497
5.344999999994212,150.0087596668454
5.34599999999421,150.01067337699962
5.346999999994208,150.01263194219018
5.347999999994205,150.01463614505397
5.348999999994203,150.01668702854124
5.349999999994201,150.0187848786387
5.350999999994198,150.02091430363942
5.351999999994196,150.02307862167538
5.352999999994194,150.02525670217534
5.353999999994191,150.02744157202838
5.354999999994189,150.02962891581754
5.355999999994187,150.03180310306908
5.356999999994184,150.03396073164743
5.357999999994182,150.03609992338954
5.35899999999418,150.03821476113345
5.359999999994177,150.04031167238702
5.360999999994175,150.0424012851368
5.361999999994173,150.04447960459285
5.36299999999417,150.04656704256692
5.363999999994168,150.0486660171652
5.364999999994166,150.05078783657612
5.365999999994163,150.05294340408722
5.366999999994161,150.05513515827778
5.367999999994159,150.05736404796036
5.3689999999941564,150.05963110628113
5.369999999994154,150.06193678567172
5.370999999994152,150.0642658724261
5.3719999999941495,150.0666216669624
5.372999999994147,150.06898322428916
5.373999999994145,150.07134362710025
5.3749999999941425,150.0736986014616
5.37599999999414,150.0760325262132
5.376999999994138,150.07834204955904
5.3779999999941355,150.08062515859234
5.378999999994133,150.08287598177554
5.379999999994131,150.08510082934578
5.3809999999941285,150.08731017944564
5.381999999994126,150.08950009124234
5.382999999994124,150.091690833693
5.3839999999941215,150.09388487579176
5.384999999994119,150.09609341613458
5.385999999994117,150.0983274500046
5.3869999999941145,150.10058941302387
5.387999999994112,150.10288043918177
5.38899999999411,150.10520169560132
5.3899999999941075,150.10755357221342
5.390999999994105,150.10992117606946
5.391999999994103,150.11230781620526
5.3929999999941005,150.1146927520271
5.393999999994098,150.117069269778
5.394999999994096,150.119432924557
5.3959999999940935,150.12176825077162
5.396999999994091,150.12407197752262
5.397999999994089,150.12634198557336
5.3989999999940865,150.12857259120375
5.399999999994084,150.13076978321342
5.400999999994082,150.13294403334012
5.4019999999940795,150.13509147296813
5.402999999994077,150.1372322528411
5.403999999994075,150.13936901906374
5.4049999999940725,150.14151265557933
5.40599999999407,150.14367437807255
5.406999999994068,150.145856631662
5.4079999999940656,150.14806074933728
5.408999999994063,150.15028815272714
5.409999999994061,150.152538974588
5.410999999994059,150.154798763604
5.411999999994056,150.15707086042394
5.412999999994054,150.15933474579273
5.413999999994052,150.16158403342465
5.414999999994049,150.16381393252396
5.415999999994047,150.1660092563543
5.416999999994045,150.1681668407823
5.417999999994042,150.17028448469668
5.41899999999404,150.1723568073876
5.419999999994038,150.1743893093702
5.420999999994035,150.176392571464
5.421999999994033,150.17836280967737
5.422999999994031,150.180320073648
5.423999999994028,150.18226728380841
5.424999999994026,150.18421484331336
5.425999999994024,150.1861742869961
5.426999999994021,150.18814807709853
5.427999999994019,150.19013775364127
5.428999999994017,150.1921450845952
5.429999999994014,150.19416979386213
5.430999999994012,150.19619796502295
5.43199999999401,150.19823298870386
5.432999999994007,150.20025458103726
5.433999999994005,150.20225677765436
5.434999999994003,150.20423431174441
5.435999999994,150.20617237029023
5.436999999993998,150.2080679158128
5.437999999993996,150.20991868487457
5.438999999993993,150.2117196833835
5.439999999993991,150.21347580102804
5.440999999993989,150.21519781086567
5.441999999993986,150.21688201994132
5.442999999993984,150.21854838606117
5.443999999993982,150.22020016895974
5.444999999993979,150.22184717046306
5.445999999993977,150.22350131012863
5.446999999993975,150.22516507012085
5.447999999993972,150.22684019945495
5.44899999999397,150.2285288724485
5.449999999993968,150.23023030064914
5.450999999993965,150.23193116470318
5.451999999993963,150.23363491807822
5.452999999993961,150.2353215226679
5.453999999993958,150.23698549773312
5.454999999993956,150.23862101888423
5.455999999993954,150.24021371007484
5.456999999993951,150.24176067359878
5.457999999993949,150.24325959773944
5.458999999993947,150.24470592485133
5.459999999993944,150.24610385902645
5.460999999993942,150.24746441443037
5.46199999999394,150.24878398976938
5.462999999993937,150.25008245263695
5.463999999993935,150.25136343387027
5.464999999993933,150.25263606208756
5.46599999999393,150.25391267289106
5.466999999993928,150.25519576658314
5.467999999993926,150.25648729722897
5.468999999993923,150.2577898728265
5.469999999993921,150.25910213881951
5.470999999993919,150.26041140281876
5.471999999993916,150.2617211880428
5.472999999993914,150.2630117083882
5.473999999993912,150.26427799486888
5.474999999993909,150.26551363277204
5.475999999993907,150.26670471380538
5.476999999993905,150.26784848606962
5.477999999993902,150.26894259792283
5.4789999999939,150.26998294439014
5.479999999993898,150.27097301698822
5.480999999993895,150.2719240859806
5.481999999993893,150.27283263706934
5.482999999993891,150.27371844224135
5.483999999993888,150.27458550332403
5.484999999993886,150.2754422521107
5.485999999993884,150.2763014384989
5.486999999993881,150.27716557507296
5.487999999993879,150.27803681156556
5.488999999993877,150.27891818568526
5.4899999999938744,150.2798077709686
5.490999999993872,150.28069350066116
5.49199999999387,150.28157896866543
5.4929999999938675,150.2824446428486
5.493999999993865,150.28328606193543
5.494999999993863,150.284096234014
5.4959999999938605,150.28486171822104
5.496999999993858,150.28557990759262
5.497999999993856,150.28624841340417
5.4989999999938535,150.28686356831705
5.499999999993851,150.28742816896187
5.500999999993849,150.2879537253703
5.5019999999938465,150.28843680106985
5.502999999993844,150.28889706102038
5.503999999993842,150.28933884923464
5.5049999999938395,150.28976992177252
5.505999999993837,150.29020341124885
5.506999999993835,150.2906418333271
5.5079999999938325,150.29108751937994
5.50899999999383,150.29154390484564
5.509999999993828,150.29200852871372
5.5109999999938255,150.29246992030255
5.511999999993823,150.29293173957524
5.512999999993821,150.2933747062034
5.5139999999938185,150.29379483386106
5.514999999993816,150.29418460678025
5.515999999993814,150.29453102335142
5.5169999999938115,150.29483161440513
5.517999999993809,150.29508395201293
5.518999999993807,150.29528476434953
5.5199999999938045,150.2954362097308
5.520999999993802,150.29554999469735
5.5219999999938,150.29562274792616
5.5229999999937975,150.2956740112095
5.523999999993795,150.29570841805315
5.524999999993793,150.2957331084007
5.5259999999937905,150.29576154108614
5.526999999993788,150.29579622317152
5.527999999993786,150.29583965004275
5.5289999999937836,150.29589559973678
5.529999999993781,150.29596115005126
5.530999999993779,150.29602537321819
5.531999999993777,150.29609198582907
5.532999999993774,150.2961419535348
5.533999999993772,150.2961717085114
5.53499999999377,150.29617329690086
5.535999999993767,150.29613410518965
5.536999999993765,150.29605178959412
5.537999999993763,150.29592387672182
5.53899999999376,150.29574742666503
5.539999999993758,150.29552404706175
5.540999999993756,150.29526557654765
5.541999999993753,150.2949686939022
5.542999999993751,150.294652798396
5.543999999993749,150.29432274240781
5.544999999993746,150.2939851397551
5.545999999993744,150.2936537001988
5.546999999993742,150.29333090903972
5.547999999993739,150.29301940564974
5.548999999993737,150.29272323837043
5.549999999993735,150.2924391242856
5.550999999993732,150.29215660756535
5.55199999999373,150.29187944823056
5.552999999993728,150.29158884911598
5.553999999993725,150.29128158695391
5.554999999993723,150.29094937880365
5.555999999993721,150.29057993104894
5.556999999993718,150.2901710089158
5.557999999993716,150.2897200842039
5.558999999993714,150.2892244703966
5.559999999993711,150.28868533401618
5.560999999993709,150.28811456686904
5.561999999993707,150.28750888166613
5.562999999993704,150.28688751415223
5.563999999993702,150.28625545365625
5.5649999999937,150.28561889884946
5.565999999993697,150.28499172316648
5.566999999993695,150.2843763765049
5.567999999993693,150.28377562109057
5.56899999999369,150.2831936926964
5.569999999993688,150.28262706549125
5.570999999993686,150.2820656732783
5.571999999993683,150.28151330376497
5.572999999993681,150.28095138605738
5.573999999993679,150.2803769568012
5.574999999993676,150.2797815263911
5.575999999993674,150.27915304242873
5.576999999993672,150.27848936025376
5.577999999993669,150.27778788561335
5.578999999993667,150.27704609884498
5.579999999993665,150.27626484714003
5.580999999993662,150.27545598907298
5.58199999999366,150.2746162551626
5.582999999993658,150.27376469658003
5.583999999993655,150.2729063531363
5.584999999993653,150.27204713045984
5.585999999993651,150.2712009734421
5.586999999993648,150.27037028346356
5.587999999993646,150.26955792463406
5.588999999993644,150.2687682334038
5.589999999993641,150.26799756615392
5.590999999993639,150.26723615932443
5.591999999993637,150.26648781133315
5.592999999993634,150.26573416547942
5.593999999993632,150.26497242985607
5.59499999999363,150.26419403425655
5.595999999993627,150.26338708498935
5.596999999993625,150.26254950759582
5.597999999993623,150.2616786298436
5.59899999999362,150.2607720112113
5.599999999993618,150.25983030399996
5.600999999993616,150.2588652465082
5.601999999993613,150.25787357213244
5.602999999993611,150.25687412779126
5.603999999993609,150.2558719192202
5.604999999993606,150.25487268261813
5.605999999993604,150.25389034384764
5.606999999993602,150.25292724404895
5.607999999993599,150.25198632958353
5.608999999993597,150.251071953267
5.609999999993595,150.2501804766811
5.6109999999935924,150.24930235355754
5.61199999999359,150.24844137607465
5.612999999993588,150.24757938944867
5.6139999999935855,150.24671368740704
5.614999999993583,150.24583573983293
5.615999999993581,150.2449337316528
5.6169999999935785,150.24400563915316
5.617999999993576,150.24304870064242
5.618999999993574,150.24206047208463
5.6199999999935715,150.24104152922266
5.620999999993569,150.24000340863134
5.621999999993567,150.23894283378442
5.6229999999935645,150.23787843028154
5.623999999993562,150.23681509281238
5.62499999999356,150.2357585045514
5.6259999999935575,150.23472248949787
5.626999999993555,150.23370931895147
5.627999999993553,150.232722004224
5.6289999999935505,150.2317648381613
5.629999999993548,150.2308343000428
5.630999999993546,150.22992098280363
5.6319999999935435,150.2290286566198
5.632999999993541,150.22813935703653
5.633999999993539,150.2272503858945
5.6349999999935365,150.22635336075828
5.635999999993534,150.22543647297812
5.636999999993532,150.22449773183325
5.6379999999935295,150.22353427616412
5.638999999993527,150.22254358609726
5.639999999993525,150.22152626560245
5.6409999999935225,150.22049357889307
5.64199999999352,150.21944222958038
5.642999999993518,150.2183906084341
5.6439999999935155,150.21734343433482
5.644999999993513,150.2163064393157
5.645999999993511,150.21529327514324
5.6469999999935085,150.2143061363174
5.647999999993506,150.2133480848781
5.648999999993504,150.21242328978806
5.6499999999935016,150.21152844327816
5.650999999993499,150.21065421117842
5.651999999993497,150.20980432805976
5.652999999993495,150.20896100963546
5.653999999993492,150.20812150112658
5.65499999999349,150.20727765623425
5.655999999993488,150.20641761278665
5.656999999993485,150.20553939804884
5.657999999993483,150.204640043659
5.658999999993481,150.20371689591323
5.659999999993478,150.20277067251456
5.660999999993476,150.2018123094456
5.661999999993474,150.20083848384823
5.662999999993471,150.19986734230486
5.663999999993469,150.19890337863893
5.664999999993467,150.19795245557097
5.665999999993464,150.1970279981942
5.666999999993462,150.19613212020656
5.66799999999346,150.1952679237034
5.668999999993457,150.1944394053867
5.669999999993455,150.19364354359178
5.670999999993453,150.1928710257946
5.67199999999345,150.1921255401811
5.672999999993448,150.1913894745116
5.673999999993446,150.1906599685502
5.674999999993443,150.1899291773718
5.675999999993441,150.18918514064424
5.676999999993439,150.1884258920632
5.677999999993436,150.18764835115167
5.678999999993434,150.18684968933124
5.679999999993432,150.18603080047708
5.680999999993429,150.1852022537274
5.681999999993427,150.18436069669272
5.682999999993425,150.18352402683794
5.683999999993422,150.18269648107915
5.68499999999342,150.1818841110618
5.685999999993418,150.1811000787055
5.686999999993415,150.1803464159104
5.687999999993413,150.1796262578962
5.688999999993411,150.1789433979717
5.689999999993408,150.1782951488306
5.690999999993406,150.17767218525168
5.691999999993404,150.1770781415342
5.692999999993401,150.17649557172683
5.693999999993399,150.17592147888564
5.694999999993397,150.17534835944338
5.695999999993394,150.17476412719301
5.696999999993392,150.17416681458494
5.69799999999339,150.17355322721747
5.698999999993387,150.17292033866454
5.699999999993385,150.17226925658204
5.700999999993383,150.1716101629546
5.70199999999338,150.1709396762627
5.702999999993378,150.17027544428623
5.703999999993376,150.16962143305412
5.704999999993373,150.16898391627248
5.705999999993371,150.16837577467655
5.706999999993369,150.16779896024815
5.707999999993366,150.1672566380417
5.708999999993364,150.16675238439913
5.709999999993362,150.16628386897005
5.710999999993359,150.16584173686562
5.711999999993357,150.16542956439474
5.712999999993355,150.1650300686763
5.713999999993352,150.1646401026249
5.71499999999335,150.16425251869606
5.715999999993348,150.1638550943018
5.716999999993345,150.16344585690416
5.717999999993343,150.16302149950883
5.718999999993341,150.16257879267505
5.719999999993338,150.16211907077098
5.720999999993336,150.16165212625063
5.721999999993334,150.16117455204966
5.722999999993331,150.16070374968413
5.723999999993329,150.16024341736252
5.724999999993327,150.15980005933022
5.725999999993324,150.15938627478906
5.726999999993322,150.15900394022245
5.72799999999332,150.15865625054315
5.728999999993317,150.15834656815474
5.729999999993315,150.158072917732
5.730999999993313,150.1578259143183
5.7319999999933104,150.1576090754035
5.732999999993308,150.1574052804221
5.733999999993306,150.15721123548371
5.7349999999933035,150.15702014015284
5.735999999993301,150.1568196411556
5.736999999993299,150.15660776093821
5.7379999999932965,150.15638108417693
5.738999999993294,150.15613618955797
5.739999999993292,150.1558746283214
5.7409999999932895,150.15560581734033
5.741999999993287,150.1553263302718
5.742999999993285,150.15505332919963
5.7439999999932825,150.15479026266397
5.74499999999328,150.15454385140805
5.745999999993278,150.1543264284601
5.7469999999932755,150.15413980127187
5.747999999993273,150.1539871974282
5.748999999993271,150.15387178296933
5.7499999999932685,150.15379191390218
5.750999999993266,150.15373818945085
5.751999999993264,150.15371407038504
5.7529999999932615,150.1537025999273
5.753999999993259,150.1537003553482
5.754999999993257,150.15370085404163
5.7559999999932545,150.15369163188174
5.756999999993252,150.1536707095456
5.75799999999325,150.15363457015994
5.7589999999932475,150.15357962547296
5.759999999993245,150.15350761431012
5.760999999993243,150.15342760564928
5.7619999999932405,150.15333616220502
5.762999999993238,150.15325021607288
5.763999999993236,150.15317299655328
5.7649999999932335,150.15311140787264
5.765999999993231,150.1530775450569
5.766999999993229,150.15307315450184
5.7679999999932265,150.15310150137645
5.768999999993224,150.15316558462177
5.769999999993222,150.1532640501458
5.7709999999932196,150.15338750749643
5.771999999993217,150.15353936520663
5.772999999993215,150.15370283361736
5.773999999993213,150.15387439077583
5.77499999999321,150.1540478266018
5.775999999993208,150.15421059724167
5.776999999993206,150.15436072744785
5.777999999993203,150.15449460757557
5.778999999993201,150.1546085179202
5.779999999993199,150.15470434052853
5.780999999993196,150.1547908346043
5.781999999993194,150.15486456160792
5.782999999993192,150.1549422348587
5.783999999993189,150.1550269037066
5.784999999993187,150.15512560841745
5.785999999993185,150.1552502435093
5.786999999993182,150.15540250316383
5.78799999999318,150.15558569643028
5.788999999993178,150.15580269268915
5.789999999993175,150.15605237346875
5.790999999993173,150.156325393332
5.791999999993171,150.15662511482205
5.792999999993168,150.15693492010155
5.793999999993166,150.1572512257483
5.794999999993164,150.1575680379342
5.795999999993161,150.15787277210418
5.796999999993159,150.1581634647622
5.797999999993157,150.158436423629
5.798999999993154,150.1586878399174
5.799999999993152,150.15891968448744
5.80099999999315,150.1591404516028
5.801999999993147,150.15934671180042
5.802999999993145,150.15955497167627
5.803999999993143,150.15976814510648
5.80499999999314,150.15999335165586
5.805999999993138,150.16024232834468
5.806999999993136,150.1605167262688
5.807999999993133,150.16081990524478
5.808999999993131,150.16115464724558
5.809999999993129,150.16152000763066
5.810999999993126,150.16190672561765
5.811999999993124,150.16231812505208
5.812999999993122,150.16273776547044
5.813999999993119,150.16316204413442
5.814999999993117,150.1635851215525
5.815999999993115,150.16399441577926
5.816999999993112,150.16438798377453
5.81799999999311,150.16476206144497
5.818999999993108,150.16511279638064
5.819999999993105,150.1654421890536
5.820999999993103,150.1657585165139
5.821999999993101,150.16605836863985
5.822999999993098,150.16635805736183
5.823999999993096,150.16666040703234
5.824999999993094,150.16697255578586
5.825999999993091,150.16730612787177
5.826999999993089,150.167662740115
5.827999999993087,150.1680458098956
5.828999999993084,150.1684580749159
5.829999999993082,150.16889870040555
5.83099999999308,150.16935855121469
5.831999999993077,150.16984092013283
5.832999999993075,150.1703295499219
5.833999999993073,150.1708208613985
5.83499999999307,150.17130910707544
5.835999999993068,150.17178175162624
5.836999999993066,150.17223688138492
5.837999999993063,150.17267067130362
5.838999999993061,150.17307927025712
5.839999999993059,150.1734646494166
5.840999999993056,150.17383491558465
5.841999999993054,150.17418668756665
5.842999999993052,150.17453609390643
5.843999999993049,150.1748859134285
5.844999999993047,150.1752432431967
5.845999999993045,150.17561963755458
5.846999999993042,150.17601668710796
5.84799999999304,150.17643787283063
5.848999999993038,150.1768859289388
5.849999999993035,150.17736006941018
5.850999999993033,150.17785132367348
5.851999999993031,150.17836296079503
5.8529999999930284,150.1788789124104
5.853999999993026,150.17939566307783
5.854999999993024,150.1799074993209
5.8559999999930215,150.18040197387958
5.856999999993019,150.18087721082156
5.857999999993017,150.1813293344707
5.8589999999930145,150.18175453606034
5.859999999993012,150.1821547034342
5.86099999999301,150.18253781609258
5.8619999999930075,150.18290053015804
5.862999999993005,150.18325880065444
5.863999999993003,150.18361539993975
5.8649999999930005,150.1839773299862
5.865999999992998,150.18435611315897
5.866999999992996,150.18475332071586
5.8679999999929935,150.1851725019958
5.868999999992991,150.18561642328945
5.869999999992989,150.18608429335538
5.8709999999929865,150.18656734022912
5.871999999992984,150.1870688157051
5.872999999992982,150.18757284527456
5.8739999999929795,150.18807601187888
5.874999999992977,150.18857258638852
5.875999999992975,150.18905024566126
5.8769999999929725,150.18950715870733
5.87799999999297,150.18993940847128
5.878999999992968,150.19034326312143
5.8799999999929655,150.1907204818279
5.880999999992963,150.1910789530653
5.881999999992961,150.19141537706156
5.8829999999929585,150.19174554331045
5.883999999992956,150.19207224946757
5.884999999992954,150.19240235770357
5.8859999999929515,150.1927473889513
5.886999999992949,150.19310890054894
5.887999999992947,150.19349051331054
5.8889999999929445,150.19389505372823
5.889999999992942,150.1943216819344
5.89099999999294,150.19476185137768
5.8919999999929376,150.19521880171968
5.892999999992935,150.19567685624074
5.893999999992933,150.19613272313674
5.894999999992931,150.19658061931636
5.895999999992928,150.19700837427678
5.896999999992926,150.19741420748554
5.897999999992924,150.19779416833282
5.898999999992921,150.19814462799621
5.899999999992919,150.19846718312724
5.900999999992917,150.1987696588258
5.901999999992914,150.19904880437096
5.902999999992912,150.1993202495215
5.90399999999291,150.1995868400902
5.904999999992907,150.19985526572768
5.905999999992905,150.20013706738806
5.906999999992903,150.20043379232908
5.9079999999929,150.20074913405813
5.908999999992898,150.20108599845776
5.909999999992896,150.2014434665156
5.910999999992893,150.201813235139
5.911999999992891,150.2021985353299
5.912999999992889,150.2025838907854
5.913999999992886,150.20296615260375
5.914999999992884,150.20333945869342
5.915999999992882,150.20369181073144
5.916999999992879,150.2040214821588
5.917999999992877,150.20432449491042
5.918999999992875,150.20459733956955
5.919999999992872,150.2048414296409
5.92099999999287,150.2050645447171
5.921999999992868,150.20526348611804
5.922999999992865,150.20545372735265
5.923999999992863,150.2056381754824
5.924999999992861,150.20582332845487
5.925999999992858,150.20602075873654
5.926999999992856,150.20623200568664
5.927999999992854,150.20646083476203
5.928999999992851,150.20671024076844
5.929999999992849,150.20697920907767
5.930999999992847,150.2072596885417
5.931999999992844,150.20755490315523
5.932999999992842,150.20784957816795
5.93399999999284,150.2081407153541
5.934999999992837,150.20842236262138
5.935999999992835,150.20868270372097
5.936999999992833,150.20892006740254
5.93799999999283,150.20913045240854
5.938999999992828,150.2093104750321
5.939999999992826,150.20946135880527
5.940999999992823,150.2095908455483
5.941999999992821,150.20969578966069
5.942999999992819,150.20979150962012
5.943999999992816,150.20988097698287
5.944999999992814,150.20997049275107
5.945999999992812,150.2100716623318
5.946999999992809,150.21018601778692
5.947999999992807,150.2103173938505
5.948999999992805,150.21046887418106
5.949999999992802,150.2106393461406
5.9509999999928,150.21082100941214
5.951999999992798,150.21101708078126
5.952999999992795,150.21121248663303
5.953999999992793,150.21140437742946
5.954999999992791,150.21158671377887
5.955999999992788,150.2117478618418
5.956999999992786,150.21188620483042
5.957999999992784,150.2119977207136
5.958999999992781,150.21207914807957
5.959999999992779,150.21213152695483
5.960999999992777,150.21216255938765
5.961999999992774,150.21216915209993
5.962999999992772,150.2121664676599
5.96399999999277,150.212157536175
5.964999999992767,150.21214846971534
5.965999999992765,150.21215089862392
5.966999999992763,150.21216634684674
5.96799999999276,150.21219871398614
5.968999999992758,150.21225116360893
5.969999999992756,150.21232249570463
5.970999999992753,150.2124051507529
5.971999999992751,150.21250233636292
5.972999999992749,150.2125991781468
5.9739999999927464,150.2126929643312
5.974999999992744,150.2127775832769
5.975999999992742,150.212841575108
5.9769999999927395,150.21288337462184
5.977999999992737,150.2128989397049
5.978999999992735,150.21288511915358
5.9799999999927325,150.21284278777844
5.98099999999273,150.21277959721482
5.981999999992728,150.2126925041693
5.9829999999927255,150.21259651267957
5.983999999992723,150.21249469749006
5.984999999992721,150.21239300136742
5.9859999999927185,150.2123030634707
5.986999999992716,150.21222639759162
5.987999999992714,150.2121669623492
5.9889999999927115,150.2121279847359
5.989999999992709,150.21210819909317
5.990999999992707,150.2121002690188
5.9919999999927045,150.21210738943836
5.992999999992702,150.21211488192114
5.9939999999927,150.21212015403665
5.9949999999926975,150.21211704712067
5.995999999992695,150.21209425939517
5.996999999992693,150.2120502726315
5.9979999999926905,150.21198102381848
5.998999999992688,150.21188345280555
5.999999999992686,150.2117582970318
6.0009999999926835,150.21161314007222
6.001999999992681,150.2114449850334
6.002999999992679,150.21126867343582
6.0039999999926765,150.2110873045526
6.004999999992674,150.21090668067419
6.005999999992672,150.21073842730215
6.0069999999926695,150.2105840451326
6.007999999992667,150.21044754485354
6.008999999992665,150.21033219466509
6.0099999999926625,150.2102366934148
6.01099999999266,150.210153904242
6.011999999992658,150.21008700466945
6.0129999999926556,150.21002150781746
6.013999999992653,150.2099549165725
6.014999999992651,150.20988105785133
6.015999999992649,150.20978876649968
6.016999999992646,150.2096765652894
6.017999999992644,150.20954036831859
6.018999999992642,150.20937718228961
6.019999999992639,150.2091876418225
6.020999999992637,150.20897923980704
6.021999999992635,150.20874902129975
6.022999999992632,150.20851166044056
6.02399999999263,150.20827025677477
6.024999999992628,150.20803050719974
6.025999999992625,150.20780399688925
6.026999999992623,150.2075922099017
6.027999999992621,150.2073992013778
6.028999999992618,150.2072282548602
6.029999999992616,150.20707806918833
6.030999999992614,150.20694167965132
6.031999999992611,150.20682224080693
6.032999999992609,150.20670545207815
6.033999999992607,150.20658888422045
6.034999999992604,150.20646638654947
6.035999999992602,150.2063269055713
6.0369999999926,150.2061689982063
6.037999999992597,150.2059885528431
6.038999999992595,150.2057826160435
6.039999999992593,150.20555175770545
6.04099999999259,150.20530335471864
6.041999999992588,150.2050344891618
6.042999999992586,150.2047596625548
6.043999999992583,150.20448194857076
6.044999999992581,150.20420697679435
6.045999999992579,150.2039462635023
6.046999999992576,150.2037012723333
6.047999999992574,150.20347609501835
6.048999999992572,150.20327400318558
6.049999999992569,150.20309373315067
6.050999999992567,150.20292846336963
6.051999999992565,150.202781319463
6.052999999992562,150.20263818141325
6.05399999999256,150.2024966592832
6.054999999992558,150.20235066251732
6.055999999992555,150.2021892230759
6.056999999992553,150.2020109247868
6.057999999992551,150.20181162710745
6.058999999992548,150.20158838900429
6.059999999992546,150.20134175404257
6.060999999992544,150.20107895742262
6.061999999992541,150.20079711326622
6.062999999992539,150.2005105453529
6.063999999992537,150.2002222756795
6.064999999992534,150.19993790432767
6.065999999992532,150.19966885054174
6.06699999999253,150.19941655381703
6.067999999992527,150.19918513481667
6.068999999992525,150.1989778267979
6.069999999992523,150.1987934397654
6.07099999999252,150.19862526699842
6.071999999992518,150.19847639923677
6.072999999992516,150.198332891114
6.073999999992513,150.1981923646009
6.074999999992511,150.1980488247663
6.075999999992509,150.19789136375724
6.076999999992506,150.19771858520198
6.077999999992504,150.1975263164034
6.078999999992502,150.1973116030425
6.079999999992499,150.19707499795732
6.080999999992497,150.19682357082502
6.081999999992495,150.19655446314013
6.082999999992492,150.1962818164057
6.08399999999249,150.19600857757086
6.084999999992488,150.19574035167807
6.085999999992485,150.19548843536995
6.086999999992483,150.19525424066487
6.087999999992481,150.1950419100778
6.088999999992478,150.19485461487864
6.089999999992476,150.19469127072642
6.090999999992474,150.19454526005208
6.091999999992471,150.19441963320264
6.092999999992469,150.19430061375812
6.093999999992467,150.1941858114011
6.0949999999924644,150.19406935726877
6.095999999992462,150.19394038138944
6.09699999999246,150.19379750067418
6.0979999999924575,150.19363650744296
6.098999999992455,150.19345441212644
6.099999999992453,150.19325180696183
6.1009999999924505,150.19303557607037
6.101999999992448,150.192802884328
6.102999999992446,150.19256768738393
6.1039999999924435,150.1923328379788
6.104999999992441,150.19210397459634
6.105999999992439,150.19189225011831
6.1069999999924365,150.19169904639529
6.107999999992434,150.19152852162722
6.108999999992432,150.1913837660164
6.1099999999924295,150.19126382609784
6.110999999992427,150.191162152194
6.111999999992425,150.19108174956696
6.1129999999924225,150.1910090055335
6.11399999999242,150.19094149819648
6.114999999992418,150.19087350789587
6.1159999999924155,150.19079418486382
6.116999999992413,150.19070215378457
6.117999999992411,150.1905931698921
6.1189999999924085,150.1904641917172
6.119999999992406,150.19031587340612
6.120999999992404,150.1901548988653
6.1219999999924015,150.18997845328727
6.122999999992399,150.1898003041667
6.123999999992397,150.18962319645578
6.1249999999923945,150.18945282253
6.125999999992392,150.1893001761686
6.12699999999239,150.18916660721254
6.1279999999923875,150.18905628454752
6.128999999992385,150.18897220403946
6.129999999992383,150.18891355973668
6.1309999999923805,150.18887385432663
6.131999999992378,150.1888560443636
6.132999999992376,150.18884667649715
6.1339999999923736,150.18884328410786
6.134999999992371,150.1888403109567
6.135999999992369,150.18882691568047
6.136999999992367,150.18880172652706
6.137999999992364,150.18876046054925
6.138999999992362,150.18870001414
6.13999999999236,150.1886211168129
6.140999999992357,150.18853024403472
6.141999999992355,150.18842459939054
6.142999999992353,150.18831776136892
6.14399999999235,150.18821236003097
6.144999999992348,150.188114152738
6.145999999992346,150.18803396554793
6.146999999992343,150.18797311543386
6.147999999992341,150.1879357782898
6.148999999992339,150.18792484896272
6.149999999992336,150.1879396759707
6.150999999992334,150.1879738053868
6.151999999992332,150.18803014273857
6.152999999992329,150.18809539056255
6.153999999992327,150.18816703124776
6.154999999992325,150.18823967646415
6.155999999992322,150.18830248804593
6.15699999999232,150.18835409511948
6.157999999992318,150.1883901766402
6.158999999992315,150.18840756359333
6.159999999992313,150.18840706458732
6.160999999992311,150.1883949454184
6.161999999992308,150.18836842735715
6.162999999992306,150.18834090058175
6.163999999992304,150.18831487996863
6.164999999992301,150.18829618906062
6.165999999992299,150.1882954846578
6.166999999992297,150.1883140510447
6.167999999992294,150.18835606882578
6.168999999992292,150.1884243319788
6.16999999999229,150.1885183404694
6.170999999992287,150.18863168161613
6.171999999992285,150.18876720898007
6.172999999992283,150.18891177863682
6.17399999999228,150.18906282275614
6.174999999992278,150.1892151156118
6.175999999992276,150.18935782383488
6.176999999992273,150.18948957633827
6.177999999992271,150.18960601532478
6.178999999992269,150.18970391008796
6.179999999992266,150.1897841424201
6.180999999992264,150.18985277418236
6.181999999992262,150.18990704486572
6.182999999992259,150.18996015852758
6.183999999992257,150.19001452121532
6.184999999992255,150.1900760141902
6.185999999992252,150.19015513033852
6.18699999999225,150.19025312246694
6.187999999992248,150.19037417492416
6.188999999992245,150.19052098751106
6.189999999992243,150.19069319912202
6.190999999992241,150.1908844427822
6.191999999992238,150.19109752051222
6.192999999992236,150.19131944071447
6.193999999992234,150.19154759277063
6.194999999992231,150.19177689916793
6.195999999992229,150.1919965394159
6.196999999992227,150.19220514266033
6.197999999992224,150.19239831695677
6.198999999992222,150.192572780084
6.19999999999222,150.19272947229402
6.200999999992217,150.19287426367953
6.201999999992215,150.19300441363234
6.202999999992213,150.1931329436372
6.20399999999221,150.19326216324674
6.204999999992208,150.1933979942866
6.205999999992206,150.19355077726274
6.206999999992203,150.19372173564372
6.207999999992201,150.1939150577477
6.208999999992199,150.19413336169197
6.209999999992196,150.19437640446344
6.210999999992194,150.19463787511853
6.211999999992192,150.19492052583146
6.212999999992189,150.1952115171898
6.213999999992187,150.19550820903328
6.214999999992185,150.19580564993825
6.2159999999921824,150.19609304604404
6.21699999999218,150.19636902857636
6.217999999992178,150.19662917519486
6.2189999999921755,150.19687016781563
6.219999999992173,150.19709298307964
6.220999999992171,150.19730331690917
6.2219999999921685,150.19749845127407
6.222999999992166,150.1976912297447
6.223999999992164,150.19788388259886
6.2249999999921615,150.1980823479743
6.225999999992159,150.19829683058745
6.226999999992157,150.19852852749628
6.2279999999921545,150.1987816322002
6.228999999992152,150.1990586982404
6.22999999999215,150.1993595733143
6.2309999999921475,150.19967801758455
6.231999999992145,150.2000167361251
6.232999999992143,150.20036304251934
6.2339999999921405,150.20071428485352
6.234999999992138,150.20106560983365
6.235999999992136,150.20140626846708
6.2369999999921335,150.2017348970369
6.237999999992131,150.2020470475192
6.238999999992129,150.20233938573742
6.2399999999921265,150.20261289725693
6.240999999992124,150.20287312549746
6.241999999992122,150.20311737844193
6.2429999999921195,150.20335832722512
6.243999999992117,150.2035981435613
6.244999999992115,150.20384275261682
6.2459999999921125,150.20410224349504
6.24699999999211,150.20437779036425
6.247999999992108,150.20467359381468
6.2489999999921055,150.20499216310137
6.249999999992103,150.20533340489612
6.250999999992101,150.20569116883152
6.2519999999920985,150.20606811643657
6.252999999992096,150.20645171585244
6.253999999992094,150.20683932420178
6.2549999999920916,150.2072261547743
6.255999999992089,150.20760152467463
6.256999999992087,150.20796407904382
6.257999999992085,150.20830934958823
6.258999999992082,150.2086340083299
6.25999999999208,150.20893901919567
6.260999999992078,150.20922979721433
6.261999999992075,150.20950368031248
6.262999999992073,150.20977317313327
6.263999999992071,150.21004041141637
6.264999999992068,150.21031127540817
6.265999999992066,150.2105957607135
6.266999999992064,150.21089502247887
6.267999999992061,150.21121327070713
6.268999999992059,150.21155299218432
6.269999999992057,150.21191411891215
6.270999999992054,150.21229061003953
6.271999999992052,150.21268508756788
6.27299999999205,150.21308517629066
6.273999999992047,150.21348826444535
6.274999999992045,150.21388959921322
6.275999999992043,150.21427858637887
6.27699999999204,150.21465388417607
6.277999999992038,150.21501100987942
6.278999999992036,150.2153466647766
6.279999999992033,150.21566175993306
6.280999999992031,150.21596160682108
6.281999999992029,150.216243577448
6.282999999992026,150.21652001599534
6.283999999992024,150.21679304501342
6.284999999992022,150.217068467718
6.285999999992019,150.21735620850748
6.286999999992017,150.21765740751007
6.287999999992015,150.21797628652567
6.288999999992012,150.21831533155418
6.28999999999201,150.2186744668718
6.290999999992008,150.21904778116328
6.291999999992005,150.21943786108747
6.292999999992003,150.21983249043726
6.293999999992001,150.22022911018945
6.294999999991998,150.22062297002796
6.295999999991996,150.22100358665782
6.296999999991994,150.22136963569704
6.297999999991991,150.22171662592555
6.298999999991989,150.22204131002496
6.299999999991987,150.22234451672188
6.300999999991984,150.2226314777613
6.301999999991982,150.2228996032805
6.30299999999198,150.2231610827763
6.303999999991977,150.2234180469596
6.304999999991975,150.22367619215603
6.305999999991973,150.2239453923488
6.30699999999197,150.22422677652887
6.307999999991968,150.2245245804595
6.308999999991966,150.22484130927091
6.309999999991963,150.22517684943494
6.310999999991961,150.2255254375681
6.311999999991959,150.22588962898374
6.312999999991956,150.2262573688216
6.313999999991954,150.2266261703192
6.314999999991952,150.22699125783413
6.315999999991949,150.2273422793011
6.316999999991947,150.22767793168967
6.317999999991945,150.2279937210297
6.318999999991942,150.2282864709839
6.31999999999194,150.22855690241164
6.320999999991938,150.22881018856455
6.321999999991935,150.22904378141064
6.322999999991933,150.22926972095095
6.323999999991931,150.22949016451213
6.324999999991928,150.22971067610368
6.325999999991926,150.22994109706318
6.326999999991924,150.23018254881137
6.327999999991921,150.23043928272662
6.328999999991919,150.23071383982418
6.329999999991917,150.23100604375335
6.330999999991914,150.23131029437397
6.331999999991912,150.23162911917464
6.33299999999191,150.23195062673216
6.333999999991907,150.2322724185345
6.334999999991905,150.23258967128996
6.335999999991903,150.23289218112487
6.3369999999919004,150.23317866966923
6.337999999991898,150.23344464547236
6.338999999991896,150.2336870188738
6.3399999999918935,150.23390638312569
6.340999999991891,150.23410787029587
6.341999999991889,150.23428897729517
6.3429999999918865,150.23446159897946
6.343999999991884,150.2346279336407
6.344999999991882,150.23479339377496
6.3459999999918795,150.23496780159
6.346999999991877,150.2351522739903
6.347999999991875,150.23535107891783
6.3489999999918725,150.23556680570502
6.34999999999187,150.23579919687631
6.350999999991868,150.23604282661844
6.3519999999918655,150.2363001973828
6.352999999991863,150.2365595827956
6.353999999991861,150.23681868392796
6.3549999999918585,150.23707261449192
6.355999999991856,150.23731133130758
6.356999999991854,150.23753358306107
6.3579999999918515,150.2377348853645
6.358999999991849,150.2379122460193
6.359999999991847,150.23806611809508
6.3609999999918445,150.2382016048298
6.361999999991842,150.23831625043573
6.36299999999184,150.2384218079395
6.3639999999918375,150.2385205259807
6.364999999991835,150.2386176538671
6.365999999991833,150.23872300304222
6.3669999999918305,150.2388376883229
6.367999999991828,150.23896599427314
6.368999999991826,150.23911056588372
6.3699999999918235,150.23927105410536
6.370999999991821,150.23944221347102
6.371999999991819,150.2396265232735
6.3729999999918165,150.239812423146
6.373999999991814,150.23999771965822
6.374999999991812,150.24017745609746
6.3759999999918096,150.2403417572683
6.376999999991807,150.2404894001751
6.377999999991805,150.24061591115935
6.378999999991803,150.2407184007045
6.3799999999918,150.24079717710578
6.380999999991798,150.24085732155163
6.381999999991796,150.24089642703734
6.382999999991793,150.24092610693708
6.383999999991791,150.2409486641625
6.384999999991789,150.24096918140324
6.385999999991786,150.24099746207708
6.386999999991784,150.24103462061714
6.387999999991782,150.24108495732787
6.388999999991779,150.24115117468867
6.389999999991777,150.2412328300213
6.390999999991775,150.24132485873594
6.391999999991772,150.24142971782243
6.39299999999177,150.24153601310076
6.393999999991768,150.24164165679366
6.394999999991765,150.24174162260192
6.395999999991763,150.2418262050134
6.396999999991761,150.24189420939328
6.397999999991758,150.2419411754774
6.398999999991756,150.24196431586634
6.399999999991754,150.24196379770416
6.400999999991751,150.24194468111844
6.401999999991749,150.24190460844795
6.402999999991747,150.24185505442296
6.403999999991744,150.2417983746158
6.404999999991742,150.24173949004162
6.40599999999174,150.24168819310688
6.406999999991737,150.24164559883565
6.407999999991735,150.24161602141737
6.408999999991733,150.2416022171478
6.40999999999173,150.24160365600613
6.410999999991728,150.24161544929717
6.411999999991726,150.24164003148937
6.412999999991723,150.24166617393647
6.413999999991721,150.2416918889753
6.414999999991719,150.24171208959314
6.415999999991716,150.2417172361061
6.416999999991714,150.24170616103893
6.417999999991712,150.2416744191444
6.418999999991709,150.24161931896484
6.419999999991707,150.24154089799075
6.420999999991705,150.2414441906653
6.421999999991702,150.24132688833132
6.4229999999917,150.2412003269804
6.423999999991698,150.24106690799277
6.424999999991695,150.240931403562
6.425999999991693,150.2408035867179
6.426999999991691,150.24068457332186
6.427999999991688,150.24057868870736
6.428999999991686,150.24048873418658
6.429999999991684,150.24041410638705
6.430999999991681,150.2403500823646
6.431999999991679,150.24029907282622
6.432999999991677,150.24025001316454
6.433999999991674,150.24020100505243
6.434999999991672,150.2401469168816
6.43599999999167,150.240078365798
6.436999999991667,150.23999420911724
6.437999999991665,150.23989001722484
6.438999999991663,150.23976318338214
6.43999999999166,150.23961363391038
6.440999999991658,150.23944636790873
6.441999999991656,150.23925912455852
6.442999999991653,150.23906310004267
6.443999999991651,150.23886073010578
6.444999999991649,150.23865665789182
6.445999999991646,150.23846062398243
6.446999999991644,150.23827374468246
6.447999999991642,150.23810035294684
6.448999999991639,150.23794328190777
6.449999999991637,150.2378018753923
6.450999999991635,150.2376715616009
6.451999999991632,150.2375547253192
6.45299999999163,150.23744046370282
6.453999999991628,150.23732695255225
6.454999999991625,150.2372090377715
6.455999999991623,150.23707747995002
6.456999999991621,150.23693115779386
6.4579999999916184,150.2367656570175
6.458999999991616,150.23657844022205
6.459999999991614,150.23636934669366
6.4609999999916115,150.23614332637672
6.461999999991609,150.23589816443715
6.462999999991607,150.2356449153812
6.4639999999916045,150.2353860342353
6.464999999991602,150.23512606034538
6.4659999999916,150.2348746850624
6.4669999999915975,150.23463302419458
6.467999999991595,150.2344054142092
6.468999999991593,150.23419470344388
6.4699999999915905,150.23400020848473
6.470999999991588,150.23381749060107
6.471999999991586,150.23364890574058
6.4729999999915835,150.23348370986494
6.473999999991581,150.23332013434467
6.474999999991579,150.23315302905368
6.4759999999915765,150.23297328125645
6.476999999991574,150.23277978684953
6.477999999991572,150.23256814580296
6.4789999999915695,150.23233587164947
6.479999999991567,150.23208274474595
6.480999999991565,150.23181364906725
6.4819999999915625,150.2315264133717
6.48299999999156,150.23123194808701
6.483999999991558,150.23093270993635
6.4849999999915555,150.23063316343206
6.485999999991553,150.23034293140046
6.486999999991551,150.2300631278201
6.4879999999915485,150.22979808816405
6.488999999991546,150.22955065715544
6.489999999991544,150.2293201528522
6.4909999999915415,150.22910224922762
6.491999999991539,150.22889926992954
6.492999999991537,150.22870062623207
6.4939999999915345,150.22850458444125
6.494999999991532,150.22830602733308
6.49599999999153,150.22809594992404
6.4969999999915276,150.2278732605483
6.497999999991525,150.2276335717624
6.498999999991523,150.22737442791163
6.499999999991521,150.22709558058583
6.500999999991518,150.2268018292743
6.501999999991516,150.22649104360366
6.502999999991514,150.2261739872294
6.503999999991511,150.2258530997818
6.504999999991509,150.22553280163902
6.505999999991507,150.22522262665376
6.506999999991504,150.2249236853739
6.507999999991502,150.22464030763874
6.5089999999915,150.22437531482782
6.509999999991497,150.22412805631535
6.510999999991495,150.2238942974345
6.511999999991493,150.22367632577138
6.51299999999149,150.22346370404205
6.513999999991488,150.22325471215322
6.514999999991486,150.22304429519147
6.515999999991483,150.22282353614816
6.516999999991481,150.22259135078693
6.517999999991479,150.22234336220822
6.518999999991476,150.22207712511363
6.519999999991474,150.2217923925541
6.520999999991472,150.2214938606904
6.521999999991469,150.2211794371621
6.522999999991467,150.22085973614517
6.523999999991465,150.22053716149748
6.524999999991462,150.2202161198628
6.52599999999146,150.21990603588395
6.526999999991458,150.2196080150082
6.527999999991455,150.21932637686234
6.528999999991453,150.21906390017477
6.529999999991451,150.21881999459157
6.530999999991448,150.21859049580794
6.531999999991446,150.21837765152418
6.532999999991444,150.21817117186364
6.533999999991441,150.2179693296686
6.534999999991439,150.21776716024215
6.535999999991437,150.2175558152728
6.536999999991434,150.2173342129636
6.537999999991432,150.21709798477724
6.53899999999143,150.21684467633156
6.539999999991427,150.2165740704802
6.540999999991425,150.21629074223642
6.541999999991423,150.21599263447473
6.54299999999142,150.2156902094234
6.543999999991418,150.2153858178845
6.544999999991416,150.2150838809124
6.545999999991413,150.21479369523826
6.546999999991411,150.21451635959795
6.547999999991409,150.21425617913943
6.548999999991406,150.21401587230775
6.549999999991404,150.21379493515713
6.550999999991402,150.21358925438298
6.551999999991399,150.21340103415568
6.552999999991397,150.21322012797808
6.553999999991395,150.2130447829381
6.554999999991392,150.212870149138
6.55599999999139,150.21268742941788
6.556999999991388,150.2124955397548
6.557999999991385,150.2122901178541
6.558999999991383,150.21206868309008
6.559999999991381,150.21183107280254
6.560999999991378,150.21158172530826
6.561999999991376,150.2113186162043
6.562999999991374,150.21105205378427
6.563999999991371,150.21078432103835
6.564999999991369,150.21051987754495
6.565999999991367,150.21026787615145
6.566999999991364,150.2100294074868
6.567999999991362,150.20980875844577
6.56899999999136,150.20960857235738
6.569999999991357,150.20942845331672
6.570999999991355,150.20926432239932
6.571999999991353,150.20911833702172
6.57299999999135,150.20898049022492
6.573999999991348,150.2088489877572
6.574999999991346,150.208719114218
6.575999999991343,150.2085821088989
6.576999999991341,150.20843688145433
6.577999999991339,150.20827907400246
6.5789999999913364,150.2081061658429
6.579999999991334,150.20791806833387
6.580999999991332,150.2077190708836
6.5819999999913295,150.20750717970836
6.582999999991327,150.20729254786752
6.583999999991325,150.20707737925449
6.5849999999913225,150.20686619060655
6.58599999999132,150.2066679786214
6.586999999991318,150.20648382475676
6.5879999999913155,150.20631799453818
6.588999999991313,150.20617304502917
6.589999999991311,150.2060487041511
6.5909999999913085,150.20594091441168
6.591999999991306,150.2058517838477
6.592999999991304,150.2057714415495
6.5939999999913015,150.2056980403374
6.594999999991299,150.20562701291928
6.595999999991297,150.20554962407172
6.5969999999912945,150.20546477380364
6.597999999991292,150.205368107273
6.59899999999129,150.20525705403506
6.5999999999912875,150.20513161273126
6.600999999991285,150.20499591577737
6.601999999991283,150.20484799847313
6.6029999999912805,150.20469785814424
6.603999999991278,150.20454761247757
6.604999999991276,150.2044018474636
6.6059999999912735,150.2042693957807
6.606999999991271,150.20415132909568
6.607999999991269,150.20405188921018
6.6089999999912665,150.20397354009637
6.609999999991264,150.20391614249766
6.610999999991262,150.20387565174073
6.6119999999912595,150.2038541245886
6.612999999991257,150.20384182319526
6.613999999991255,150.20383684046809
6.6149999999912525,150.2038347639704
6.61599999999125,150.20382687734914
6.616999999991248,150.20381206857067
6.6179999999912456,150.2037859850584
6.618999999991243,150.20374600163103
6.619999999991241,150.20369221052593
6.620999999991239,150.20362858374259
6.621999999991236,150.2035531847642
6.622999999991234,150.2034758555971
6.623999999991232,150.2033986251699
6.624999999991229,150.20332615366286
6.625999999991227,150.20326710668945
6.626999999991225,150.20322254598523
6.627999999991222,150.20319668810862
6.62899999999122,150.2031919017749
6.629999999991218,150.20320818229567
6.630999999991215,150.20324149387798
6.631999999991213,150.20329384097064
6.632999999991211,150.20335561637194
6.633999999991208,150.20342485100258
6.634999999991206,150.20349728685454
6.635999999991204,150.2035642244835
6.636999999991201,150.20362453844783
6.637999999991199,150.20367387835816
6.638999999991197,150.20370956419274
6.639999999991194,150.20373178092046
6.640999999991192,150.20374434155462
6.64199999999119,150.20374533753608
6.642999999991187,150.20374445691144
6.643999999991185,150.20374364195857
6.644999999991183,150.2037476246858
6.64599999999118,150.20376490550038
6.646999999991178,150.20379653659015
6.647999999991176,150.20384670858428
6.648999999991173,150.20391769746726
6.649999999991171,150.20400962761101
6.650999999991169,150.2041184728974
6.651999999991166,150.20424618529023
6.652999999991164,150.20438328645506
6.653999999991162,150.20452774814515
6.654999999991159,150.2046754593251
6.655999999991157,150.20481774017463
6.656999999991155,150.20495345150348
6.657999999991152,150.20507824578195
6.65899999999115,150.20518939281695
6.659999999991148,150.2052871625139
6.660999999991145,150.20537521508282
6.661999999991143,150.20545167038279
6.662999999991141,150.20552606473115
6.663999999991138,150.20560026032445
6.664999999991136,150.20567905167786
6.665999999991134,150.20577078051716
6.666999999991131,150.20587649038467
6.667999999991129,150.2060003460719
6.668999999991127,150.2061445377797
6.669999999991124,150.20630930666243
6.670999999991122,150.20649064154813
6.67199999999112,150.2066904426041
6.672999999991117,150.20689935924008
6.673999999991115,150.20711531140338
6.674999999991113,150.20733432114815
6.67599999999111,150.20754773538278
6.676999999991108,150.2077544018208
6.677999999991106,150.2079499771977
6.678999999991103,150.20813169018587
6.679999999991101,150.20829988158377
6.680999999991099,150.2084580693012
6.681999999991096,150.208604402697
6.682999999991094,150.208748269412
6.683999999991092,150.20889146209
6.684999999991089,150.20903882223666
6.685999999991087,150.20919854357612
6.686999999991085,150.20937166237718
6.687999999991082,150.20956231839938
6.68899999999108,150.20977262687518
6.689999999991078,150.21000292756307
6.690999999991075,150.21024923346283
6.691999999991073,150.21051339441667
6.692999999991071,150.21078618707148
6.693999999991068,150.21106549088216
6.694999999991066,150.2113474416658
6.695999999991064,150.21162342397008
6.696999999991061,150.21189227396772
6.697999999991059,150.21214965474636
6.698999999991057,150.21239276656942
6.6999999999910544,150.21262200187246
6.700999999991052,150.21284075042553
6.70199999999105,150.21304719270796
6.7029999999910475,150.2132505714093
6.703999999991045,150.21345262339372
6.704999999991043,150.21365821657923
6.7059999999910405,150.2138754107673
6.706999999991038,150.21410523671824
6.707999999991036,150.21435181051976
6.7089999999910335,150.21461718636277
6.709999999991031,150.21490177978308
6.710999999991029,150.21520164034942
6.7119999999910265,150.21551856973088
6.712999999991024,150.2158434718476
6.713999999991022,150.2161742000664
6.7149999999910195,150.21650698051425
6.715999999991017,150.21683324931914
6.716999999991015,150.21715183338605
6.7179999999910125,150.21745840483928
6.71899999999101,150.2177501510457
6.719999999991008,150.21802749298374
6.7209999999910055,150.2182937092066
6.721999999991003,150.218547013346
6.722999999991001,150.21879650735556
6.7239999999909985,150.21904388842955
6.724999999990996,150.21929402668727
6.725999999990994,150.2195548645108
6.7269999999909915,150.21982742923666
6.727999999990989,150.22011581503662
6.728999999990987,150.22042203113878
6.7299999999909845,150.2207465428797
6.730999999990982,150.22108545103356
6.73199999999098,150.22144051174604
6.7329999999909775,150.22180275671073
6.733999999990975,150.22217002969373
6.734999999990973,150.22253862106467
6.7359999999909705,150.22290003454972
6.736999999990968,150.22325309059156
6.737999999990966,150.2235934734923
6.7389999999909636,150.22391837498708
6.739999999990961,150.22422821921376
6.740999999990959,150.22452619215008
6.741999999990957,150.22481054289094
6.742999999990954,150.22509023715827
6.743999999990952,150.22536694989353
6.74499999999095,150.2256455271861
6.745999999990947,150.22593381184433
6.746999999990945,150.22623283006683
6.747999999990943,150.22654665608587
6.74899999999094,150.22687727135136
6.749999999990938,150.22722516351843
6.750999999990936,150.22758650038335
6.751999999990933,150.22796299555318
6.752999999990931,150.22834580931467
6.753999999990929,150.22873279328644
6.754999999990926,150.22912027506453
6.755999999990924,150.22949984299328
6.756999999990922,150.22987031415684
6.757999999990919,150.23022738848823
6.758999999990917,150.2305682799806
6.759999999990915,150.230893389912
6.760999999990912,150.23120583092776
6.76199999999091,150.23150389001864
6.762999999990908,150.2317964012541
6.763999999990905,150.23208503495744
6.764999999990903,150.23237458663388
6.765999999990901,150.23267281758578
6.766999999990898,150.2329807552312
6.767999999990896,150.23330245587098
6.768999999990894,150.23363989036744
6.769999999990891,150.2339935414094
6.770999999990889,150.23435965971788
6.771999999990887,150.23473991948327
6.772999999990884,150.2351256105832
6.773999999990882,150.23551460976938
6.77499999999088,150.23590325555153
6.775999999990877,150.23628323783032
6.776999999990875,150.23665337351275
6.777999999990873,150.2370093817334
6.77899999999087,150.23734851613472
6.779999999990868,150.2376711301352
6.780999999990866,150.23798028176614
6.781999999990863,150.23827429830385
6.782999999990861,150.23856188661418
6.783999999990859,150.23884472919536
6.784999999990856,150.23912754574832
6.785999999990854,150.23941803324223
6.786999999990852,150.23971722262502
6.787999999990849,150.24002915412441
6.788999999990847,150.24035580415185
6.789999999990845,150.2406976249935
6.790999999990842,150.24105096520466
6.79199999999084,150.24141746261458
6.792999999990838,150.24178853772904
6.793999999990835,150.24216210844406
6.794999999990833,150.24253450015377
6.795999999990831,150.24289752010753
6.796999999990828,150.24324998804414
6.797999999990826,150.24358764584093
6.798999999990824,150.24390780260626
6.799999999990821,150.24421074144456
6.800999999990819,150.2444994829248
6.801999999990817,150.24477239679757
6.802999999990814,150.2450380668432
6.803999999990812,150.24529820270033
6.80499999999081,150.24555742592574
6.805999999990807,150.24582338439265
6.806999999990805,150.24609711474724
6.807999999990803,150.24638264267662
6.8089999999908,150.24668196426953
6.809999999990798,150.2469954792888
6.810999999990796,150.2473196470754
6.811999999990793,150.24765607190352
6.812999999990791,150.24799630583595
6.813999999990789,150.24833832166837
6.814999999990786,150.24867841131098
6.815999999990784,150.2490085130662
6.816999999990782,150.24932745213317
6.817999999990779,150.24963099646095
6.818999999990777,150.24991652394948
6.819999999990775,150.25018422882044
6.8209999999907724,150.25043710881425
6.82199999999077,150.25067357802538
6.822999999990768,150.2509021007523
6.8239999999907655,150.25112442609
6.824999999990763,150.251345059289
6.825999999990761,150.25157161157745
6.8269999999907585,150.25180512720607
6.827999999990756,150.25204961839222
6.828999999990754,150.25230711221758
6.8299999999907515,150.2525779383491
6.830999999990749,150.25285867708283
6.831999999990747,150.25315090152486
6.8329999999907445,150.25344629599064
6.833999999990742,150.2537428988676
6.83499999999074,150.25403695298817
6.8359999999907375,150.25432053853348
6.836999999990735,150.25459248822673
6.837999999990733,150.25484859906197
6.8389999999907305,150.2550863278052
6.839999999990728,150.25530576615543
6.840999999990726,150.25550990040972
6.8419999999907235,150.25569719044276
6.842999999990721,150.25587598404312
6.843999999990719,150.25604807876525
6.8449999999907165,150.25621785058797
6.845999999990714,150.25639288307994
6.846999999990712,150.25657422965952
6.8479999999907095,150.25676588958845
6.848999999990707,150.25696992883098
6.849999999990705,150.25718659484562
6.8509999999907025,150.25741259565382
6.8519999999907,150.25764947503865
6.852999999990698,150.25788904991063
6.8539999999906955,150.25812943129174
6.854999999990693,150.2583668029079
6.855999999990691,150.2585933941661
6.8569999999906885,150.2588080466814
6.857999999990686,150.2590065889818
6.858999999990684,150.25918656300772
6.8599999999906816,150.25934794994387
6.860999999990679,150.2594937322591
6.861999999990677,150.259622416526
6.862999999990675,150.2597422362698
6.863999999990672,150.25985504278452
6.86499999999067,150.25996507565497
6.865999999990668,150.26007989588
6.866999999990665,150.2602005672203
6.867999999990663,150.2603310758696
6.868999999990661,150.2604735307653
6.869999999990658,150.26062809104639
6.870999999990656,150.2607915954533
6.871999999990654,150.26096555963917
6.872999999990651,150.2611419330349
6.873999999990649,150.26131890233162
6.874999999990647,150.26149258810165
6.875999999990644,150.26165537250282
6.876999999990642,150.2618061066204
6.87799999999064,150.26194065244104
6.878999999990637,150.26205663934292
6.879999999990635,150.26215393599003
6.880999999990633,150.26223552459714
6.88199999999063,150.2622999587972
6.882999999990628,150.26235535932716
6.883999999990626,150.2624036326032
6.884999999990623,150.2624488808216
6.885999999990621,150.2624986434233
6.886999999990619,150.26255399526391
6.887999999990616,150.26261890870364
6.888999999990614,150.26269553583083
6.889999999990612,150.26278394752077
6.890999999990609,150.26288111229024
6.891999999990607,150.26298851818814
6.892999999990605,150.2630982466015
6.893999999990602,150.26320855883782
6.8949999999906,150.26331551428905
6.895999999990598,150.2634116474653
6.896999999990595,150.26349581865844
6.897999999990593,150.26356392462742
6.898999999990591,150.2636136803958
6.899999999990588,150.26364484604775
6.900999999990586,150.26366040306343
6.901999999990584,150.26365895194036
6.902999999990581,150.26364850133876
6.903999999990579,150.26363101033925
6.904999999990577,150.26361044878212
6.905999999990574,150.26359433156676
6.906999999990572,150.2635837449641
6.90799999999057,150.26358264612145
6.908999999990567,150.26359322664632
6.909999999990565,150.26361547515643
6.910999999990563,150.2636464851883
6.91199999999056,150.26368771701553
6.912999999990558,150.2637313829241
6.913999999990556,150.26377581385648
6.914999999990553,150.2638170156963
6.915999999990551,150.26384767111114
6.916999999990549,150.26386664853598
6.917999999990546,150.2638698801777
6.918999999990544,150.26385516109085
6.919999999990542,150.26382215227954
6.920999999990539,150.26377383017996
6.921999999990537,150.26370884142898
6.922999999990535,150.26363508260488
6.923999999990532,150.26355455947117
6.92499999999053,150.26347112009321
6.925999999990528,150.26339224816925
6.926999999990525,150.26331904131567
6.927999999990523,150.26325543951143
6.928999999990521,150.26320366680162
6.929999999990518,150.26316364092844
6.930999999990516,150.263132572219
6.931999999990514,150.2631118923343
6.932999999990511,150.26309394293048
6.933999999990509,150.2630771160839
6.934999999990507,150.26305737686874
6.935999999990504,150.26302754849175
6.936999999990502,150.26298650571908
6.9379999999905,150.2629302162844
6.938999999990497,150.26285654629405
6.939999999990495,150.26276507200325
6.940999999990493,150.26265875713128
6.9419999999904904,150.26253629325356
6.942999999990488,150.26240546425524
6.943999999990486,150.2622683135649
6.9449999999904835,150.26212858281986
6.945999999990481,150.26199371471668
6.946999999990479,150.26186481777466
6.9479999999904765,150.26174581239886
6.948999999990474,150.2616389450803
6.949999999990472,150.26154407855853
6.9509999999904695,150.26145852878707
6.951999999990467,150.26138369742208
6.952999999990465,150.2613120535154
6.9539999999904625,150.2612420388593
6.95499999999046,150.26116959450752
6.955999999990458,150.26108767371494
6.9569999999904555,150.26099515513766
6.957999999990453,150.2608880415613
6.958999999990451,150.26076425845972
6.9599999999904485,150.26062331551285
6.960999999990446,150.2604681533246
6.961999999990444,150.26029750682673
6.9629999999904415,150.26011904610561
6.963999999990439,150.2599348408826
6.964999999990437,150.25974854541815
6.9659999999904345,150.25956754918482
6.966999999990432,150.2593929708813
6.96799999999043,150.25922870858213
6.9689999999904275,150.25907701902997
6.969999999990425,150.25893772921597
6.970999999990423,150.25880824732124
6.9719999999904205,150.25868994313902
6.972999999990418,150.25857541078332
6.973999999990416,150.25846312817762
6.9749999999904135,150.25834903207007
6.975999999990411,150.258226193129
6.976999999990409,150.25809349097045
6.9779999999904065,150.25794696251234
6.978999999990404,150.25778457897536
6.979999999990402,150.25760580428812
6.9809999999903996,150.25741354360764
6.981999999990397,150.25720657336387
6.982999999990395,150.25699244840123
6.983999999990393,150.25677325179765
6.98499999999039,150.25655257196163
6.985999999990388,150.25633773130318
6.986999999990386,150.25612985777872
6.987999999990383,150.25593282418038
6.988999999990381,150.2557488839135
6.989999999990379,150.25557784956865
6.990999999990376,150.25541720673976
6.991999999990374,150.255268291174
6.992999999990372,150.25512381943534
6.993999999990369,150.25498229070004
6.994999999990367,150.25483965876165
6.995999999990365,150.2546890977266
6.996999999990362,150.254529484922
6.99799999999036,150.25435689013756
6.998999999990358,150.25416931567665
6.999999999990355,150.25396620189088
7.000999999990353,150.25375040508692
7.001999999990351,150.25352074118265
7.002999999990348,150.25328464816795
7.003999999990346,150.2530442088202
7.004999999990344,150.25280296835726
7.005999999990341,150.25256816759602
7.006999999990339,150.25234094269538
7.007999999990337,150.2521251381653
7.008999999990334,150.25192298995844
7.009999999990332,150.25173431834457
7.01099999999033,150.25155667097187
7.011999999990327,150.25139134717304
7.012999999990325,150.25123118319047
7.013999999990323,150.25107468418375
7.01499999999032,150.2509178426289
7.015999999990318,150.25075392162898
7.016999999990316,150.25058179284903
7.017999999990313,150.2503975574617
7.018999999990311,150.25019923405264
7.019999999990309,150.2499862615753
7.020999999990306,150.24976143391171
7.021999999990304,150.24952360444075
7.022999999990302,150.2492800926733
7.023999999990299,150.24903296758205
7.024999999990297,150.24878575361964
7.025999999990295,150.24854559567623
7.026999999990292,150.2483136370409
7.02799999999029,150.24809369104483
7.028999999990288,150.24788796240816
7.029999999990285,150.24769630053524
7.030999999990283,150.24751630009766
7.031999999990281,150.24734922162293
7.032999999990278,150.24718801820455
7.033999999990276,150.24703118622807
7.034999999990274,150.24687477746542
7.035999999990271,150.246712129964
7.036999999990269,150.2465421064035
7.037999999990267,150.24636083777023
7.038999999990264,150.24616634486927
7.039999999990262,150.24595808615368
7.04099999999026,150.24573878022142
7.041999999990257,150.24550731595673
7.042999999990255,150.2452708929428
7.043999999990253,150.24503155381498
7.04499999999025,150.244792823151
7.045999999990248,150.24456173665533
7.046999999990246,150.24433944373396
7.047999999990243,150.24412972387583
7.048999999990241,150.2439347379487
7.049999999990239,150.2437543840571
7.050999999990236,150.24358629000798
7.051999999990234,150.24343167526604
7.052999999990232,150.24328360698598
7.053999999990229,150.24314055936782
7.054999999990227,150.24299866186558
7.055999999990225,150.24285131461247
7.056999999990222,150.24269736821205
7.05799999999022,150.2425329819427
7.058999999990218,150.24235616630997
7.059999999990215,150.2421664177025
7.060999999990213,150.24196636808168
7.061999999990211,150.24175494009694
7.062999999990208,150.24153921224507
7.063999999990206,150.24132119000123
7.064999999990204,150.24110441627764
7.0659999999902015,150.2408958061532
7.066999999990199,150.24069651428968
7.067999999990197,150.24051028402937
7.0689999999901945,150.24033922162832
7.069999999990192,150.24018329045913
7.07099999999019,150.240040139453
7.0719999999901875,150.2399109449983
7.072999999990185,150.23978888569837
7.073999999990183,150.23967240222223
7.0749999999901805,150.23955771683043
7.075999999990178,150.23943828078455
7.076999999990176,150.23931292990355
7.0779999999901735,150.2391778503914
7.078999999990171,150.2390310321586
7.079999999990169,150.23887202453312
7.0809999999901665,150.2387033636742
7.081999999990164,150.23852400455243
7.082999999990162,150.23834090384653
7.0839999999901595,150.23815602135375
7.084999999990157,150.2379729328759
7.085999999990155,150.23779842389897
7.0869999999901525,150.23763365367842
7.08799999999015,150.23748232757083
7.088999999990148,150.23734648890206
7.0899999999901455,150.23722617899008
7.090999999990143,150.23711905832553
7.091999999990141,150.23702625860278
7.0929999999901385,150.2369410674808
7.093999999990136,150.23686188339883
7.094999999990134,150.23678503249923
7.0959999999901315,150.23670400866416
7.096999999990129,150.23661763073093
7.097999999990127,150.23652211073437
7.0989999999901245,150.2364154104394
7.099999999990122,150.23629714293781
7.10099999999012,150.23616974213394
7.1019999999901176,150.236032194224
7.102999999990115,150.23589133386832
7.103999999990113,150.23574906940914
7.104999999990111,150.23560901975
7.105999999990108,150.23547783473242
7.106999999990106,150.23535667782153
7.107999999990104,150.23524921504787
7.108999999990101,150.2351574213365
7.109999999990099,150.23508142412223
7.110999999990097,150.23501888876746
7.111999999990094,150.23497090110766
7.112999999990092,150.23493085579042
7.11399999999009,150.2348971033531
7.114999999990087,150.2348660803187
7.115999999990085,150.23483131753332
7.116999999990083,150.234791615254
7.11799999999008,150.234743210597
7.118999999990078,150.2346840327089
7.119999999990076,150.2346137646298
7.120999999990073,150.2345347345896
7.121999999990071,150.23444595934367
7.122999999990069,150.23435415188533
7.123999999990066,150.2342611663467
7.124999999990064,150.2341706701762
7.125999999990062,150.23408917470312
7.126999999990059,150.2340178474971
7.127999999990057,150.23396031449934
7.128999999990055,150.23391847982595
7.129999999990052,150.2338925603574
7.13099999999005,150.23388022274452
7.131999999990048,150.233882506312
7.132999999990045,150.2338929109909
7.133999999990043,150.233909736976
7.134999999990041,150.2339295328591
7.135999999990038,150.2339458638444
7.136999999990036,150.2339575106596
7.137999999990034,150.23396073514715
7.138999999990031,150.23395343259412
7.139999999990029,150.2339353573647
7.140999999990027,150.2339087317753
7.141999999990024,150.23387260290937
7.142999999990022,150.23383356303063
7.14399999999002,150.233793412379
7.144999999990017,150.23375586750254
7.145999999990015,150.23372730160628
7.146999999990013,150.23370888657877
7.14799999999001,150.23370420805526
7.148999999990008,150.23371510003528
7.149999999990006,150.23374186729475
7.150999999990003,150.23378217733526
7.151999999990001,150.23383702285741
7.152999999989999,150.23390000775913
7.153999999989996,150.23396938268806
7.154999999989994,150.2340418052335
7.155999999989992,150.23411087541618
7.156999999989989,150.23417535415177
7.157999999989987,150.23423152808945
7.158999999989985,150.23427726057122
7.159999999989982,150.2343123739605
7.16099999998998,150.2343389875676
7.161999999989978,150.23435617897292
7.162999999989975,150.23437042123817
7.163999999989973,150.23438346398478
7.164999999989971,150.23439906869802
7.165999999989968,150.23442347398623
7.166999999989966,150.23445785657142
7.167999999989964,150.23450576207375
7.168999999989961,150.23456895802488
7.169999999989959,150.23464783093377
7.170999999989957,150.23474005168913
7.171999999989954,150.23484656681083
7.172999999989952,150.23496108321578
7.17399999998995,150.23508180583548
7.174999999989947,150.23520549378136
7.175999999989945,150.2353257852483
7.176999999989943,150.23544142168595
7.17799999998994,150.23554871505362
7.178999999989938,150.2356455015948
7.179999999989936,150.23573166404398
7.180999999989933,150.2358092245013
7.181999999989931,150.2358772916131
7.182999999989929,150.23594222127167
7.183999999989926,150.2360057184418
7.184999999989924,150.23607158111253
7.185999999989922,150.23614591964335
7.1869999999899195,150.2362299163687
7.187999999989917,150.23632707766532
7.188999999989915,150.23643911086106
7.1899999999899125,150.23656647393528
7.19099999998991,150.2367068463938
7.191999999989908,150.23686112948175
7.1929999999899055,150.23702313256723
7.193999999989903,150.23719102137528
7.194999999989901,150.23736164522347
7.1959999999898985,150.23752868640207
7.196999999989896,150.23769086782116
7.197999999989894,150.23784452765398
7.1989999999898915,150.23798748240978
7.199999999989889,150.2381196638811
7.200999999989887,150.2382430052529
7.2019999999898845,150.23835664713675
7.202999999989882,150.23846683073143
7.20399999998988,150.23857522455228
7.2049999999898775,150.23868565106102
7.205999999989875,150.2388041010791
7.206999999989873,150.23893176358555
7.2079999999898705,150.23907210684283
7.208999999989868,150.2392267864103
7.209999999989866,150.23939631812024
7.2109999999898635,150.23957839752683
7.211999999989861,150.23977388193995
7.212999999989859,150.2399766829243
7.2139999999898565,150.2401849356776
7.214999999989854,150.24039556536798
7.215999999989852,150.24060230640558
7.2169999999898495,150.24080386454577
7.217999999989847,150.24099660543257
7.218999999989845,150.2411783351899
7.2199999999898425,150.2413490204947
7.22099999998984,150.24151051587666
7.221999999989838,150.2416619950716
7.2229999999898356,150.2418095874057
7.223999999989833,150.2419549348379
7.224999999989831,150.24210186953903
7.225999999989829,150.2422562733008
7.226999999989826,150.24241934294162
7.227999999989824,150.24259451003104
7.228999999989822,150.24278338838542
7.229999999989819,150.2429865356164
7.230999999989817,150.24320167239625
7.231999999989815,150.24342961377513
7.232999999989812,150.24366437352174
7.23399999998981,150.24390406654166
7.234999999989808,150.24414567738228
7.235999999989805,150.2443830021067
7.236999999989803,150.24461473107368
7.237999999989801,150.2448372589225
7.238999999989798,150.24504839209976
7.239999999989796,150.24524811608845
7.240999999989794,150.24543821835948
7.241999999989791,150.24561790710885
7.242999999989789,150.24579320281904
7.243999999989787,150.24596573186696
7.244999999989784,150.24613931962304
7.245999999989782,150.24631975047993
7.24699999998978,150.24650823041532
7.247999999989777,150.24670815587714
7.248999999989775,150.2469211099129
7.249999999989773,150.24714767441148
7.25099999998977,150.24738560523076
7.251999999989768,150.2476356770576
7.252999999989766,150.2478920060606
7.253999999989763,150.24815269796966
7.254999999989761,150.24841477914762
7.255999999989759,150.24867211773113
7.256999999989756,150.24892339064309
7.257999999989754,150.2491650232566
7.258999999989752,150.24939483370184
7.259999999989749,150.2496128092979
7.260999999989747,150.249820682729
7.261999999989745,150.25001769805445
7.262999999989742,150.2502097700465
7.26399999998974,150.250398520877
7.264999999989738,150.25058775190703
7.265999999989735,150.25078316218688
7.266999999989733,150.25098596822542
7.267999999989731,150.25119953296704
7.268999999989728,150.25142541994492
7.269999999989726,150.25166421744456
7.270999999989724,150.25191372688445
7.271999999989721,150.2521746846127
7.272999999989719,150.2524413094938
7.273999999989717,150.252711709376
7.274999999989714,150.2529829348238
7.275999999989712,150.2532489366725
7.27699999998971,150.25350838046418
7.277999999989707,150.25375772413062
7.278999999989705,150.25399480883038
7.279999999989703,150.25421960690548
7.2809999999897,150.25443380848014
7.281999999989698,150.25463669488158
7.282999999989696,150.25483407826204
7.283999999989693,150.2550275877103
7.284999999989691,150.25522098371727
7.285999999989689,150.2554198917864
7.286999999989686,150.25562554031129
7.287999999989684,150.25584126027496
7.288999999989682,150.25606860657533
7.289999999989679,150.25630815667267
7.290999999989677,150.2565577675798
7.291999999989675,150.2568181393074
7.292999999989672,150.25708359375224
7.29399999998967,150.2573522516628
7.294999999989668,150.25762117114593
7.295999999989665,150.25788439592287
7.296999999989663,150.25814058214624
7.297999999989661,150.25838622214036
7.298999999989658,150.25861919073628
7.299999999989656,150.25883942961974
7.300999999989654,150.25904859790407
7.301999999989651,150.25924601547328
7.302999999989649,150.25943739479771
7.303999999989647,150.25962438213307
7.304999999989644,150.2598106815742
7.305999999989642,150.26000185594825
7.30699999998964,150.26019914680194
7.3079999999896375,150.26040585453254
7.308999999989635,150.2606235352833
7.309999999989633,150.260852740088
7.3109999999896305,150.26109139061236
7.311999999989628,150.261340152436
7.312999999989626,150.26159345075484
7.3139999999896235,150.26184942888065
7.314999999989621,150.26210513765707
7.315999999989619,150.26235472283147
7.3169999999896165,150.26259683297567
7.317999999989614,150.26282799655516
7.318999999989612,150.2630461314264
7.3199999999896095,150.26325113495201
7.320999999989607,150.2634446454906
7.321999999989605,150.26362602260212
7.3229999999896025,150.26380088174415
7.3239999999896,150.26397089517116
7.324999999989598,150.26413969725078
7.3259999999895955,150.2643127975242
7.326999999989593,150.2644914518102
7.327999999989591,150.2646789310342
7.3289999999895885,150.26487680095443
7.329999999989586,150.26508557301594
7.330999999989584,150.26530324109953
7.3319999999895815,150.26553043803605
7.332999999989579,150.26576169246567
7.333999999989577,150.2659951782643
7.3349999999895745,150.26622792682645
7.335999999989572,150.26645419351794
7.33699999998957,150.26667262083632
7.3379999999895675,150.26687977496283
7.338999999989565,150.2670736243485
7.339999999989563,150.2672540110984
7.3409999999895605,150.26742256128944
7.341999999989558,150.26757867502045
7.342999999989556,150.26772787306595
7.3439999999895536,150.2678718606613
7.344999999989551,150.26801419200442
7.345999999989549,150.2681603307961
7.346999999989547,150.26831154806808
7.347999999989544,150.26847108604565
7.348999999989542,150.2686405265391
7.34999999998954,150.2688203313222
7.350999999989537,150.269008572128
7.351999999989535,150.26920585043413
7.352999999989533,150.2694067982881
7.35399999998953,150.26960962605443
7.354999999989528,150.26981133668494
7.355999999989526,150.27000630080255
7.356999999989523,150.270193155946
7.357999999989521,150.270368507352
7.358999999989519,150.2705303794705
7.359999999989516,150.27067855147675
7.360999999989514,150.27081464349746
7.361999999989512,150.27093809674756
7.362999999989509,150.2710543392188
7.363999999989507,150.2711651139493
7.364999999989505,150.27127388792732
7.365999999989502,150.27138608417732
7.3669999999895,150.27150298966208
7.367999999989498,150.27162781830424
7.368999999989495,150.27176217218357
7.369999999989493,150.2719064568487
7.370999999989491,150.27205882530737
7.371999999989488,150.27221984872594
7.372999999989486,150.27238426227805
7.373999999989484,150.27255031640206
7.374999999989481,150.27271498017387
7.375999999989479,150.2728727428904
7.376999999989477,150.2730222378021
7.377999999989474,150.27316011023936
7.378999999989472,150.2732844436768
7.37999999998947,150.27339495027076
7.380999999989467,150.27349324814904
7.381999999989465,150.27357881988385
7.382999999989463,150.27365700214813
7.38399999998946,150.27372957826424
7.384999999989458,150.27379992463972
7.385999999989456,150.27387342634407
7.386999999989453,150.27395138674535
7.387999999989451,150.27403699146046
7.388999999989449,150.2741318647025
7.389999999989446,150.27423635297578
7.390999999989444,150.2743486916202
7.391999999989442,150.27446942213868
7.392999999989439,150.27459338229457
7.393999999989437,150.27471886372462
7.394999999989435,150.2748427998908
7.395999999989432,150.27495979983212
7.39699999998943,150.2750684927009
7.397999999989428,150.27516556462822
7.398999999989425,150.27524915867406
7.399999999989423,150.27531891956104
7.400999999989421,150.27537646490413
7.401999999989418,150.2754213185546
7.402999999989416,150.2754587268605
7.403999999989414,150.27549051355155
7.404999999989411,150.27551996481458
7.405999999989409,150.27555242801543
7.406999999989407,150.2755892231421
7.407999999989404,150.27563350711654
7.408999999989402,150.2756869257798
7.4099999999894,150.27574976749722
7.410999999989397,150.27582034864355
7.411999999989395,150.27589918129863
7.412999999989393,150.27598120500187
7.41399999998939,150.27606475127288
7.414999999989388,150.27614671984722
7.415999999989386,150.27622183824585
7.416999999989383,150.27628873122777
7.417999999989381,150.27634412608447
7.418999999989379,150.27638622362937
7.419999999989376,150.27641460429365
7.420999999989374,150.2764308842697
7.421999999989372,150.276434628288
7.422999999989369,150.27643099291947
7.423999999989367,150.2764218401773
7.424999999989365,150.2764103699496
7.425999999989362,150.27640188977804
7.42699999998936,150.27639773626115
7.427999999989358,150.27640103686159
7.4289999999893555,150.27641345633248
7.429999999989353,150.2764352293003
7.430999999989351,150.2764647496468
7.4319999999893485,150.2765024998766
7.432999999989346,150.27654352022654
7.433999999989344,150.2765861785171
7.4349999999893415,150.27662734597737
7.435999999989339,150.27666186516322
7.436999999989337,150.2766883556918
7.4379999999893345,150.27670358604354
7.438999999989332,150.27670581076018
7.43999999998933,150.27669455235096
7.4409999999893275,150.27667142248737
7.441999999989325,150.27663602608297
7.442999999989323,150.27659343008426
7.4439999999893205,150.27654553064409
7.444999999989318,150.2764954484706
7.445999999989316,150.27644844706128
7.4469999999893135,150.27640587939047
7.447999999989311,150.27637084238205
7.448999999989309,150.27634501502592
7.4499999999893065,150.2763285856936
7.450999999989304,150.27632002026877
7.451999999989302,150.27631977118816
7.4529999999892995,150.27632297804615
7.453999999989297,150.2763280394103
7.454999999989295,150.27633180610033
7.4559999999892925,150.27632923035404
7.45699999998929,150.27631892548956
7.457999999989288,150.27629770089564
7.4589999999892855,150.27626385894607
7.459999999989283,150.2762168733337
7.460999999989281,150.276158346233
7.4619999999892785,150.27608792179774
7.462999999989276,150.27601057716308
7.463999999989274,150.27592823680163
7.4649999999892716,150.2758439520283
7.465999999989269,150.2757629363256
7.466999999989267,150.27568655863155
7.467999999989265,150.27561788399632
7.468999999989262,150.27555859937695
7.46999999998926,150.27550885687128
7.470999999989258,150.27546718726697
7.471999999989255,150.27543401212083
7.472999999989253,150.27540456884793
7.473999999989251,150.27537727962678
7.474999999989248,150.27534898522194
7.475999999989246,150.27531474065714
7.476999999989244,150.27527315148123
7.477999999989241,150.27522106741836
7.478999999989239,150.27515683134234
7.479999999989237,150.27507987933492
7.480999999989234,150.27499179762003
7.481999999989232,150.27489226847683
7.48299999998923,150.27478617877438
7.483999999989227,150.2746754742432
7.484999999989225,150.27456314859174
7.485999999989223,150.2744543580199
7.48699999998922,150.27435048685757
7.487999999989218,150.27425456679828
7.488999999989216,150.27416828533114
7.489999999989213,150.2740917700586
7.490999999989211,150.27402360841893
7.491999999989209,150.27396419004353
7.492999999989206,150.2739088484711
7.493999999989204,150.27385602124895
7.494999999989202,150.27380255098558
7.495999999989199,150.27374358749466
7.496999999989197,150.27367772685034
7.497999999989195,150.27360185833118
7.498999999989192,150.2735143570016
7.49999999998919,150.27341463390994
7.500999999989188,150.2733042518955
7.501999999989185,150.2731829301237
7.502999999989183,150.27305546456995
7.503999999989181,150.2729238143884
7.504999999989178,150.27279092871655
7.505999999989176,150.27266189840006
7.506999999989174,150.27253812251487
7.507999999989171,150.2724225978107
7.508999999989169,150.27231700421044
7.509999999989167,150.2722214576433
7.510999999989164,150.2721345932708
7.511999999989162,150.27205676759533
7.51299999998916,150.27198340847738
7.513999999989157,150.27191295998955
7.514999999989155,150.2718422792631
7.515999999989153,150.2717666023001
7.51699999998915,150.27168451384858
7.517999999989148,150.27159294180208
7.518999999989146,150.27149028466468
7.519999999989143,150.27137594163386
7.520999999989141,150.27125144424835
7.521999999989139,150.27111654727287
7.522999999989136,150.27097595508894
7.523999999989134,150.27083163216113
7.524999999989132,150.27068649655433
7.525999999989129,150.27054556542305
7.526999999989127,150.270410251894
7.527999999989125,150.27028351619194
7.528999999989122,150.27016702241227
7.52999999998912,150.27006088786635
7.530999999989118,150.26996378634666
7.531999999989115,150.26987603997003
7.532999999989113,150.26979316905735
7.533999999989111,150.2697136152927
7.534999999989108,150.2696342630096
7.535999999989106,150.26955042567693
7.536999999989104,150.26946067484465
7.537999999989101,150.26936197599764
7.538999999989099,150.2692527423943
7.539999999989097,150.26913237438453
7.540999999989094,150.26900236433207
7.541999999989092,150.26886250133873
7.54299999998909,150.26871739750362
7.543999999989087,150.2685690147145
7.544999999989085,150.26842025314397
7.545999999989083,150.26827604815537
7.54699999998908,150.26813782623998
7.547999999989078,150.26800850961766
7.548999999989076,150.2678897386082
7.5499999999890735,150.26778164443004
7.550999999989071,150.2676829307547
7.551999999989069,150.26759388404977
7.5529999999890665,150.26751011527256
7.553999999989064,150.2674300552346
7.554999999989062,150.26735062739778
7.5559999999890595,150.26726721435003
7.556999999989057,150.26717837264133
7.557999999989055,150.26708110430704
7.5589999999890525,150.26697382923055
7.55999999998905,150.2668559610245
7.560999999989048,150.26672894552146
7.5619999999890455,150.2665926049789
7.562999999989043,150.26645145864072
7.563999999989041,150.26630745859705
7.5649999999890385,150.26616349926587
7.565999999989036,150.26602442685223
7.566999999989034,150.26589168057964
7.5679999999890315,150.26576814334095
7.568999999989029,150.26565542450902
7.569999999989027,150.26555368050452
7.5709999999890245,150.26546163690915
7.571999999989022,150.26537954338298
7.57299999998902,150.26530309974873
7.5739999999890175,150.26523071835524
7.574999999989015,150.2651593723115
7.575999999989013,150.26508450577435
7.5769999999890105,150.26500465866053
7.577999999989008,150.26491686855627
7.578999999989006,150.26481955484118
7.5799999999890035,150.26471215496477
7.580999999989001,150.26459606183144
7.581999999988999,150.264471129821
7.5829999999889965,150.2643417849244
7.583999999988994,150.26420996328622
7.584999999988992,150.2640785640396
7.5859999999889896,150.26395233799397
7.586999999988987,150.2638327365722
7.587999999988985,150.26372260225236
7.588999999988983,150.2636235074399
7.58999999998898,150.26353564322028
7.590999999988978,150.26345775028275
7.591999999988976,150.26339004049234
7.592999999988973,150.26332830089837
7.593999999988971,150.26327091905836
7.594999999988969,150.2632149262818
7.595999999988966,150.2631558219182
7.596999999988964,150.2630921278687
7.597999999988962,150.26302091637922
7.598999999988959,150.26294060054235
7.599999999988957,150.2628506501474
7.600999999988955,150.2627524000908
7.601999999988952,150.26264573602558
7.60299999998895,150.2625349905453
7.603999999988948,150.2624220790785
7.604999999988945,150.26230991376914
7.605999999988943,150.26220314527308
7.606999999988941,150.2621032368047
7.607999999988938,150.26201298961865
7.608999999988936,150.26193393457834
7.609999999988934,150.26186630459605
7.610999999988931,150.26180885014983
7.611999999988929,150.26176174454025
7.612999999988927,150.26172086055934
7.613999999988924,150.26168455621672
7.614999999988922,150.26164992719728
7.61599999998892,150.26161252312545
7.616999999988917,150.26157084680025
7.617999999988915,150.2615220044039
7.618999999988913,150.2614643985694
7.61999999998891,150.26139753748984
7.620999999988908,150.26132269455155
7.621999999988906,150.26123978605756
7.622999999988903,150.2611530513464
7.623999999988901,150.26106438196626
7.624999999988899,150.26097670883357
7.625999999988896,150.26089457937434
7.626999999988894,150.2608194683556
7.627999999988892,150.2607541353013
7.628999999988889,150.26070006661737
7.629999999988887,150.2606575416021
7.630999999988885,150.26062531686796
7.631999999988882,150.26060352664413
7.63299999998888,150.26058812818883
7.633999999988878,150.26057744694626
7.634999999988875,150.26056864651792
7.635999999988873,150.2605573235351
7.636999999988871,150.26054196095436
7.637999999988868,150.26051969835632
7.638999999988866,150.2604889255155
7.639999999988864,150.26044919242887
7.640999999988861,150.26040170919796
7.641999999988859,150.2603464223961
7.642999999988857,150.26028747856583
7.643999999988854,150.26022674392755
7.644999999988852,150.26016717120476
7.64599999998885,150.26011320335917
7.646999999988847,150.26006632661628
7.647999999988845,150.26002925859993
7.648999999988843,150.26000344007477
7.64999999998884,150.25998919852927
7.650999999988838,150.25998529484252
7.651999999988836,150.2599918239566
7.652999999988833,150.26000482651907
7.653999999988831,150.2600225942283
7.654999999988829,150.26004235941053
7.655999999988826,150.26005976415394
7.656999999988824,150.26007327121619
7.657999999988822,150.2600800532413
7.658999999988819,150.26007848656727
7.659999999988817,150.26006816366714
7.660999999988815,150.26005023137466
7.661999999988812,150.2600246663949
7.66299999998881,150.2599955232549
7.663999999988808,150.259964643125
7.664999999988805,150.25993500082242
7.665999999988803,150.2599109354335
7.666999999988801,150.25989394472757
7.667999999988798,150.25988670456633
7.668999999988796,150.25989061062924
7.669999999988794,150.25990603766493
7.6709999999887915,150.25993175071136
7.671999999988789,150.25996780550193
7.672999999988787,150.26001032521808
7.6739999999887845,150.26005756843014
7.674999999988782,150.26010683433873
7.67599999998878,150.2601538106422
7.6769999999887775,150.26019693989176
7.677999999988775,150.26023342770574
7.678999999988773,150.2602616381515
7.6799999999887705,150.26028120422953
7.680999999988768,150.26029321125785
7.681999999988766,150.26029766616037
7.6829999999887635,150.26029853254363
7.683999999988761,150.26029762845
7.684999999988759,150.26029794845167
7.6859999999887565,150.2603037300831
7.686999999988754,150.26031648290717
7.687999999988752,150.2603388414537
7.6889999999887495,150.26037215850067
7.689999999988747,150.26041685256556
7.690999999988745,150.26047169438925
7.6919999999887425,150.26053670086938
7.69299999998874,150.26060807706722
7.693999999988738,150.26068405070512
7.6949999999887355,150.2607619835623
7.695999999988733,150.260837610693
7.696999999988731,150.2609093547774
7.6979999999887285,150.2609744545272
7.698999999988726,150.2610312645104
7.699999999988724,150.261079453924
7.7009999999887215,150.26112004989915
7.701999999988719,150.26115308987593
7.702999999988717,150.26118244791195
7.7039999999887145,150.26120992230136
7.704999999988712,150.26123852268856
7.70599999998871,150.26127238892755
7.7069999999887076,150.26131304276464
7.707999999988705,150.2613630780875
7.708999999988703,150.26142380837842
7.709999999988701,150.26149569019532
7.710999999988698,150.26157750298938
7.711999999988696,150.26166922543908
7.712999999988694,150.26176714402678
7.713999999988691,150.26186945936146
7.714999999988689,150.26197358940306
7.715999999988687,150.2620753196815
7.716999999988684,150.26217305364844
7.717999999988682,150.2622640634217
7.71899999998868,150.26234669819726
7.719999999988677,150.26242065703877
7.720999999988675,150.2624869135576
7.721999999988673,150.26254553617966
7.72299999998867,150.26260031101052
7.723999999988668,150.26265302118387
7.724999999988666,150.26270668478574
7.725999999988663,150.26276534914226
7.726999999988661,150.26283054869296
7.727999999988659,150.2629048375647
7.728999999988656,150.26298949471942
7.729999999988654,150.26308500720685
7.730999999988652,150.26319016737787
7.731999999988649,150.26330491653383
7.732999999988647,150.26342562227956
7.733999999988645,150.263550462989
7.734999999988642,150.26367690475854
7.73599999998864,150.2638007878239
7.736999999988638,150.26392049728986
7.737999999988635,150.2640333391652
7.738999999988633,150.26413766244897
7.739999999988631,150.26423318819192
7.740999999988628,150.26432084219323
7.741999999988626,150.26440072446434
7.742999999988624,150.2644765349357
7.743999999988621,150.26455004706267
7.744999999988619,150.26462427928035
7.745999999988617,150.26470319249233
7.746999999988614,150.26478833441942
7.747999999988612,150.2648822204702
7.74899999998861,150.26498610068583
7.749999999988607,150.26510048375064
7.750999999988605,150.26522417996833
7.751999999988603,150.26535709426952
7.7529999999886,150.26549567519947
7.753999999988598,150.2656380845935
7.754999999988596,150.26578182751598
7.755999999988593,150.2659228039184
7.756999999988591,150.2660593816199
7.757999999988589,150.26618890113187
7.758999999988586,150.26630971712828
7.759999999988584,150.26642156376008
7.760999999988582,150.26652532541112
7.761999999988579,150.26662113436007
7.762999999988577,150.2667126062424
7.763999999988575,150.2668015108656
7.764999999988572,150.26689085800678
7.76599999998857,150.26698452883053
7.766999999988568,150.26708408498857
7.767999999988565,150.2671920042817
7.768999999988563,150.2673095139156
7.769999999988561,150.26743713461235
7.770999999988558,150.267573700181
7.771999999988556,150.26771908029514
7.772999999988554,150.26786980434727
7.773999999988551,150.26802402375822
7.774999999988549,150.26817927282065
7.775999999988547,150.26833151665195
7.776999999988544,150.268479106942
7.777999999988542,150.26861941941215
7.77899999998854,150.26875082059652
7.779999999988537,150.26887304840926
7.780999999988535,150.26898695254334
7.781999999988533,150.26909269825254
7.78299999998853,150.2691938188073
7.783999999988528,150.2692920865764
7.784999999988526,150.26939049332944
7.785999999988523,150.2694928473805
7.786999999988521,150.26960072497832
7.787999999988519,150.2697165674391
7.788999999988516,150.26984158533756
7.789999999988514,150.2699763016638
7.790999999988512,150.27011957941224
7.7919999999885095,150.27027125416595
7.792999999988507,150.270427936105
7.793999999988505,150.27058777242178
7.7949999999885025,150.27074831690723
7.7959999999885,150.27090560534697
7.796999999988498,150.27105797449394
7.7979999999884955,150.27120283601832
7.798999999988493,150.271338574452
7.799999999988491,150.27146492224708
7.8009999999884885,150.27158270107842
7.801999999988486,150.2716921098563
7.802999999988484,150.27179660138358
7.8039999999884815,150.27189795664222
7.804999999988479,150.2719991402689
7.805999999988477,150.27210389443425
7.8069999999884745,150.27221381062625
7.807999999988472,150.27233129475644
7.80899999998847,150.27245754673092
7.8099999999884675,150.27259308242705
7.810999999988465,150.27273679948655
7.811999999988463,150.27288850054882
7.8129999999884605,150.27304487652393
7.813999999988458,150.27320407624865
7.814999999988456,150.27336366381266
7.8159999999884535,150.27351975091787
7.816999999988451,150.2736706605202
7.817999999988449,150.27381384096032
7.8189999999884465,150.27394770049864
7.819999999988444,150.27407195754213
7.820999999988442,150.27418741201228
7.8219999999884395,150.27429429710398
7.822999999988437,150.27439598695364
7.823999999988435,150.27449427669765
7.8249999999884325,150.27459209546478
7.82599999998843,150.27469312547555
7.826999999988428,150.2747989740457
7.8279999999884256,150.27491201265732
7.828999999988423,150.27503343595924
7.829999999988421,150.27516374422302
7.830999999988419,150.27530187464455
7.831999999988416,150.2754475980013
7.832999999988414,150.2755976858254
7.833999999988412,150.27575029384346
7.834999999988409,150.27590298826598
7.835999999988407,150.27605196135852
7.836999999988405,150.27619552330864
7.837999999988402,150.27633115980277
7.8389999999884,150.27645730783877
7.839999999988398,150.27657366429406
7.840999999988395,150.27668101289967
7.841999999988393,150.2767796216397
7.842999999988391,150.27687278765453
7.843999999988388,150.2769623250004
7.844999999988386,150.27705112011049
7.845999999988384,150.2771428006341
7.846999999988381,150.2772389902181
7.847999999988379,150.27734202673622
7.848999999988377,150.27745310415426
7.849999999988374,150.27757269997474
7.850999999988372,150.2776997950274
7.85199999998837,150.27783412919013
7.852999999988367,150.27797255443133
7.853999999988365,150.27811323769942
7.854999999988363,150.2782537405636
7.85599999998836,150.27839033965043
7.856999999988358,150.2785213332431
7.857999999988356,150.27864424494902
7.858999999988353,150.2787575445408
7.859999999988351,150.27886090136167
7.860999999988349,150.2789550875438
7.861999999988346,150.27904040623613
7.862999999988344,150.2791200790506
7.863999999988342,150.27919594272808
7.864999999988339,150.27927083538472
7.865999999988337,150.27934833441572
7.866999999988335,150.2794300802002
7.867999999988332,150.27951837764678
7.86899999998833,150.27961442356042
7.869999999988328,150.2797186671645
7.870999999988325,150.27983013596173
7.871999999988323,150.27994853972703
7.872999999988321,150.28007081057146
7.873999999988318,150.28019512988692
7.874999999988316,150.2803190495529
7.875999999988314,150.2804389333
7.876999999988311,150.28055306816864
7.877999999988309,150.28065901612666
7.878999999988307,150.28075528260214
7.879999999988304,150.28084150514462
7.880999999988302,150.2809184477276
7.8819999999883,150.2809864488742
7.882999999988297,150.28104865592047
7.883999999988295,150.28110693089113
7.884999999988293,150.2811640597762
7.88599999998829,150.28122357282257
7.886999999988288,150.28128712741204
7.887999999988286,150.28135699591738
7.888999999988283,150.2814343803312
7.889999999988281,150.28151969797065
7.890999999988279,150.28161202485438
7.891999999988276,150.2817110412635
7.892999999988274,150.28181375903216
7.893999999988272,150.28191837596432
7.894999999988269,150.28202243110175
7.895999999988267,150.2821223768422
7.896999999988265,150.2822164893941
7.897999999988262,150.28230236938137
7.89899999998826,150.28237855949493
7.899999999988258,150.2824446631431
7.900999999988255,150.28250143832105
7.901999999988253,150.28254925896667
7.902999999988251,150.2825911991481
7.903999999988248,150.28262914752614
7.904999999988246,150.282665836113
7.905999999988244,150.28270474979965
7.906999999988241,150.2827475631154
7.907999999988239,150.28279651611777
7.908999999988237,150.28285281706502
7.909999999988234,150.28291684971953
7.910999999988232,150.28298773921136
7.91199999998823,150.28306513673053
7.9129999999882275,150.28314613327768
7.913999999988225,150.28322894373323
7.914999999988223,150.28331109311802
7.9159999999882205,150.2833891228209
7.916999999988218,150.2834612983819
7.917999999988216,150.2835252592008
7.9189999999882135,150.28357958554545
7.919999999988211,150.28362384628699
7.920999999988209,150.28365879431743
7.9219999999882065,150.28368483885106
7.922999999988204,150.2837049814569
7.923999999988202,150.28372113754628
7.9249999999881995,150.28373598526164
7.925999999988197,150.28375296461715
7.926999999988195,150.2837737673076
7.9279999999881925,150.28380060106983
7.92899999998819,150.28383468027198
7.929999999988188,150.2838763554413
7.9309999999881855,150.28392480016183
7.931999999988183,150.28397963672688
7.932999999988181,150.28403803460307
7.9339999999881785,150.28409822513382
7.934999999988176,150.28415772005272
7.935999999988174,150.28421314883843
7.9369999999881715,150.28426276628105
7.937999999988169,150.28430425050962
7.938999999988167,150.2843362184203
7.9399999999881645,150.2843582058275
7.940999999988162,150.28437096014267
7.94199999998816,150.28437492555597
7.9429999999881575,150.28437303166731
7.943999999988155,150.28436721955856
7.944999999988153,150.28436011549474
7.9459999999881505,150.2843551138504
7.946999999988148,150.2843539233702
7.947999999988146,150.28435871927863
7.9489999999881435,150.28437072072495
7.949999999988141,150.28439024716604
7.950999999988139,150.28441651881158
7.951999999988137,150.2844491290452
7.952999999988134,150.28448532496893
7.953999999988132,150.28452335258802
7.95499999998813,150.2845607128475
7.955999999988127,150.28459412128677
7.956999999988125,150.28462182162647
7.957999999988123,150.28464153050882
7.95899999998812,150.2846518993718
7.959999999988118,150.28465243415803
7.960999999988116,150.28464387526876
7.961999999988113,150.28462670142406
7.962999999988111,150.28460377057306
7.963999999988109,150.28457704733697
7.964999999988106,150.28454910977132
7.965999999988104,150.28452330473576
7.966999999988102,150.28450135779488
7.967999999988099,150.28448541130265
7.968999999988097,150.2844766868291
7.969999999988095,150.28447547654275
7.970999999988092,150.28448104442745
7.97199999998809,150.28449295476628
7.972999999988088,150.28450853134683
7.973999999988085,150.2845260320095
7.974999999988083,150.28454295092587
7.975999999988081,150.284556086671
7.976999999988078,150.28456367138574
7.977999999988076,150.28456345985134
7.978999999988074,150.2845541349914
7.979999999988071,150.28453517750435
7.980999999988069,150.28450731826848
7.981999999988067,150.28447106996393
7.982999999988064,150.2844292190318
7.983999999988062,150.28438375062757
7.98499999998806,150.28433719966242
7.985999999988057,150.2842928626839
7.986999999988055,150.28425248176404
7.987999999988053,150.2842181658875
7.98899999998805,150.284191135859
7.989999999988048,150.28417166165121
7.990999999988046,150.28415904733475
7.991999999988043,150.28415282774293
7.992999999988041,150.28415040229953
7.993999999988039,150.284150037033
7.994999999988036,150.28414922455138
7.995999999988034,150.2841448426565
7.996999999988032,150.28413511122722
7.997999999988029,150.28411782268873
7.998999999988027,150.2840916876441
7.999999999988025,150.2840561672847
8.000999999988023,150.28401197969416
8.001999999988021,150.28395967085092
8.002999999988019,150.28390195569094
8.003999999988016,150.28384083624115
8.004999999988014,150.28377881038176
8.005999999988012,150.28371912087505
8.00699999998801,150.28366352589597
8.007999999988007,150.2836141004873
8.008999999988005,150.28357206088927
8.009999999988002,150.28353766092647
8.010999999988,150.28351024046876
8.011999999987998,150.28348930443244
8.012999999987995,150.28347232676316
8.013999999987993,150.28345757745814
8.01499999998799,150.2834425536
8.015999999987988,150.2834242078399
8.016999999987986,150.28340074700398
8.017999999987984,150.28337000055865
8.018999999987981,150.2833307024796
8.019999999987979,150.28328230091876
8.020999999987977,150.28322549737584
8.021999999987974,150.2831608704146
8.022999999987972,150.28309106337161
8.02399999998797,150.28301809108237
8.024999999987967,150.28294442117829
8.025999999987965,150.28287323872644
8.026999999987963,150.282806317573
8.02799999998796,150.28274569818083
8.028999999987958,150.28269258807845
8.029999999987956,150.28264723154547
8.030999999987953,150.28260899961708
8.031999999987951,150.28257736675025
8.032999999987949,150.28254988025216
8.033999999987946,150.28252480956104
8.034999999987944,150.28249966269547
8.035999999987942,150.28247146246693
8.03699999998794,150.2824384018001
8.037999999987937,150.2823983465236
8.038999999987935,150.28235004945327
8.039999999987932,150.28229295250136
8.04099999998793,150.28222773653505
8.041999999987928,150.2821550119739
8.042999999987925,150.2820773504192
8.043999999987923,150.2819967753006
8.04499999998792,150.28191573103194
8.045999999987918,150.2818373409259
8.046999999987916,150.28176339403984
8.047999999987914,150.28169589564013
8.048999999987911,150.28163604029479
8.049999999987909,150.2815840694815
8.050999999987907,150.28153938068368
8.051999999987904,150.28150141731737
8.052999999987902,150.28146779888556
8.0539999999879,150.2814367896943
8.054999999987897,150.28140591519715
8.055999999987895,150.2813722636253
8.056999999987893,150.28133401313698
8.05799999998789,150.28128906521098
8.058999999987888,150.28123618699414
8.059999999987886,150.28117482089928
8.060999999987883,150.28110562312477
8.061999999987881,150.281029235229
8.062999999987879,150.28094815694465
8.063999999987876,150.28086441618504
8.064999999987874,150.28078044103853
8.065999999987872,150.28069928911302
8.06699999998787,150.28062276422523
8.067999999987867,150.2805528358603
8.068999999987865,150.2804906815397
8.069999999987862,150.28043654644154
8.07099999998786,150.28038984994322
8.071999999987858,150.28035000385483
8.072999999987855,150.28031469872823
8.073999999987853,150.280282189379
8.07499999998785,150.28025002482892
8.075999999987848,150.2802153541758
8.076999999987846,150.28017633998718
8.077999999987844,150.28013091868405
8.078999999987841,150.28007786751618
8.07999999998784,150.2800166356957
8.080999999987837,150.27994785097445
8.081999999987834,150.27987218538274
8.082999999987832,150.2797920666988
8.08399999998783,150.2797095235455
8.084999999987827,150.27962697406366
8.085999999987825,150.27954740656313
8.086999999987823,150.27947263919282
8.08799999998782,150.2794046051687
8.088999999987818,150.27934446125764
8.089999999987816,150.27929246223133
8.090999999987813,150.27924804521166
8.091999999987811,150.27921058987332
8.092999999987809,150.27917785671474
8.093999999987807,150.27914808715553
8.094999999987804,150.2791188592324
8.095999999987802,150.27908737875458
8.0969999999878,150.27905179198004
8.097999999987797,150.2790100695738
8.098999999987795,150.2789609951677
8.099999999987793,150.27890403031535
8.10099999998779,150.27883977100586
8.101999999987788,150.27876891915724
8.102999999987786,150.27869383059797
8.103999999987783,150.2786165314118
8.10499999998778,150.2785394353409
8.105999999987779,150.27846545837588
8.106999999987776,150.27839643261834
8.107999999987774,150.27833425464738
8.108999999987772,150.27828005734125
8.10999999998777,150.27823411004732
8.110999999987767,150.27819586406733
8.111999999987765,150.27816466651012
8.112999999987762,150.27813834678767
8.11399999998776,150.27811512965434
8.114999999987758,150.27809262662723
8.115999999987755,150.27806809667328
8.116999999987753,150.27803966912998
8.11799999998775,150.27800534827995
8.118999999987748,150.27796392109045
8.119999999987746,150.27791486596203
8.120999999987744,150.27785874447468
8.121999999987741,150.27779628793806
8.122999999987739,150.27772978035497
8.123999999987737,150.27766124272497
8.124999999987734,150.27759308884714
8.125999999987732,150.27752816009814
8.12699999998773,150.27746830222912
8.127999999987727,150.27741537494683
8.128999999987725,150.27737048484127
8.129999999987723,150.27733391966868
8.13099999998772,150.27730514209725
8.131999999987718,150.27728346634547
8.132999999987716,150.27726678979806
8.133999999987713,150.27725331805763
8.134999999987711,150.2772406994035
8.135999999987709,150.27722624313859
8.136999999987706,150.2772080612354
8.137999999987704,150.27718419103553
8.138999999987702,150.27715342060435
8.1399999999877,150.2771152484744
8.140999999987697,150.27707019995145
8.141999999987695,150.2770190353634
8.142999999987692,150.27696396714876
8.14399999998769,150.2769070094796
8.144999999987688,150.2768505794011
8.145999999987685,150.27679744224017
8.146999999987683,150.2767494571611
8.14799999998768,150.2767084469314
8.148999999987678,150.27667549027854
8.149999999987676,150.27665089589604
8.150999999987674,150.27663413585054
8.151999999987671,150.27662449127112
8.152999999987669,150.27661992668058
8.153999999987667,150.27661862692864
8.154999999987664,150.27661827900883
8.155999999987662,150.27661624056807
8.15699999998766,150.27661060594136
8.157999999987657,150.2765994450652
8.158999999987655,150.27658154576423
8.159999999987653,150.27655642864596
8.16099999998765,150.2765245817397
8.161999999987648,150.27648679414213
8.162999999987646,150.2764452071473
8.163999999987643,150.27640182721302
8.164999999987641,150.27635907645086
8.165999999987639,150.27631964361353
8.166999999987636,150.2762854011306
8.167999999987634,150.27625813492742
8.168999999987632,150.2762388951639
8.16999999998763,150.276228012619
8.170999999987627,150.27622496768683
8.171999999987625,150.27622900836155
8.172999999987622,150.2762381655729
8.17399999998762,150.2762506027305
8.174999999987618,150.27626404613207
8.175999999987615,150.27627590063676
8.176999999987613,150.27628424285444
8.17799999998761,150.27628717496532
8.178999999987608,150.27628348411488
8.179999999987606,150.27627271355863
8.180999999987604,150.27625531394767
8.181999999987601,150.2762321030132
8.182999999987599,150.2762051514835
8.183999999987597,150.2761764580901
8.184999999987594,150.27614845044502
8.185999999987592,150.27612374112314
8.18699999998759,150.27610421575582
8.187999999987587,150.27609162368196
8.188999999987585,150.27608698667115
8.189999999987583,150.2760906573598
8.19099999998758,150.27610212428465
8.191999999987578,150.27612060240054
8.192999999987576,150.27614418843208
8.193999999987573,150.27617102456296
8.194999999987571,150.27619887563566
8.195999999987569,150.27622519345155
8.196999999987566,150.27624803699038
8.197999999987564,150.27626554042106
8.198999999987562,150.27627649066153
8.19999999998756,150.27628045286264
8.200999999987557,150.27627784105783
8.201999999987555,150.27626950160231
8.202999999987552,150.276257435387
8.20399999998755,150.27624363423152
8.204999999987548,150.27623053036257
8.205999999987545,150.27622066144642
8.206999999987543,150.2762159263294
8.20799999998754,150.27621803817604
8.208999999987538,150.27622799135574
8.209999999987536,150.27624615884181
8.210999999987534,150.27627203797573
8.211999999987531,150.27630481090588
8.21299999998753,150.27634263963114
8.213999999987527,150.2763836461759
8.214999999987525,150.27642563193163
8.215999999987522,150.27646609615857
8.21699999998752,150.27650308047242
8.217999999987518,150.27653475088331
8.218999999987515,150.2765598953347
8.219999999987513,150.27657809891812
8.22099999998751,150.27658974060142
8.221999999987508,150.2765956954533
8.222999999987506,150.27659789539337
8.223999999987504,150.27659832687496
8.224999999987501,150.2765994246655
8.225999999987499,150.27660365358324
8.226999999987497,150.27661292577758
8.227999999987494,150.2766289187747
8.228999999987492,150.27665260125852
8.22999999998749,150.27668436388623
8.230999999987487,150.27672371419055
8.231999999987485,150.27676980187823
8.232999999987483,150.27682085380775
8.23399999998748,150.27687497362564
8.234999999987478,150.27692999621127
8.235999999987476,150.27698346950183
8.236999999987473,150.27703341815968
8.237999999987471,150.27707803998385
8.238999999987469,150.2771161258784
8.239999999987466,150.2771472778931
8.240999999987464,150.27717184215987
8.241999999987462,150.2771907226322
8.24299999998746,150.2772057832439
8.243999999987457,150.27721900724217
8.244999999987455,150.27723282886768
8.245999999987452,150.27724964279415
8.24699999998745,150.27727137462205
8.247999999987448,150.27729966687917
8.248999999987445,150.2773354648671
8.249999999987443,150.27737917334332
8.25099999998744,150.2774303120289
8.251999999987438,150.27748799866683
8.252999999987436,150.27755052462814
8.253999999987434,150.2776159775522
8.254999999987431,150.27768222189357
8.255999999987429,150.27774685604595
8.256999999987427,150.27780788824055
8.257999999987424,150.27786354809882
8.258999999987422,150.27791263195536
8.25999999998742,150.27795475503555
8.260999999987417,150.27799023339776
8.261999999987415,150.2780200001185
8.262999999987413,150.27804585220554
8.26399999998741,150.27806977232513
8.264999999987408,150.2780941903736
8.265999999987406,150.27812143407314
8.266999999987403,150.27815344266443
8.267999999987401,150.27819182439077
8.268999999987399,150.27823750391067
8.269999999987396,150.27829089581778
8.270999999987394,150.278351534464
8.271999999987392,150.2784185061753
8.27299999998739,150.27849016655327
8.273999999987387,150.27856459001913
8.274999999987385,150.27863966610008
8.275999999987382,150.2787130458186
8.27699999998738,150.27878272160208
8.277999999987378,150.2788469549712
8.278999999987375,150.27890455051926
8.279999999987373,150.27895513233926
8.28099999998737,150.27899898952577
8.281999999987368,150.27903708455744
8.282999999987366,150.27907114864803
8.283999999987364,150.27910316678222
8.284999999987361,150.27913556020178
8.285999999987359,150.2791705931861
8.286999999987357,150.27921021882742
8.287999999987354,150.2792560118495
8.288999999987352,150.27930887925368
8.28999999998735,150.2793692408048
8.290999999987347,150.2794366481911
8.291999999987345,150.27951015693228
8.292999999987343,150.2795881866135
8.29399999998734,150.2796688014623
8.294999999987338,150.27974991125203
8.295999999987336,150.27982922203518
8.296999999987333,150.27990471110402
8.297999999987331,150.27997467200288
8.298999999987329,150.2800379205916
8.299999999987326,150.28009408525804
8.300999999987324,150.28014343142578
8.301999999987322,150.2801869512627
8.30299999998732,150.2802263113281
8.303999999987317,150.28026350194787
8.304999999987315,150.28030093120023
8.305999999987312,150.28034080354925
8.30699999998731,150.28038508615515
8.307999999987308,150.28043532099576
8.308999999987305,150.28049240048247
8.309999999987303,150.2805567447639
8.3109999999873,150.28062792565515
8.311999999987298,150.28070496849867
8.312999999987296,150.28078635663744
8.313999999987294,150.2808701471704
8.314999999987291,150.28095426525948
8.31599999998729,150.28103647444138
8.316999999987287,150.28111473755422
8.317999999987284,150.28118738030633
8.318999999987282,150.281253232822
8.31999999998728,150.28131192322653
8.320999999987277,150.2813636965587
8.321999999987275,150.2814095749568
8.322999999987273,150.28145116145916
8.32399999998727,150.2814904546902
8.324999999987268,150.2815298451274
8.325999999987266,150.28157148097876
8.326999999987263,150.28161734368518
8.327999999987261,150.28166894322436
8.328999999987259,150.28172716039137
8.329999999987256,150.28179241108458
8.330999999987254,150.28186428994616
8.331999999987252,150.2819417927637
8.33299999998725,150.28202346640566
8.333999999987247,150.28210736378023
8.334999999987245,150.28219142079973
8.335999999987243,150.2822734608229
8.33699999998724,150.28235143289453
8.337999999987238,150.2824236950214
8.338999999987236,150.28248909440796
8.339999999987233,150.28254725463896
8.34099999998723,150.2825984034772
8.341999999987229,150.28264359327753
8.342999999987226,150.28268436465623
8.343999999987224,150.28272272725988
8.344999999987222,150.28276104985193
8.34599999998722,150.2828014277176
8.346999999987217,150.28284585676042
8.347999999987215,150.28289581565747
8.348999999987212,150.2829521763072
8.34999999998721,150.28301534612538
8.350999999987208,150.28308494502292
8.351999999987205,150.28315993983256
8.352999999987203,150.28323894069044
8.3539999999872,150.28331999895997
8.354999999987198,150.28340105713173
8.355999999987196,150.28348000044846
8.356999999987194,150.2835547647754
8.357999999987191,150.28362374052168
8.358999999987189,150.2836857944567
8.359999999987187,150.2837405418487
8.360999999987184,150.28378819596435
8.361999999987182,150.28382983957096
8.36299999998718,150.2838669518807
8.363999999987177,150.2839015559306
8.364999999987175,150.28393599521345
8.365999999987173,150.28397231504073
8.36699999998717,150.2840125259205
8.367999999987168,150.28405807585935
8.368999999987166,150.2841098301862
8.369999999987163,150.28416818421337
8.370999999987161,150.2842327851882
8.371999999987159,150.28430257151783
8.372999999987156,150.28437621630903
8.373999999987154,150.28445177160026
8.374999999987152,150.28452718295085
8.37599999998715,150.28460039915294
8.376999999987147,150.2846693434199
8.377999999987145,150.2847324386222
8.378999999987142,150.28478857312223
8.37999999998714,150.2848373507855
8.380999999987138,150.28487897271177
8.381999999987135,150.2849145522065
8.382999999987133,150.28494550801244
8.38399999998713,150.28497387844777
8.384999999987128,150.2850019789099
8.385999999987126,150.28503180718423
8.386999999987124,150.28506538847577
8.387999999987121,150.28510414065815
8.388999999987119,150.28514892432176
8.389999999987117,150.28520011983446
8.390999999987114,150.28525740334507
8.391999999987112,150.28531968529325
8.39299999998711,150.2853857014161
8.393999999987107,150.28545350611788
8.394999999987105,150.2855210453225
8.395999999987103,150.28558633254045
8.3969999999871,150.28564727876267
8.397999999987098,150.28570233932103
8.398999999987096,150.28575042564412
8.399999999987093,150.28579112794316
8.400999999987091,150.28582463693198
8.401999999987089,150.2858520964997
8.402999999987086,150.2858748657503
8.403999999987084,150.28589499961706
8.404999999987082,150.28591478343205
8.40599999998708,150.2859361693299
8.406999999987077,150.28596119724227
8.407999999987075,150.28599125534444
8.408999999987072,150.28602720075452
8.40999999998707,150.28606939694953
8.410999999987068,150.2861175499724
8.411999999987065,150.28617054267306
8.412999999987063,150.28622717300456
8.41399999998706,150.28628549883584
8.414999999987058,150.28634346465924
8.415999999987056,150.2863991493071
8.416999999987054,150.2864504518648
8.417999999987051,150.28649586004968
8.418999999987049,150.28653430923225
8.419999999987047,150.2865653746253
8.420999999987044,150.2865892377351
8.421999999987042,150.28660707299906
8.42299999998704,150.28662018059387
8.423999999987037,150.28663063280877
8.424999999987035,150.2866406838757
8.425999999987033,150.28665224152073
8.42699999998703,150.28666736036163
8.427999999987028,150.28668739921366
8.428999999987026,150.28671321238474
8.429999999987023,150.28674514546458
8.430999999987021,150.28678293479337
8.431999999987019,150.28682543588752
8.432999999987016,150.28687150844436
8.433999999987014,150.2869192142707
8.434999999987012,150.28696649557784
8.43599999998701,150.28701149653114
8.436999999987007,150.28705210451295
8.437999999987005,150.28708683947403
8.438999999987002,150.28711466097675
8.439999999987,150.2871351288296
8.440999999986998,150.2871484158838
8.441999999986995,150.28715572700807
8.442999999986993,150.287158304041
8.44399999998699,150.28715823677186
8.444999999986988,150.28715774824505
8.445999999986986,150.2871587023827
8.446999999986984,150.28716316839464
8.447999999986981,150.28717247595745
8.44899999998698,150.28718747663203
8.449999999986977,150.28720849806825
8.450999999986974,150.28723530669512
8.451999999986972,150.2872667308697
8.45299999998697,150.2873016914979
8.453999999986967,150.2873382541772
8.454999999986965,150.28737435891082
8.455999999986963,150.2874082146297
8.45699999998696,150.28743769708873
8.457999999986958,150.2874613582432
8.458999999986956,150.28747818148958
8.459999999986954,150.28748771173835
8.460999999986951,150.28749011312948
8.461999999986949,150.28748662076939
8.462999999986947,150.28747841863475
8.463999999986944,150.2874676135778
8.464999999986942,150.28745639827503
8.46599999998694,150.28744659285132
8.466999999986937,150.28744028094337
8.467999999986935,150.28743876322108
8.468999999986933,150.28744288799157
8.46999999998693,150.28745296580644
8.470999999986928,150.2874687924165
8.471999999986926,150.2874891690845
8.472999999986923,150.2875130773264
8.47399999998692,150.28753858581285
8.474999999986919,150.2875636332781
8.475999999986916,150.28758649229673
8.476999999986914,150.28760502696971
8.477999999986912,150.28761782094836
8.47899999998691,150.2876238805556
8.479999999986907,150.2876227371385
8.480999999986905,150.28761454552057
8.481999999986902,150.287600570775
8.4829999999869,150.2875819393949
8.483999999986898,150.28756077434588
8.484999999986895,150.2875392395677
8.485999999986893,150.28751911084342
8.48699999998689,150.2875024860248
8.487999999986888,150.28749063681786
8.488999999986886,150.28748440726676
8.489999999986884,150.28748409246268
8.490999999986881,150.2874895162026
8.491999999986879,150.28749945264474
8.492999999986877,150.28751294325562
8.493999999986874,150.28752805856064
8.494999999986872,150.28754273771173
8.49599999998687,150.28755531532985
8.496999999986867,150.2875636437365
8.497999999986865,150.28756633790397
8.498999999986863,150.28756242569645
8.49999999998686,150.2875514269485
8.500999999986858,150.28753348607745
8.501999999986856,150.28750989779604
8.502999999986853,150.28748173139678
8.503999999986851,150.28745112457776
8.504999999986849,150.287420214868
8.505999999986846,150.28739073271086
8.506999999986844,150.28736478991294
8.507999999986842,150.28734362919215
8.50899999998684,150.28732808890837
8.509999999986837,150.28731845097755
8.510999999986835,150.2873145655621
8.511999999986832,150.28731517961194
8.51299999998683,150.28731939385625
8.513999999986828,150.2873252790517
8.514999999986825,150.2873307770541
8.515999999986823,150.28733428254554
8.51699999998682,150.28733363586878
8.517999999986818,150.2873274828719
8.518999999986816,150.2873148712169
8.519999999986814,150.28729531183225
8.520999999986811,150.28726893725013
8.521999999986809,150.2872370714604
8.522999999986807,150.28720072676728
8.523999999986804,150.28716205388614
8.524999999986802,150.28712316679213
8.5259999999868,150.28708574924823
8.526999999986797,150.2870519267052
8.527999999986795,150.28702291283602
8.528999999986793,150.2869995385818
8.52999999998679,150.28698207545494
8.530999999986788,150.28697039799485
8.531999999986786,150.2869632258015
8.532999999986783,150.28695971813377
8.533999999986781,150.28695794407088
8.534999999986779,150.28695585088323
8.535999999986776,150.28695189104687
8.536999999986774,150.2869438926711
8.537999999986772,150.28693053200098
8.53899999998677,150.2869108744828
8.539999999986767,150.28688442512885
8.540999999986765,150.2868513028597
8.541999999986762,150.2868128605426
8.54299999998676,150.2867700536528
8.543999999986758,150.2867250440058
8.544999999986755,150.2866799252214
8.545999999986753,150.28663633280374
8.54699999998675,150.2865964055359
8.547999999986748,150.28656132794268
8.548999999986746,150.28653192163176
8.549999999986744,150.28650845077968
8.550999999986741,150.28649081213732
8.551999999986739,150.2864776977599
8.552999999986737,150.2864683246943
8.553999999986734,150.28646075825935
8.554999999986732,150.28645295410152
8.55599999998673,150.28644342006083
8.556999999986727,150.28642997172884
8.557999999986725,150.28641131523105
8.558999999986723,150.2863865316624
8.55999999998672,150.2863551233047
8.560999999986718,150.28631719357932
8.561999999986716,150.28627412383068
8.562999999986713,150.28622681284764
8.563999999986711,150.28617743152734
8.564999999986709,150.28612805648814
8.565999999986706,150.2860802733084
8.566999999986704,150.28603623376614
8.567999999986702,150.28599709314594
8.5689999999867,150.28596366173488
8.569999999986697,150.28593619955146
8.570999999986695,150.28591462332844
8.571999999986692,150.28589759736758
8.57299999998669,150.2858843957613
8.573999999986688,150.2858730779499
8.574999999986685,150.28586161095902
8.575999999986683,150.28584855552626
8.57699999998668,150.28583171443324
8.577999999986679,150.28580982315253
8.578999999986676,150.2857819762873
8.579999999986674,150.2857476765822
8.580999999986672,150.28570701006288
8.58199999998667,150.28566138615417
8.582999999986667,150.28561164708753
8.583999999986665,150.28555997085334
8.584999999986662,150.28550842039203
8.58599999998666,150.28545852971556
8.586999999986658,150.2854124632608
8.587999999986655,150.28537134699772
8.588999999986653,150.28533597795442
8.58999999998665,150.28530661508157
8.590999999986648,150.28528319292965
8.591999999986646,150.28526434784055
8.592999999986644,150.28524941021666
8.593999999986641,150.28523643158735
8.594999999986639,150.2852233932396
8.595999999986637,150.2852089063994
8.596999999986634,150.28519076077515
8.597999999986632,150.28516772064862
8.59899999998663,150.28513889210663
8.599999999986627,150.2851037813738
8.600999999986625,150.28506245527828
8.601999999986623,150.2850163509575
8.60299999998662,150.28496625423205
8.603999999986618,150.28491434833572
8.604999999986616,150.28486268564941
8.605999999986613,150.28481274711774
8.606999999986611,150.28476670951503
8.607999999986609,150.2847256694549
8.608999999986606,150.28469040893435
8.609999999986604,150.28466118868255
8.610999999986602,150.2846379590637
8.6119999999866,150.2846193282726
8.612999999986597,150.28460468231728
8.613999999986595,150.28459206296534
8.614999999986592,150.28457946835184
8.61599999998659,150.28456555797632
8.616999999986588,150.28454810823084
8.617999999986585,150.28452591169315
8.618999999986583,150.28449808411875
8.61999999998658,150.28446413791053
8.620999999986578,150.28442411910484
8.621999999986576,150.2843794922084
8.622999999986574,150.28433098681788
8.623999999986571,150.2842807897902
8.624999999986569,150.28423094569982
8.625999999986567,150.2841828811697
8.626999999986564,150.2841387850182
8.627999999986562,150.28409972451158
8.62899999998656,150.28406646509106
8.629999999986557,150.2840392717131
8.630999999986555,150.2840181088233
8.631999999986553,150.28400155631482
8.63299999998655,150.28398905512924
8.633999999986548,150.28397863571516
8.634999999986546,150.28396831521698
8.635999999986543,150.28395679943773
8.636999999986541,150.28394185129113
8.637999999986539,150.28392229114624
8.638999999986536,150.28389724292313
8.639999999986534,150.28386622744222
8.640999999986532,150.2838292686392
8.64199999998653,150.2837878580995
8.642999999986527,150.28374266943288
8.643999999986525,150.28369589180795
8.644999999986522,150.28364956426438
8.64599999998652,150.28360505817875
8.646999999986518,150.28356457413705
8.647999999986515,150.28352915013812
8.648999999986513,150.28349953387126
8.64999999998651,150.28347599645278
8.650999999986508,150.2834585150094
8.651999999986506,150.28344564103762
8.652999999986504,150.28343686978351
8.653999999986501,150.2834302191678
8.654999999986499,150.2834237269689
8.655999999986497,150.28341614367307
8.656999999986494,150.28340521860713
8.657999999986492,150.28338979947287
8.65899999998649,150.2833690172147
8.659999999986487,150.2833424027593
8.660999999986485,150.2833099569827
8.661999999986483,150.28327319831368
8.66299999998648,150.28323274467036
8.663999999986478,150.28319078658936
8.664999999986476,150.28314935926883
8.665999999986473,150.28310977829636
8.666999999986471,150.283074255791
8.667999999986469,150.28304380063756
8.668999999986466,150.28301914195103
8.669999999986464,150.28300055835376
8.670999999986462,150.2829880386409
8.67199999998646,150.2829801058695
8.672999999986457,150.28297630900994
8.673999999986455,150.28297465265388
8.674999999986452,150.28297319624303
8.67599999998645,150.28297073368634
8.676999999986448,150.2829650007125
8.677999999986445,150.28295487193253
8.678999999986443,150.28293948458176
8.67999999998644,150.28291838076817
8.680999999986438,150.28289153775287
8.681999999986436,150.2828605006181
8.682999999986434,150.28282583196142
8.683999999986431,150.2827897231342
8.68499999998643,150.2827542065614
8.685999999986427,150.28272054192053
8.686999999986424,150.28269095266577
8.687999999986422,150.28266641879634
8.68899999998642,150.2826476504391
8.689999999986417,150.2826349344276
8.690999999986415,150.2826282706222
8.691999999986413,150.28262615367376
8.69299999998641,150.28262818574945
8.693999999986408,150.28263235772474
8.694999999986406,150.2826367511015
8.695999999986403,150.2826402023697
8.696999999986401,150.28264043370746
8.697999999986399,150.28263634627973
8.698999999986397,150.2826270832935
8.699999999986394,150.2826121984797
8.700999999986392,150.2825916453379
8.70199999998639,150.28256699548092
8.702999999986387,150.28253875661977
8.703999999986385,150.2825091207725
8.704999999986383,150.2824801180188
8.70599999998638,150.2824529524198
8.706999999986378,150.2824298586183
8.707999999986376,150.28241178802284
8.708999999986373,150.28239943175686
8.70999999998637,150.2823930849433
8.710999999986369,150.28239275832323
8.711999999986366,150.2823969182265
8.712999999986364,150.28240521955038
8.713999999986362,150.28241563948995
8.71499999998636,150.28242628137923
8.715999999986357,150.28243602383066
8.716999999986355,150.28244257562895
8.717999999986352,150.28244486416241
8.71899999998635,150.282442038708
8.719999999986348,150.28243366444664
8.720999999986345,150.28241967136452
8.721999999986343,150.28240165753465
8.72299999998634,150.28238007628931
8.723999999986338,150.28235712054965
8.724999999986336,150.2823348178607
8.725999999986334,150.28231431738052
8.726999999986331,150.2822978648103
8.727999999986329,150.28228638334832
8.728999999986327,150.28228054548237
8.729999999986324,150.28228065409002
8.730999999986322,150.28228673100153
8.73199999998632,150.28229721439075
8.732999999986317,150.28231181145307
8.733999999986315,150.282328486138
8.734999999986313,150.28234536280414
8.73599999998631,150.28236136210467
8.736999999986308,150.28237417965596
8.737999999986306,150.2823827687956
8.738999999986303,150.28238628534697
8.739999999986301,150.2823843051973
8.740999999986299,150.2823767354387
8.741999999986296,150.28236520057837
8.742999999986294,150.2823501001423
8.743999999986292,150.28233362853356
8.74499999998629,150.28231781001114
8.745999999986287,150.2823037399094
8.746999999986285,150.2822936749061
8.747999999986282,150.28228851042337
8.74899999998628,150.28228890102585
8.749999999986278,150.2822951562793
8.750999999986275,150.28230730965345
8.751999999986273,150.28232377138514
8.75299999998627,150.28234430058754
8.753999999986268,150.28236684874088
8.754999999986266,150.28238955991085
8.755999999986264,150.28241139703502
8.756999999986261,150.28243004286063
8.757999999986259,150.28244447643965
8.758999999986257,150.28245386093667
8.759999999986254,150.28245778171333
8.760999999986252,150.28245612391234
8.76199999998625,150.28245053849471
8.762999999986247,150.28244137180047
8.763999999986245,150.28243082059072
8.764999999986243,150.28242090461237
8.76599999998624,150.2824126667627
8.766999999986238,150.28240837463647
8.767999999986236,150.28240889636834
8.768999999986233,150.28241486959158
8.769999999986231,150.28242660904084
8.770999999986229,150.28244416068128
8.771999999986226,150.2824659070737
8.772999999986224,150.28249165891054
8.773999999986222,150.28251935625934
8.77499999998622,150.282547161161
8.775999999986217,150.2825740793561
8.776999999986215,150.28259778107085
8.777999999986212,150.28261727087752
8.77899999998621,150.28263172034139
8.779999999986208,150.2826407226712
8.780999999986205,150.28264414225734
8.781999999986203,150.28264365655792
8.7829999999862,150.28263955939195
8.783999999986198,150.2826340509805
8.784999999986196,150.28262914496253
8.785999999986194,150.28262583342698
8.786999999986191,150.28262639484808
8.787999999986189,150.28263167059086
8.788999999986187,150.2826422825684
8.789999999986184,150.28265854883338
8.790999999986182,150.28268052890334
8.79199999998618,150.28270657797546
8.792999999986177,150.28273655800626
8.793999999986175,150.28276839891674
8.794999999986173,150.28280027869732
8.79599999998617,150.2828312466027
8.796999999986168,150.28285896073237
8.797999999986166,150.28288245100705
8.798999999986163,150.2829008986303
8.799999999986161,150.28291390276246
8.800999999986159,150.28292130841945
8.801999999986156,150.28292481962131
8.802999999986154,150.28292467835624
8.803999999986152,150.28292308955173
8.80499999998615,150.28292205888553
8.805999999986147,150.28292252943635
8.806999999986145,150.28292679052458
8.807999999986142,150.28293565729632
8.80899999998614,150.28294973728183
8.809999999986138,150.2829693497853
8.810999999986135,150.2829945690878
8.811999999986133,150.28302372335529
8.81299999998613,150.28305672550724
8.813999999986128,150.28309149670773
8.814999999986126,150.28312622869083
8.815999999986124,150.28316001506178
8.816999999986121,150.28319050221066
8.81799999998612,150.28321674525787
8.818999999986117,150.28323793637873
8.819999999986115,150.28325367863903
8.820999999986112,150.28326379915345
8.82199999998611,150.28327002858035
8.822999999986108,150.28327255778063
8.823999999986105,150.2832735977018
8.824999999986103,150.28327514409233
8.8259999999861,150.2832780928723
8.826999999986098,150.28328474419556
8.827999999986096,150.28329588753937
8.828999999986094,150.28331211745208
8.829999999986091,150.28333375233333
8.830999999986089,150.28336088248432
8.831999999986087,150.28339180939076
8.832999999986084,150.28342649664938
8.833999999986082,150.28346285809525
8.83499999998608,150.2834990969538
8.835999999986077,150.2835343520534
8.836999999986075,150.28356625850046
8.837999999986073,150.28359389647431
8.83899999998607,150.28361647047325
8.839999999986068,150.28363358539718
8.840999999986066,150.28364505195373
8.841999999986063,150.28365262750202
8.842999999986061,150.28365645247595
8.843999999986059,150.2836587451519
8.844999999986056,150.2836614893749
8.845999999986054,150.28366553576387
8.846999999986052,150.2836731952775
8.84799999998605,150.28368523226627
8.848999999986047,150.28370222966632
8.849999999986045,150.28372450286176
8.850999999986042,150.28375215941261
8.85199999998604,150.28378347446852
8.852999999986038,150.283818462014
8.853999999986035,150.28385502994516
8.854999999986033,150.28389139079982
8.85599999998603,150.2839267294666
8.856999999986028,150.28395867019034
8.857999999986026,150.2839863180639
8.858999999986024,150.28400889119055
8.859999999986021,150.28402599433244
8.860999999986019,150.28403742321808
8.861999999986017,150.2840449619624
8.862999999986014,150.28404870125766
8.863999999986012,150.2840508679238
8.86499999998601,150.28405343205188
8.865999999986007,150.28405720072345
8.866999999986005,150.28406449566853
8.867999999986003,150.28407605663642
8.868999999986,150.28409245621847
8.869999999985998,150.28411400482418
8.870999999985996,150.28414082841294
8.871999999985993,150.28417117613535
8.872999999985991,150.28420511206517
8.873999999985989,150.2842405394284
8.874999999985986,150.2842756780778
8.875999999985984,150.28430975969542
8.876999999985982,150.28434039805848
8.87799999998598,150.2843667230193
8.878999999985977,150.28438796743922
8.879999999985975,150.28440373417058
8.880999999985972,150.28441380525638
8.88199999998597,150.28441999159742
8.882999999985968,150.2844223348002
8.883999999985965,150.28442307129657
8.884999999985963,150.28442415579855
8.88599999998596,150.2844263534604
8.886999999985958,150.28443199672398
8.887999999985956,150.28444180123157
8.888999999985954,150.28445633034258
8.889999999985951,150.2844758877827
8.890999999985949,150.2845006188871
8.891999999985947,150.28452874711914
8.892999999985944,150.28456038632385
8.893999999985942,150.2845934361567
8.89499999998594,150.2846261220659
8.895999999985937,150.28465772308482
8.896999999985935,150.2846858428965
8.897999999985933,150.2847096359354
8.89899999998593,150.28472835077332
8.899999999985928,150.28474158687234
8.900999999985926,150.2847491136955
8.901999999985923,150.28475276893005
8.902999999985921,150.2847525457135
8.903999999985919,150.2847506909534
8.904999999985916,150.28474914266351
8.905999999985914,150.2847486254627
8.906999999985912,150.28475148243055
8.90799999998591,150.28475840555635
8.908999999985907,150.2847699498632
8.909999999985905,150.28478641101947
8.910999999985902,150.2848079545039
8.9119999999859,150.28483277837012
8.912999999985898,150.28486104589885
8.913999999985895,150.2848906540381
8.914999999985893,150.28491983245746
8.91599999998589,150.28494790790097
8.916999999985888,150.2849724742693
8.917999999985886,150.2849927103828
8.918999999985884,150.2850078812475
8.919999999985881,150.2850175818083
8.92099999998588,150.28502156981375
8.921999999985877,150.2850217097041
8.922999999985874,150.28501794671485
8.923999999985872,150.28501253885813
8.92499999998587,150.28500740649997
8.925999999985867,150.28500323486463
8.926999999985865,150.28500237756654
8.927999999985863,150.28500550334996
8.92899999998586,150.28501315954983
8.929999999985858,150.28502563278676
8.930999999985856,150.28504310920542
8.931999999985853,150.28506376168608
8.932999999985851,150.285087802586
8.933999999985849,150.28511312675514
8.934999999985846,150.2851379671037
8.935999999985844,150.28516169819076
8.936999999985842,150.2851819044139
8.93799999998584,150.2851977887443
8.938999999985837,150.28520863307662
8.939999999985835,150.28521402711453
8.940999999985833,150.2852137174943
8.94199999998583,150.2852095953443
8.942999999985828,150.2852015585093
8.943999999985826,150.28519187646532
8.944999999985823,150.28518245139782
8.94599999998582,150.28517393000135
8.946999999985819,150.285168676289
8.947999999985816,150.28516733611963
8.948999999985814,150.28517044952318
8.949999999985812,150.28517829350398
8.95099999998581,150.28519107512858
8.951999999985807,150.28520694229707
8.952999999985805,150.28522615604726
8.953999999985802,150.2852466094661
8.9549999999858,150.28526653814757
8.955999999985798,150.28528536431105
8.956999999985795,150.2853006630674
8.957999999985793,150.28531166128104
8.95899999998579,150.28531765791104
8.959999999985788,150.28531823711043
8.960999999985786,150.28531313473624
8.961999999985784,150.2853042684868
8.962999999985781,150.28529148928862
8.963999999985779,150.28527707817378
8.964999999985777,150.28526291902065
8.965999999985774,150.28524962057764
8.966999999985772,150.28523955709557
8.96799999998577,150.28523335185764
8.968999999985767,150.28523153770672
8.969999999985765,150.28523438188486
8.970999999985763,150.2852421123594
8.97199999998576,150.28525285220522
8.972999999985758,150.28526691072213
8.973999999985756,150.28528217928596
8.974999999985753,150.28529689603258
8.975999999985751,150.2853105304308
8.976999999985749,150.28532064847073
8.977999999985746,150.28532650061283
8.978999999985744,150.2853274027889
8.979999999985742,150.28532293370145
8.98099999998574,150.28531281847853
8.981999999985737,150.28529900125733
8.982999999985735,150.28528128644518
8.983999999985732,150.28526196646982
8.98499999998573,150.28524290719122
8.985999999985728,150.28522467971206
8.986999999985725,150.28520966833565
8.987999999985723,150.2851984740362
8.98899999998572,150.28519162232286
8.989999999985718,150.2851893709304
8.990999999985716,150.28519196846548
8.991999999985714,150.2851975132737
8.992999999985711,150.2852063624759
8.993999999985709,150.28521640553618
8.994999999985707,150.28522588338004
8.995999999985704,150.28523431206483
8.996999999985702,150.28523924858519
8.9979999999857,150.28523996666084
8.998999999985697,150.28523579885663
8.999999999985695,150.28522631890607
9.000999999985693,150.28521124100922
9.00199999998569,150.28519253556337
9.002999999985688,150.2851699608221
9.003999999985686,150.2851458202049
9.004999999985683,150.2851219622184
9.005999999985681,150.2850989203766
9.006999999985679,150.28507908881494
9.007999999985676,150.28506304642445
9.008999999985674,150.28505131100925
9.009999999985672,150.28504413141852
9.01099999998567,150.28504177639505
9.011999999985667,150.28504231962492
9.012999999985665,150.2850461655768
9.013999999985662,150.28505120137078
9.01499999998566,150.2850556713181
9.015999999985658,150.2850591371907
9.016999999985655,150.28505914705542
9.017999999985653,150.28505499754067
9.01899999998565,150.28504603728166
9.019999999985648,150.28503183584917
9.020999999985646,150.28501209609885
9.021999999985644,150.28498881448635
9.022999999985641,150.284961703432
9.023999999985639,150.28493307674387
9.024999999985637,150.28490476655483
9.025999999985634,150.28487726862943
9.026999999985632,150.28485298670032
9.02799999998563,150.28483247777126
9.028999999985627,150.28481625137246
9.029999999985625,150.2848045483894
9.030999999985623,150.2847976570102
9.03199999998562,150.2847936262953
9.032999999985618,150.28479290757474
9.033999999985616,150.28479338500438
9.034999999985613,150.2847933071601
9.035999999985611,150.2847922804712
9.036999999985609,150.28478784412414
9.037999999985606,150.28477931726403
9.038999999985604,150.2847660638633
9.039999999985602,150.2847476504086
9.0409999999856,150.28472376781076
9.041999999985597,150.2846964383603
9.042999999985595,150.28466532893043
9.043999999985592,150.28463276295514
9.04499999998559,150.28460055742514
9.045999999985588,150.28456917003666
9.046999999985585,150.284541013862
9.047999999985583,150.2845166241874
9.04899999998558,150.2844965015531
9.049999999985578,150.2844808800373
9.050999999985576,150.28447006643856
9.051999999985574,150.28446208519262
9.052999999985571,150.28445743399325
9.05399999998557,150.28445399327288
9.054999999985567,150.28445001696352
9.055999999985564,150.2844451549608
9.056999999985562,150.28443693758993
9.05799999998556,150.28442470610702
9.058999999985557,150.28440783896286
9.059999999985555,150.28438590082462
9.060999999985553,150.2843585699283
9.06199999998555,150.28432789417107
9.062999999985548,150.28429349513195
9.063999999985546,150.28425770500888
9.064999999985544,150.28422232705722
9.065999999985541,150.2841877804559
9.066999999985539,150.28415648735572
9.067999999985537,150.28412896147924
9.068999999985534,150.2841056935644
9.069999999985532,150.2840869121986
9.07099999998553,150.2840729418576
9.071999999985527,150.28406178233809
9.072999999985525,150.28405397719126
9.073999999985523,150.2840474022777
9.07499999998552,150.28404031810695
9.075999999985518,150.2840324167715
9.076999999985516,150.28402121972766
9.077999999985513,150.28400608993167
9.07899999998551,150.28398641938048
9.079999999985509,150.28396177229956
9.080999999985506,150.2839318134439
9.081999999985504,150.28389861607542
9.082999999985502,150.28386175672597
9.0839999999855,150.2838235754358
9.084999999985497,150.28378586322123
9.085999999985495,150.2837490002435
9.086999999985492,150.2837154174558
9.08799999998549,150.28368560716913
9.088999999985488,150.28366004946324
9.089999999985485,150.28363896881626
9.090999999985483,150.2836227064102
9.09199999998548,150.2836092373819
9.092999999985478,150.2835991506308
9.093999999985476,150.28359031656518
9.094999999985474,150.28358100354384
9.095999999985471,150.2835709445521
9.096999999985469,150.28355765217927
9.097999999985467,150.2835405106523
9.098999999985464,150.28351892456973
9.099999999985462,150.28349245911411
9.10099999998546,150.28346076473372
9.101999999985457,150.2834259398179
9.102999999985455,150.28338751608908
9.103999999985453,150.28334784050224
9.10499999998545,150.28330869334104
9.105999999985448,150.28327041524733
9.106999999985446,150.2832354457054
9.107999999985443,150.28320425577084
9.108999999985441,150.28317731401197
9.109999999985439,150.28315484216847
9.110999999985436,150.28313719717417
9.111999999985434,150.28312232947883
9.112999999985432,150.28311087282947
9.11399999998543,150.28310069133073
9.114999999985427,150.28309006242515
9.115999999985425,150.28307875870462
9.116999999985422,150.28306428389908
9.11799999998542,150.28304604307723
9.118999999985418,150.28302345253226
9.119999999985415,150.28299607975825
9.120999999985413,150.28296356009335
9.12199999998541,150.28292801682522
9.122999999985408,150.2828889371133
9.123999999985406,150.28284867394868
9.124999999985404,150.28280899831702
9.125999999985401,150.2827702108812
9.126999999985399,150.28273475938468
9.127999999985397,150.2827030937955
9.128999999985394,150.28267567038688
9.129999999985392,150.28265270943766
9.13099999998539,150.2826345827362
9.131999999985387,150.28261921602493
9.132999999985385,150.28260728741532
9.133999999985383,150.2825966539173
9.13499999998538,150.28258560318983
9.135999999985378,150.28257394622193
9.136999999985376,150.2825591778937
9.137999999985373,150.28254072370336
9.138999999985371,150.28251801081208
9.139999999985369,150.2824906102475
9.140999999985366,150.2824581415173
9.141999999985364,150.28242275259885
9.142999999985362,150.28238388633338
9.14399999998536,150.28234390096645
9.144999999985357,150.28230455948022
9.145999999985355,150.28226612219157
9.146999999985352,150.2822310448503
9.14799999998535,150.2821997565247
9.148999999985348,150.28217270049436
9.149999999985345,150.28215009670822
9.150999999985343,150.28213233102048
9.15199999998534,150.2821173044611
9.152999999985338,150.28210573903172
9.153999999985336,150.2820954839808
9.154999999985334,150.28208483814447
9.155999999985331,150.28207364979448
9.156999999985329,150.28205940500857
9.157999999985327,150.28204154930384
9.158999999985324,150.28201952000526
9.159999999985322,150.28199289272388
9.16099999998532,150.28196127052405
9.161999999985317,150.2819268258783
9.162999999985315,150.28188895758683
9.163999999985313,150.2818500284859
9.16499999998531,150.28181179465426
9.165999999985308,150.28177447582678
9.166999999985306,150.28174053551334
9.167999999985303,150.2817103820979
9.168999999985301,150.28168444530655
9.169999999985299,150.28166294567907
9.170999999985296,150.2816462824784
9.171999999985294,150.2816323320392
9.172999999985292,150.28162185980702
9.17399999998529,150.28161270673877
9.174999999985287,150.2816031835929
9.175999999985285,150.28159317495707
9.176999999985282,150.2815801581764
9.17799999998528,150.2815635983958
9.178999999985278,150.28154294255205
9.179999999985275,150.2815177716526
9.180999999985273,150.28148767186127
9.18199999998527,150.28145483996988
9.182999999985269,150.28141863104054
9.183999999985266,150.28138141198366
9.184999999985264,150.28134493283477
9.185999999985262,150.28130937267602
9.18699999998526,150.28127720254074
9.187999999985257,150.2812488103771
9.188999999985255,150.28122461195778
9.189999999985252,150.28120482908386
9.19099999998525,150.28118987393356
9.191999999985248,150.28117759819483
9.192999999985245,150.28116881031525
9.193999999985243,150.28116134261148
9.19499999998524,150.28115351825997
9.195999999985238,150.2811452573459
9.196999999985236,150.2811340285959
9.197999999985234,150.28111931640518
9.198999999985231,150.28110057694218
9.199999999985229,150.28107739717476
9.200999999985227,150.2810493460696
9.201999999985224,150.28101864458742
9.202999999985222,150.28098460437752
9.20399999998522,150.28094959608075
9.204999999985217,150.28091536428448
9.205999999985215,150.28088204752044
9.206999999985213,150.28085212412924
9.20799999998521,150.28082596189824
9.208999999985208,150.28080396241668
9.209999999985206,150.28078634915306
9.210999999985203,150.28077354688585
9.211999999985201,150.2807633827227
9.212999999985199,150.28075670771022
9.213999999985196,150.28075134534654
9.214999999985194,150.2807456314564
9.215999999985192,150.2807395209822
9.21699999998519,150.28073047416984
9.217999999985187,150.2807179943153
9.218999999985185,150.2807015466199
9.219999999985182,150.28068072429903
9.22099999998518,150.28065507899842
9.221999999985178,150.2806268557257
9.222999999985175,150.28059532307154
9.223999999985173,150.28056285523448
9.22499999998517,150.28053119167805
9.225999999985168,150.2805004306624
9.226999999985166,150.2804730576384
9.227999999985164,150.28044942054427
9.228999999985161,150.2804299067215
9.229999999985159,150.2804147414384
9.230999999985157,150.28040436194067
9.231999999985154,150.28039657085458
9.232999999985152,150.28039226144455
9.23399999998515,150.28038924839467
9.234999999985147,150.28038588013465
9.235999999985145,150.28038214599698
9.236999999985143,150.28037549792563
9.23799999998514,150.28036545778423
9.238999999985138,150.28035149978322
9.239999999985136,150.28033322341108
9.240999999985133,150.2803101630427
9.241999999985131,150.2802845876303
9.242999999985129,150.280255723092
9.243999999985126,150.28022594717893
9.244999999985124,150.28019699428177
9.245999999985122,150.28016892284577
9.24699999998512,150.2801442252506
9.247999999985117,150.28012322992407
9.248999999985115,150.28010631007504
9.249999999985112,150.28009369263754
9.25099999998511,150.28008582735316
9.251999999985108,150.2800804925014
9.252999999985105,150.28007862320095
9.253999999985103,150.28007802549982
9.2549999999851,150.28007706013682
9.255999999985098,150.2800757505282
9.256999999985096,150.2800715405308
9.257999999985094,150.28006397026832
9.258999999985091,150.2800525230996
9.259999999985089,150.28003680455362
9.260999999985087,150.28001633195615
9.261999999985084,150.27999339811845
9.262999999985082,150.2799671867012
9.26399999998508,150.2799400791537
9.264999999985077,150.2799138045938
9.265999999985075,150.2798883822789
9.266999999985073,150.27986631134922
9.26799999998507,150.27984790108687
9.268999999985068,150.27983351083125
9.269999999985066,150.27982336881212
9.270999999985063,150.27981793745192
9.271999999985061,150.2798149708402
9.272999999985059,150.27981544560842
9.273999999985056,150.27981715950227
9.274999999985054,150.27981848504817
9.275999999985052,150.27981947958858
9.27699999998505,150.2798175791318
9.277999999985047,150.2798123417679
9.278999999985045,150.27980326029743
9.279999999985042,150.27978994584308
9.28099999998504,150.27977189903075
9.281999999985038,150.27975143647885
9.282999999985035,150.27972770001583
9.283999999985033,150.27970307507476
9.28499999998503,150.27967928509014
9.285999999985028,150.27965631088603
9.286999999985026,150.2796366582111
9.287999999985024,150.27962061758961
9.288999999985021,150.27960853487934
9.28999999998502,150.27960063903188
9.290999999985017,150.27959740548135
9.291999999985014,150.27959656429303
9.292999999985012,150.27959913328945
9.29399999998501,150.27960290237607
9.294999999985007,150.27960625515175
9.295999999985005,150.27960928284952
9.296999999985003,150.27960941390361
9.297999999985,150.27960622409535
9.298999999984998,150.2795992160709
9.299999999984996,150.2795880059141
9.300999999984993,150.2795720780328
9.301999999984991,150.27955377279224
9.302999999984989,150.27953219065648
9.303999999984987,150.27950972141267
9.304999999984984,150.2794880822258
9.305999999984982,150.27946721636516
9.30699999998498,150.27944963604133
9.307999999984977,150.27943561342474
9.308999999984975,150.27942548138438
9.309999999984973,150.27941946885778
9.31099999998497,150.2794180647049
9.311999999984968,150.27941897518107
9.312999999984966,150.27942325898107
9.313999999984963,150.27942869872865
9.31499999998496,150.2794336882429
9.315999999984959,150.27943835270563
9.316999999984956,150.27944011325735
9.317999999984954,150.2794385631148
9.318999999984952,150.27943321526058
9.31999999998495,150.2794236899796
9.320999999984947,150.27940945602342
9.321999999984945,150.27939287745846
9.322999999984942,150.27937301384864
9.32399999998494,150.2793522597969
9.324999999984938,150.27933232549026
9.325999999984935,150.27931311758883
9.326999999984933,150.27929715462432
9.32799999998493,150.27928469083423
9.328999999984928,150.2792760466542
9.329999999984926,150.27927145017114
9.330999999984924,150.27927140416318
9.331999999984921,150.27927359127358
9.332999999984919,150.2792791107744
9.333999999984917,150.27928573863124
9.334999999984914,150.27929187793745
9.335999999984912,150.27929768794343
9.33699999998491,150.27930058279722
9.337999999984907,150.27930017289754
9.338999999984905,150.27929598210642
9.339999999984903,150.27928763406962
9.3409999999849,150.27927458249025
9.341999999984898,150.2792592151064
9.342999999984896,150.27924055104174
9.343999999984893,150.27922099021453
9.344999999984891,150.27920223506035
9.345999999984889,150.27918415661318
9.346999999984886,150.2791692795992
9.347999999984884,150.27915784073264
9.348999999984882,150.27915014861108
9.34999999998488,150.2791464295771
9.350999999984877,150.27914720084976
9.351999999984875,150.2791501216831
9.352999999984872,150.27915633162849
9.35399999998487,150.2791636006371
9.354999999984868,150.27917034009658
9.355999999984865,150.27917674347987
9.356999999984863,150.27918021823672
9.35799999998486,150.2791803917061
9.358999999984858,150.27917679918943
9.359999999984856,150.27916906682051
9.360999999984854,150.27915663388822
9.361999999984851,150.27914191175805
9.362999999984849,150.27912387959586
9.363999999984847,150.27910494312815
9.364999999984844,150.2790867962396
9.365999999984842,150.27906927534076
9.36699999998484,150.2790549112124
9.367999999984837,150.27904392346377
9.368999999984835,150.27903660944187
9.369999999984833,150.27903319285272
9.37099999998483,150.27903420588544
9.371999999984828,150.2790372846182
9.372999999984826,150.2790436085847
9.373999999984823,150.27905094236866
9.374999999984821,150.279057704681
9.375999999984819,150.27906412335162
9.376999999984816,150.27906759944824
9.377999999984814,150.2790677769964
9.378999999984812,150.27906420328068
9.37999999998481,150.27905650607937
9.380999999984807,150.27904411088082
9.381999999984805,150.2790294526338
9.382999999984802,150.27901147100994
9.3839999999848,150.27899257801622
9.384999999984798,150.27897445822933
9.385999999984795,150.27895691439994
9.386999999984793,150.27894248322255
9.38799999998479,150.27893136761216
9.388999999984788,150.27892385422442
9.389999999984786,150.2789201632824
9.390999999984784,150.27892084243598
9.391999999984781,150.2789235048074
9.392999999984779,150.2789293696108
9.393999999984777,150.27893619666304
9.394999999984774,150.2789424110977
9.395999999984772,150.27894827521638
9.39699999998477,150.27895118398607
9.397999999984767,150.27895079787714
9.398999999984765,150.27894667665186
9.399999999984763,150.27893844896158
9.40099999998476,150.2789255270588
9.401999999984758,150.2789103694197
9.402999999984756,150.27889187667492
9.403999999984753,150.2788724675301
9.404999999984751,150.2788538165712
9.405999999984749,150.27883569379867
9.406999999984746,150.27882064167858
9.407999999984744,150.27880884681966
9.408999999984742,150.278800585685
9.40999999998474,150.27879607426826
9.410999999984737,150.27879587611122
9.411999999984735,150.27879758158642
9.412999999984732,150.27880244928124
9.41399999998473,150.27880823478355
9.414999999984728,150.27881336884715
9.415999999984725,150.27881814828635
9.416999999984723,150.27881996225472
9.41799999998472,150.27881848741166
9.418999999984718,150.27881329641656
9.419999999984716,150.27880401812615
9.420999999984714,150.27879005205529
9.421999999984711,150.2787738801375
9.42299999998471,150.27875436440843
9.423999999984707,150.2787339306058
9.424999999984705,150.27871424276148
9.425999999984702,150.27869503895303
9.4269999999847,150.2786788672605
9.427999999984698,150.2786658983658
9.428999999984695,150.27865639895498
9.429999999984693,150.2786505801675
9.43099999998469,150.27864902179093
9.431999999984688,150.27864929164147
9.432999999984686,150.27865268736548
9.433999999984684,150.27865696076975
9.434999999984681,150.27866054756453
9.435999999984679,150.2786637790434
9.436999999984677,150.2786640388024
9.437999999984674,150.2786610194282
9.438999999984672,150.27865430680362
9.43999999998467,150.27864352946784
9.440999999984667,150.27862807459593
9.441999999984665,150.27861044750478
9.442999999984663,150.27858947204317
9.44399999998466,150.27856758122903
9.444999999984658,150.2785464281257
9.445999999984656,150.27852571960466
9.446999999984653,150.27850800920126
9.447999999984651,150.27849345202898
9.448999999984649,150.27848230531072
9.449999999984646,150.27847477486407
9.450999999984644,150.27847145697203
9.451999999984642,150.27846989706808
9.45299999998464,150.27847143153983
9.453999999984637,150.2784738087529
9.454999999984635,150.27847546886824
9.455999999984632,150.2784767775242
9.45699999998463,150.27847511300445
9.457999999984628,150.2784701835502
9.458999999984625,150.278461588487
9.459999999984623,150.27844895567344
9.46099999998462,150.27843166023965
9.461999999984618,150.27841223078474
9.462999999984616,150.27838945337206
9.463999999984614,150.27836576843185
9.464999999984611,150.27834281780562
9.465999999984609,150.27832027777532
9.466999999984607,150.2783007071477
9.467999999984604,150.27828424580616
9.468999999984602,150.27827114172018
9.4699999999846,150.27826159508663
9.470999999984597,150.27825621882656
9.471999999984595,150.27825253615316
9.472999999984593,150.2782519218533
9.47399999998459,150.2782521210855
9.474999999984588,150.2782515781283
9.475999999984586,150.27825069272706
9.476999999984583,150.27824683807523
9.477999999984581,150.278239737777
9.478999999984579,150.27822900470656
9.479999999984576,150.27821426585288
9.480999999984574,150.27819488448154
9.481999999984572,150.27817341236397
9.48299999998457,150.2781485981538
9.483999999984567,150.27812288971714
9.484999999984565,150.27809791759407
9.485999999984562,150.27807332796456
9.48699999998456,150.27805168471954
9.487999999984558,150.27803311282528
9.488999999984555,150.27801785109386
9.489999999984553,150.27800609398153
9.49099999998455,150.2779984710753
9.491999999984548,150.2779924835089
9.492999999984546,150.27798954412938
9.493999999984544,150.27798739499966
9.494999999984541,150.2779844843554
9.495999999984539,150.2779812457025
9.496999999984537,150.27797504733962
9.497999999984534,150.27796562794032
9.498999999984532,150.27795261392106
9.49999999998453,150.2779356313791
9.500999999984527,150.27791403178304
9.501999999984525,150.27789038994615
9.502999999984523,150.2778634174634
9.50399999998452,150.27783556955126
9.504999999984518,150.27780846554072
9.505999999984516,150.27778172188422
9.506999999984513,150.27775790735743
9.507999999984511,150.2777371323045
9.508999999984509,150.27771962636638
9.509999999984506,150.27770557830453
9.510999999984504,150.27769563429592
9.511999999984502,150.27768727352063
9.5129999999845,150.27768194652214
9.513999999984497,150.27767739227735
9.514999999984495,150.27767206299205
9.515999999984492,150.27766642548326
9.51699999998449,150.27765784333613
9.517999999984488,150.2776460699764
9.518999999984485,150.27763074524808
9.519999999984483,150.27761149449927
9.52099999998448,150.27758765736317
9.521999999984478,150.27756183155262
9.522999999984476,150.277532691934
9.523999999984474,150.27750270088515
9.524999999984471,150.27747346677964
9.52599999998447,150.27744457660967
9.526999999984467,150.2774186038234
9.527999999984464,150.27739564441927
9.528999999984462,150.27737591875695
9.52999999998446,150.27735961010714
9.530999999984457,150.2773473810591
9.531999999984455,150.27733668894396
9.532999999984453,150.2773290216389
9.53399999998445,150.27732211494038
9.534999999984448,150.27731442517876
9.535999999984446,150.27730645194305
9.536999999984443,150.27729555426285
9.537999999984441,150.27728149999507
9.538999999984439,150.27726394220443
9.539999999984436,150.27724250577492
9.540999999984434,150.2772165183656
9.541999999984432,150.2771886004407
9.54299999998443,150.2771573904482
9.543999999984427,150.27712535765616
9.544999999984425,150.2770940998669
9.545999999984423,150.27706317477944
9.54699999998442,150.27703516029794
9.547999999984418,150.2770101383339
9.548999999984416,150.27698831976792
9.549999999984413,150.27696988271865
9.55099999998441,150.27695550592895
9.551999999984409,150.27694262496783
9.552999999984406,150.27693276467753
9.553999999984404,150.27692365749667
9.554999999984402,150.27691376416277
9.5559999999844,150.27690361642357
9.556999999984397,150.27689056889298
9.557999999984395,150.27687440353074
9.558999999984392,150.27685478633677
9.55999999998439,150.27683134213484
9.560999999984388,150.27680338639573
9.561999999984385,150.2767735621729
9.562999999984383,150.27674047178806
9.56399999998438,150.2767065910506
9.564999999984378,150.27667350769778
9.565999999984376,150.27664075023276
9.566999999984374,150.2766109007864
9.567999999984371,150.27658402743347
9.568999999984369,150.27656033130742
9.569999999984367,150.27653998582116
9.570999999984364,150.27652368553836
9.571999999984362,150.27650884435488
9.57299999998436,150.2764970236934
9.573999999984357,150.2764859523987
9.574999999984355,150.27647409600348
9.575999999984353,150.2764620177295
9.57699999998435,150.27644706790366
9.577999999984348,150.27642904225547
9.578999999984346,150.27640761937033
9.579999999984343,150.27638242450533
9.580999999984341,150.2763527606748
9.581999999984339,150.2763212933453
9.582999999984336,150.2762865890007
9.583999999984334,150.2762511295964
9.584999999984332,150.27621649338448
9.58599999998433,150.2761821797077
9.586999999984327,150.27615077469767
9.587999999984325,150.27612233282545
9.588999999984322,150.2760970451715
9.58999999998432,150.27607508096045
9.590999999984318,150.27605715020385
9.591999999984315,150.27604064519414
9.592999999984313,150.2760271635596
9.59399999998431,150.27601443026444
9.594999999984308,150.27600091608494
9.595999999984306,150.2759872149996
9.596999999984304,150.27597067318322
9.597999999984301,150.27595109978097
9.598999999984299,150.27592818558992
9.599999999984297,150.27590155685124
9.600999999984294,150.27587050380137
9.601999999984292,150.275837714158
9.60299999998429,150.27580171883605
9.603999999984287,150.2757650055089
9.604999999984285,150.2757291435793
9.605999999984283,150.27569360323713
9.60699999998428,150.27566097437057
9.607999999984278,150.27563129809107
9.608999999984276,150.27560475508773
9.609999999984273,150.2755815109543
9.610999999984271,150.27556229075836
9.611999999984269,150.27554446524832
9.612999999984266,150.2755296678809
9.613999999984264,150.2755156194379
9.614999999984262,150.27550079641833
9.61599999998426,150.27548582282563
9.616999999984257,150.27546804079884
9.617999999984255,150.27544727255432
9.618999999984252,150.2754232207072
9.61999999998425,150.27539551305705
9.620999999984248,150.2753634267372
9.621999999984245,150.27532967153996
9.622999999984243,150.27529274308188
9.62399999998424,150.27525513432226
9.624999999984238,150.27521840645846
9.625999999984236,150.2751820005209
9.626999999984234,150.27514850992677
9.627999999984231,150.27511796265537
9.628999999984229,150.27509052866318
9.629999999984227,150.27506637048228
9.630999999984224,150.27504622782996
9.631999999984222,150.27502744998958
9.63299999998422,150.27501170585919
9.633999999984217,150.27499671174135
9.634999999984215,150.27498095034025
9.635999999984213,150.27496507494982
9.63699999998421,150.27494642379264
9.637999999984208,150.27492483181837
9.638999999984206,150.27490001307436
9.639999999984203,150.27487159747878
9.640999999984201,150.27483884873712
9.641999999984199,150.27480449854582
9.642999999984196,150.27476700749773
9.643999999984194,150.27472887341114
9.644999999984192,150.2746916499076
9.64599999998419,150.2746547488677
9.646999999984187,150.27462076699763
9.647999999984185,150.27458971938634
9.648999999984182,150.27456176493487
9.64999999998418,150.27453706365372
9.650999999984178,150.27451636953143
9.651999999984175,150.2744970104493
9.652999999984173,150.2744806903796
9.65399999998417,150.27446512086578
9.654999999984168,150.27444879126384
9.655999999984166,150.27443238344836
9.656999999984164,150.2744132318558
9.657999999984161,150.2743911838251
9.65899999998416,150.27436596447666
9.659999999984157,150.27433720636995
9.660999999984154,150.27430415948504
9.661999999984152,150.27426957726004
9.66299999998415,150.27423188553453
9.663999999984147,150.27419358659628
9.664999999984145,150.27415622707383
9.665999999984143,150.27411918972567
9.66699999998414,150.27408507432548
9.667999999984138,150.27405388331314
9.668999999984136,150.2740257642442
9.669999999984134,150.2740008750964
9.670999999984131,150.27397998378797
9.671999999984129,150.2739603968636
9.672999999984127,150.27394385301122
9.673999999984124,150.27392805877687
9.674999999984122,150.27391151055718
9.67599999998412,150.27389491813875
9.676999999984117,150.27387561230682
9.677999999984115,150.27385345245105
9.678999999984113,150.27382817445564
9.67999999998411,150.2737994139817
9.680999999984108,150.27376640702104
9.681999999984106,150.27373192860037
9.682999999984103,150.27369437008417
9.6839999999841,150.2736562378838
9.684999999984099,150.2736190721399
9.685999999984096,150.27358222657782
9.686999999984094,150.27354830380784
9.687999999984092,150.27351729387604
9.68899999998409,150.2734893327526
9.689999999984087,150.27346457679522
9.690999999984085,150.27344380755332
9.691999999984082,150.27342431032642
9.69299999998408,150.27340785815062
9.693999999984078,150.27339215239925
9.694999999984075,150.27337569682194
9.695999999984073,150.2733592284939
9.69699999998407,150.27334007469858
9.697999999984068,150.27331810654874
9.698999999984066,150.2732930704308
9.699999999984064,150.27326460548133
9.700999999984061,150.27323193350512
9.701999999984059,150.27319785096242
9.702999999984057,150.2731607150348
9.703999999984054,150.27312303596506
9.704999999984052,150.27308634783054
9.70599999998405,150.27304997546213
9.706999999984047,150.27301652408826
9.707999999984045,150.27298597162175
9.708999999984043,150.27295844227058
9.70999999998404,150.272934091087
9.710999999984038,150.2729137130229
9.711999999984036,150.27289457222366
9.712999999984033,150.27287847573115
9.713999999984031,150.2728631196248
9.714999999984029,150.27284701521722
9.715999999984026,150.27283092632348
9.716999999984024,150.27281217688167
9.717999999984022,150.27279064940907
9.71899999998402,150.2727661006097
9.719999999984017,150.2727381733636
9.720999999984015,150.27270607515067
9.721999999984012,150.27267262372803
9.72299999998401,150.27263614238905
9.723999999984008,150.27259914498475
9.724999999984005,150.27256315984093
9.725999999984003,150.27252748310318
9.726999999984,150.2724947224107
9.727999999983998,150.272464843818
9.728999999983996,150.2724379596583
9.729999999983994,150.27241422389397
9.730999999983991,150.2723944447119
9.731999999983989,150.27237586520758
9.732999999983987,150.27236032609028
9.733999999983984,150.27234551809966
9.734999999983982,150.2723299602251
9.73599999998398,150.27231444253133
9.736999999983977,150.2722962857822
9.737999999983975,150.27227538359287
9.738999999983973,150.27225150286017
9.73999999998397,150.2722242903758
9.740999999983968,150.27219293922985
9.741999999983966,150.27216028834206
9.742999999983963,150.27212462742844
9.743999999983961,150.27208847379603
9.744999999983959,150.2720533502239
9.745999999983956,150.27201852444955
9.746999999983954,150.27198660632484
9.747999999983952,150.2719575503246
9.74899999998395,150.27193145686684
9.749999999983947,150.27190847892732
9.750999999983945,150.27188943783952
9.751999999983942,150.27187155576183
9.75299999998394,150.27185670674703
9.753999999983938,150.27184257622284
9.754999999983935,150.27182769085084
9.755999999983933,150.27181286653087
9.75699999998393,150.27179542104454
9.757999999983928,150.2717752587999
9.758999999983926,150.27175215684522
9.759999999983924,150.27172576593992
9.760999999983921,150.27169526478104
9.761999999983919,150.27166351333406
9.762999999983917,150.27162876806022
9.763999999983914,150.27159354962984
9.764999999983912,150.27155937537282
9.76599999998391,150.27152548497432
9.766999999983907,150.2714944902917
9.767999999983905,150.271466334527
9.768999999983903,150.27144110620833
9.7699999999839,150.27141895731833
9.770999999983898,150.27140072231117
9.771999999983896,150.2713836025398
9.772999999983893,150.27136950507676
9.773999999983891,150.27135611013972
9.774999999983889,150.27134195196507
9.775999999983886,150.27132787193952
9.776999999983884,150.27131118505517
9.777999999983882,150.2712918062309
9.77899999998388,150.27126952268145
9.779999999983877,150.27124398908975
9.780999999983875,150.2712143698346
9.781999999983872,150.27118354580824
9.78299999998387,150.27114974054788
9.783999999983868,150.27111547806425
9.784999999983865,150.27108227022788
9.785999999983863,150.2710493290846
9.78699999998386,150.27101926831594
9.787999999983859,150.27099202014784
9.788999999983856,150.27096766131336
9.789999999983854,150.27094634270128
9.790999999983852,150.27092891192672
9.79199999998385,150.27091254967903
9.792999999983847,150.2708991957446
9.793999999983845,150.2708865252891
9.794999999983842,150.27087307992363
9.79599999998384,150.27085972623718
9.796999999983838,150.2708437766461
9.797999999983835,150.2708251562974
9.798999999983833,150.27080366265585
9.79999999998383,150.27077895418856
9.800999999983828,150.27075018108525
9.801999999983826,150.2707202450574
9.802999999983824,150.27068733706096
9.803999999983821,150.27065398447775
9.804999999983819,150.27062169362068
9.805999999983817,150.27058964937228
9.806999999983814,150.27056046705368
9.807999999983812,150.27053406823066
9.80899999998381,150.2705105179809
9.809999999983807,150.27048996591054
9.810999999983805,150.27047327289498
9.811999999983803,150.27045759910402
9.8129999999838,150.2704449167356
9.813999999983798,150.27043289612726
9.814999999983796,150.27042008598744
9.815999999983793,150.2704073778728
9.816999999983791,150.27039208185116
9.817999999983789,150.27037413301974
9.818999999983786,150.2703533392279
9.819999999983784,150.2703293625103
9.820999999983782,150.27030133904623
9.82199999998378,150.2702721912686
9.822999999983777,150.27024007789703
9.823999999983775,150.27020752975832
9.824999999983772,150.27017604743446
9.82599999998377,150.27014478916627
9.826999999983768,150.27011637173297
9.827999999983765,150.27009070636385
9.828999999983763,150.27006784667304
9.82999999998376,150.2700479407239
9.830999999983758,150.2700318627898
9.831999999983756,150.27001675268457
9.832999999983754,150.27000461472102
9.833999999983751,150.26999311466452
9.834999999983749,150.2699808079843
9.835999999983747,150.26996861101426
9.836999999983744,150.26995383170026
9.837999999983742,150.26993641482656
9.83899999998374,150.26991617879608
9.839999999983737,150.26989278893538
9.840999999983735,150.26986536763175
9.841999999983733,150.26983685793974
9.84299999998373,150.26980538669432
9.843999999983728,150.2697734882799
9.844999999983726,150.26974265731712
9.845999999983723,150.2697120259575
9.846999999983721,150.2696842122695
9.847999999983719,150.26965911746743
9.848999999983716,150.26963678392036
9.849999999983714,150.26961735784184
9.850999999983712,150.26960172707933
9.85199999998371,150.2695870112461
9.852999999983707,150.2695752464829
9.853999999983705,150.26956409427535
9.854999999983702,150.2695521164649
9.8559999999837,150.26954025400624
9.856999999983698,150.26952581295694
9.857999999983695,150.26950874753004
9.858999999983693,150.2694888868748
9.85999999998369,150.26946589929364
9.860999999983688,150.26943889363227
9.861999999983686,150.26941083346793
9.862999999983684,150.26937981411265
9.863999999983681,150.26934837363186
9.864999999983679,150.26931800041478
9.865999999983677,150.2692878011034
9.866999999983674,150.2692603948779
9.867999999983672,150.26923567326332
9.86899999998367,150.26921366762568
9.869999999983667,150.26919452198993
9.870999999983665,150.2691791379608
9.871999999983663,150.26916461513136
9.87299999998366,150.2691530211704
9.873999999983658,150.2691420135931
9.874999999983656,150.2691301602132
9.875999999983653,150.26911842646012
9.876999999983651,150.2691041167392
9.877999999983649,150.26908719443824
9.878999999983646,150.26906749966008
9.879999999983644,150.26904470334748
9.880999999983642,150.26901790106052
9.88199999998364,150.26899007679793
9.882999999983637,150.26895929470504
9.883999999983635,150.2689280966695
9.884999999983632,150.26889796456643
9.88599999998363,150.26886798011245
9.886999999983628,150.26884076342765
9.887999999983625,150.26881619666702
9.888999999983623,150.2687943004353
9.88999999998362,150.26877521622367
9.890999999983618,150.26875985959464
9.891999999983616,150.2687453102826
9.892999999983614,150.26873366720537
9.893999999983611,150.26872258421687
9.89499999998361,150.2687106346887
9.895999999983607,150.26869880838572
9.896999999983604,150.2686844083018
9.897999999983602,150.26866740673913
9.8989999999836,150.26864765496123
9.899999999983597,150.268624826219
9.900999999983595,150.26859800303984
9.901999999983593,150.26857018975
9.90299999998359,150.26853941968156
9.903999999983588,150.26850823867105
9.904999999983586,150.26847812180378
9.905999999983583,150.2684481264411
9.906999999983581,150.26842087347566
9.907999999983579,150.2683962360127
9.908999999983577,150.26837422413405
9.909999999983574,150.26835497645956
9.910999999983572,150.2683394226932
9.91199999998357,150.26832462288144
9.912999999983567,150.26831270690366
9.913999999983565,150.2683013252484
9.914999999983563,150.26828905645553
9.91599999998356,150.26827691448526
9.916999999983558,150.26826220114253
9.917999999983556,150.26824489740008
9.918999999983553,150.26822486586818
9.91999999998355,150.2682017817897
9.920999999983549,150.26817471490835
9.921999999983546,150.268146689771
9.922999999983544,150.26811570924517
9.923999999983542,150.26808432322903
9.92499999998354,150.2680539997628
9.925999999983537,150.26802377241256
9.926999999983535,150.2679962626677
9.927999999983532,150.26797133489515
9.92899999998353,150.26794898886874
9.929999999983528,150.26792936003693
9.930999999983525,150.2679133924104
9.931999999983523,150.2678981265159
9.93299999998352,150.26788572290016
9.933999999983518,150.26787382896273
9.934999999983516,150.2678610280619
9.935999999983514,150.2678483581781
9.936999999983511,150.2678331201615
9.937999999983509,150.26781530339883
9.938999999983507,150.2677947820098
9.939999999983504,150.26777123295827
9.940999999983502,150.26774371342296
9.9419999999835,150.2677152680605
9.942999999983497,150.2676838696172
9.943999999983495,150.267652072138
9.944999999983493,150.26762133640523
9.94599999998349,150.26759067270987
9.946999999983488,150.26756270296926
9.947999999983486,150.26753728311317
9.948999999983483,150.26751440280015
9.949999999983481,150.26749419404536
9.950999999983479,150.26747761529793
9.951999999983476,150.26746168772854
9.952999999983474,150.26744860226435
9.953999999983472,150.26743600346012
9.95499999998347,150.26742247917886
9.955999999983467,150.26740909123586
9.956999999983465,150.2673931397384
9.957999999983462,150.2673746222345
9.95899999998346,150.2673534244894
9.959999999983458,150.2673292249572
9.960999999983455,150.2673010684302
9.961999999983453,150.2672720195702
9.96299999998345,150.2672400213344
9.963999999983448,150.26720763196298
9.964999999983446,150.2671763048234
9.965999999983444,150.26714502742198
9.966999999983441,150.26711642191276
9.967999999983439,150.26709033609515
9.968999999983437,150.26706674965376
9.969999999983434,150.26704579096807
9.970999999983432,150.2670284330352
9.97199999998343,150.26701167782127
9.972999999983427,150.2669977463355
9.973999999983425,150.26698428049784
9.974999999983423,150.26696987243142
9.97599999998342,150.2669556075469
9.976999999983418,150.26693878543722
9.977999999983416,150.2669194115415
9.978999999983413,150.2668973833567
9.979999999983411,150.2668723806663
9.980999999983409,150.26684343602722
9.981999999983406,150.26681363397432
9.982999999983404,150.2667808880145
9.983999999983402,150.26674776059113
9.9849999999834,150.26671569755072
9.985999999983397,150.266683664062
9.986999999983395,150.2666542823368
9.987999999983392,150.2666273923203
9.98899999998339,150.26660296384458
9.989999999983388,150.26658112151298
9.990999999983385,150.26656285291816
9.991999999983383,150.26654514098547
9.99299999998338,150.26653023649885
9.993999999983378,150.266515778907
9.994999999983376,150.26650036441097
9.995999999983374,150.2664851017526
9.996999999983371,150.26646729020058
9.997999999983369,150.2664469428394
9.998999999983367,150.2664239689428
9.999999999983364,150.26639804951958
