time,value
0.0,-0.0014992897028646296
0.0010000000000000002,3.812830428229265
0.0019999999999999987,10.60903830033162
0.0030000000000000014,11.735145600811347
0.0040000000000000036,8.091582568894152
0.0049999999999999975,-1.011234426722636
0.0059999999999999915,-13.778190432387591
0.006999999999999985,-29.537029451776124
0.00799999999999998,-45.94905125002675
0.008999999999999973,-60.11464910365874
0.009999999999999967,-69.7224737064552
0.010999999999999961,-72.13574760155403
0.011999999999999955,-66.09756021555114
0.012999999999999949,-50.690183397364926
0.013999999999999943,-26.699829240820613
0.014999999999999937,4.15269651836681
0.015999999999999945,39.03886161137003
0.016999999999999973,74.15101734466535
0.018000000000000002,105.52587134307538
0.01900000000000003,128.92189216170442
0.02000000000000006,140.91204251003208
0.021000000000000088,138.88152685646338
0.022000000000000117,121.69275799530051
0.023000000000000145,89.85976120443677
0.024000000000000174,45.51396070001524
0.025000000000000203,-7.500865446538698
0.02600000000000023,-64.20852126326655
0.02700000000000026,-118.734020507561
0.02800000000000029,-165.08015833907675
0.029000000000000317,-197.69163054501632
0.030000000000000346,-212.10206964275412
0.031000000000000374,-205.55769353745174
0.0320000000000004,-177.31928869367266
0.03300000000000043,-128.978627009252
0.03400000000000046,-64.32398021947078
0.03500000000000049,10.876415021094349
0.03600000000000052,89.40955590459586
0.037000000000000546,163.3180923114612
0.038000000000000575,224.67205932888194
0.039000000000000604,266.4586776270316
0.04000000000000063,283.32149579098734
0.04100000000000066,272.2451858818267
0.04200000000000069,232.96275282808207
0.04300000000000072,168.11972071562053
0.04400000000000075,83.14047363178742
0.045000000000000775,-14.229300652787984
0.046000000000000804,-114.6045039319564
0.04700000000000083,-207.8838555847449
0.04800000000000086,-284.2518189990949
0.04900000000000089,-335.2134401090369
0.05000000000000092,-354.52533027005165
0.05100000000000095,-338.92472770224254
0.052000000000000976,-288.5912959607508
0.053000000000001005,-207.2526642349363
0.05400000000000103,-101.94449801263876
0.05500000000000106,17.592595334320652
0.05600000000000109,139.80894105850265
0.05700000000000112,252.46083492526785
0.05800000000000115,343.83916456905115
0.059000000000001177,403.97862609228036
0.060000000000001205,425.73679872497377
0.061000000000001234,401.8018221369695
0.06200000000000126,333.6167556507257
0.06300000000000122,234.65955580380395
0.06400000000000111,112.66424896116943
0.065000000000001,-19.937243105004292
0.06600000000000089,-151.2279740083291
0.06700000000000078,-267.4942312397329
0.06800000000000067,-357.4708056441843
0.06900000000000056,-412.6235189182279
0.07000000000000045,-427.2198318923934
0.07100000000000034,-400.1602820378333
0.07200000000000023,-333.76169559378206
0.07300000000000012,-234.8378319196004
0.07400000000000001,-112.8642573433132
0.0749999999999999,20.158343801891064
0.07599999999999979,151.16834114433874
0.07699999999999968,267.45557822036255
0.07799999999999957,357.47897710180223
0.07899999999999946,412.5785109951904
0.07999999999999935,427.24010810603954
0.08099999999999924,400.1003143601113
0.08199999999999913,333.8021229918786
0.08299999999999902,234.80627062508867
0.08399999999999891,112.86051973187662
0.0849999999999988,-20.168963669316277
0.08599999999999869,-151.19774523173422
0.08699999999999858,-267.44471171934464
0.08799999999999847,-357.50743393138447
0.08899999999999836,-412.5690369580671
0.08999999999999825,-427.2576436528307
0.09099999999999814,-400.10829172340067
0.09199999999999803,-333.80884534151284
0.09299999999999792,-234.8239923919927
0.09399999999999781,-112.85917827858962
0.0949999999999977,20.153514471958673
0.09599999999999759,151.19698070361878
0.09699999999999748,267.43411287080437
0.09799999999999737,357.4992027869861
0.09899999999999726,412.5634064710894
0.09999999999999715,427.24650378469926
0.10099999999999704,400.1057159371192
0.10199999999999693,333.7992200246413
0.10299999999999682,234.81994453766544
0.1039999999999967,112.85185013117963
0.1049999999999966,-20.160478220133506
0.10599999999999649,-151.20201091899756
0.10699999999999638,-267.44175127649265
0.10799999999999627,-357.5030792316958
0.10899999999999616,-412.5701306174535
0.10999999999999605,-427.2511339380123
0.11099999999999594,-400.11129234305184
0.11199999999999583,-333.8048639283953
0.11299999999999571,-234.82442179360118
0.1139999999999956,-112.85749300201024
0.1149999999999955,20.156471445436285
0.11599999999999538,151.19691715279586
0.11699999999999527,267.4374518432824
0.11799999999999516,357.4986046251628
0.11899999999999505,412.56556808977234
0.11999999999999494,427.2472200313043
0.12099999999999483,400.1068961371587
0.12199999999999472,333.80118738907004
0.12299999999999461,234.82037291877094
0.1239999999999945,112.85376363427184
0.1249999999999944,-20.16015465614975
0.12599999999999428,-151.20063664546745
0.12699999999999417,-267.44081819767365
0.12799999999999406,-357.5021435689059
0.12899999999999395,-412.5687759499011
0.12999999999999384,-427.25052271161076
0.13099999999999373,-400.1100508768282
0.13199999999999362,-333.80425269125845
0.1329999999999935,-234.82343270195014
0.1339999999999934,-112.85662628017116
0.1349999999999933,20.157252746149965
0.13599999999999318,151.19790149143662
0.13699999999999307,267.43808847711114
0.13799999999999296,357.49949859438743
0.13899999999999285,412.5662139912988
0.13999999999999274,427.24798846354395
0.14099999999999263,400.10763392864266
0.14199999999999252,333.80184955072303
0.1429999999999924,234.8211253445304
0.1439999999999923,112.85435544245613
0.1449999999999922,-20.159464327231507
0.14599999999999208,-151.20004569903577
0.14699999999999197,-267.4401966410629
0.14799999999999186,-357.5015305882118
0.14899999999999175,-412.5682142049398
0.14999999999999164,-427.24992543542794
0.15099999999999153,-400.10952880243946
0.15199999999999142,-333.8036977196157
0.1529999999999913,-234.8229202304638
0.1539999999999912,-112.85611352547643
0.1549999999999911,20.157760246288195
0.15599999999999098,151.19837679873754
0.15699999999999087,267.4385743359595
0.15799999999999076,357.4999474605605
0.15899999999999065,412.5666698230875
0.15999999999999054,427.2484235130896
0.16099999999999043,400.1080609711851
0.16199999999999032,333.8022709371502
0.1629999999999902,234.82152648305984
0.1639999999999901,112.85475652161708
0.16499999999999,-20.159083185332328
0.16599999999998988,-151.19966705408007
0.16699999999998977,-267.4398302190074
0.16799999999998966,-357.50117320298796
0.16899999999998955,-412.5678628823841
0.16999999999998944,-427.24958741521283
0.17099999999998933,-400.109194838356
0.17199999999998922,-333.8033758842324
0.1729999999999891,-234.82260375838257
0.173999999999989,-112.85580556320829
0.1749999999999889,20.158060174151206
0.17599999999998878,151.19867078962605
0.17699999999998867,267.43885902306215
0.17799999999998856,357.50022699149406
0.17899999999998845,412.5669410402386
0.17999999999998834,427.2486889995956
0.18099999999998823,400.10831986697326
0.18199999999998812,333.8025231322026
0.182999999999988,234.8217732313488
0.1839999999999879,112.85499635143435
0.18499999999998779,-20.158848429048504
0.18599999999998768,-151.1994385349372
0.18699999999998757,-267.4396069480003
0.18799999999998745,-357.50095530571286
0.18899999999998734,-412.5676504925235
0.18999999999998723,-427.24937982972324
0.19099999999998712,-400.108992650384
0.19199999999998701,-333.80317826393133
0.1929999999999869,-234.82241108519014
0.1939999999999868,-112.85561743994145
0.19499999999998668,20.158243823939873
0.19599999999998657,151.19884990586036
0.19699999999998646,267.4390339955141
0.19799999999998635,357.5003976150918
0.19899999999998624,412.5671077043416
0.19999999999998613,427.2488516197481
0.20099999999998602,400.1084786246403
0.2019999999999859,333.80267813723475
0.2029999999999858,234.82192448259946
0.2039999999999857,112.85514407132091
0.20499999999998558,-20.158704283358464
0.20599999999998547,-151.19929776458346
0.20699999999998536,-267.43946953481804
0.20799999999998525,-357.5008211476101
0.20899999999998514,-412.56751949126925
0.20999999999998503,-427.2492519553086
0.21099999999998492,-400.1088677674898
0.2119999999999848,-333.80305635293547
0.2129999999999847,-234.82229203113644
0.2139999999999846,-112.85550119479326
0.21499999999998448,20.15835733082623
0.21599999999998437,151.19896075382755
0.21699999999998426,267.4391422265917
0.21799999999998415,357.5005033186144
0.21899999999998404,412.56721092009747
0.21999999999998393,427.2489524236111
0.22099999999998382,400.1085770683135
0.2219999999999837,333.8027742762323
0.2229999999999836,234.82201837973682
0.2239999999999835,112.85523577024448
0.22499999999998338,-20.15861471876882
0.22599999999998327,-151.1992102914794
0.22699999999998316,-267.4393840975256
0.22799999999998305,-357.5007376989394
0.22899999999998294,-412.5674379852972
0.22999999999998283,-427.24917234172204
0.23099999999998272,-400.1087900056888
0.2319999999999826,-333.8029803941931
0.2329999999999825,-234.82221783559237
0.2339999999999824,-112.85542871865114
0.23499999999998228,20.158428128286683
0.23599999999998217,151.19902991142885
0.23699999999998206,267.4392097851253
0.23799999999998195,357.50056931404777
0.23899999999998184,412.5672753912403
0.23999999999998173,427.2490154054019
0.24099999999998162,400.1086385964417
0.2419999999999815,333.80283438511884
0.2429999999999814,234.8220771021986
0.2439999999999813,112.85529313975965
0.24499999999998118,-20.15855867122155
0.24599999999998107,-151.19915553419148
0.24699999999998096,-267.43933060061937
0.24799999999998085,-357.5006854328124
0.24899999999998074,-412.5673869209923
0.24999999999998063,-427.2491224514648
0.2509999999999805,-400.1087412616792
0.2519999999999804,-333.8029327699396
0.2529999999999803,-234.82217130480421
0.2539999999999802,-112.85538325590537
0.2549999999999801,20.158472547829547
0.25599999999997997,151.19907331216126
0.25699999999997986,267.4392521905989
0.25799999999997975,357.50061074745906
0.25899999999997964,412.56731587510626
0.2599999999999795,427.2490549616942
0.2609999999999794,400.1086772466477
0.2619999999999793,333.8028721500882
0.2629999999999792,234.82211400244287
0.2639999999999791,112.8553291951061
0.264999999999979,-20.158523441265224
0.26599999999997886,-151.19912111073958
0.26699999999997875,-267.4392969651096
0.26799999999997864,-357.5006525671588
0.26899999999997853,-412.5673548075622
0.2699999999999784,-427.2490910730306
0.2709999999999783,-400.1087106014061
0.2719999999999782,-333.8029028113779
0.2729999999999781,-234.82214203187266
0.273999999999978,-112.85535465294599
0.2749999999999779,20.158500496165473
0.27599999999997776,151.19910062080137
0.27699999999997765,267.4392788741144
0.27799999999997754,357.50063682018856
0.27899999999997743,412.5673413509002
0.2799999999999773,427.24907985416297
0.2809999999999772,400.1087015689932
0.2819999999999771,333.8028959152968
0.282999999999977,234.82213722310402
0.2839999999999769,112.85535188353579
0.28499999999997677,-20.15850127306768
0.28599999999997666,-151.1990994509935
0.28699999999997655,-267.439275802346
0.28799999999997644,-357.50063189020597
0.28899999999997633,-412.5673346054652
0.2899999999999762,-427.2490713351057
0.2909999999999761,-400.1086913171537
0.291999999999976,-333.80288397058746
0.2929999999999759,-234.8221236245772
0.2939999999999758,-112.8553366693325
0.29499999999997567,20.15851806560129
0.29599999999997556,151.19911778542738
0.29699999999997545,267.43929564306416
0.29799999999997534,357.5006532023089
0.29899999999997523,412.5673573549172
0.2999999999999751,427.249095488534
0.300999999999975,400.1087168420382
0.3019999999999749,333.80291083502806
0.3029999999999748,234.82215179743687
0.3039999999999747,112.85536612015312
0.30499999999997457,-20.15848736661211
0.30599999999997446,-151.19908586741553
0.30699999999997435,-267.4392625344413
0.30799999999997424,-357.5006189309524
0.30899999999997413,-412.5673219480538
0.309999999999974,-427.2490589727406
0.3109999999999739,-400.1086792433392
0.3119999999999738,-333.8028721788734
0.3129999999999737,-234.8221121086623
0.3139999999999736,-112.85532542308765
0.31499999999997347,20.158529048221258
0.31599999999997336,151.19912851029298
0.31699999999997325,267.4393061158994
0.31799999999997314,357.50066342874754
0.318999999999973,412.5673673404102
0.3199999999999729,427.2491052384663
0.3209999999999728,400.10872636158837
0.3219999999999727,333.80292012932796
0.3229999999999726,234.82216087142888
0.3239999999999725,112.85537497868907
0.32499999999997237,-20.158478718796818
0.32599999999997226,-151.19907742568222
0.32699999999997215,-267.439254294274
0.32799999999997204,-357.5006108879462
0.3289999999999719,-412.56731409779775
0.3299999999999718,-427.2490513110966
0.3309999999999717,-400.10867176608656
0.3319999999999716,-333.802864881947
0.3329999999999715,-234.82210498807967
0.3339999999999714,-112.85531847494255
0.33499999999997127,20.158535827749755
0.33599999999997116,151.19913512495532
0.33699999999997104,267.43931256934763
0.33799999999997093,357.5006697245498
0.3389999999999708,412.5673734820542
0.3399999999999707,427.24911122934054
0.3409999999999706,400.10873220501753
0.3419999999999705,333.8029258285328
0.3429999999999704,234.82216642956303
0.3439999999999703,112.85538039884466
0.34499999999997016,-20.158473433642367
0.34599999999997005,-151.19907227256738
0.34699999999996994,-267.4392492703659
0.34799999999996983,-357.50060599040086
0.3489999999999697,-412.5673093239104
0.3499999999999696,-427.2490466580854
0.3509999999999695,-400.10866723136206
0.3519999999999694,-333.8028604629081
0.3529999999999693,-234.822100682158
0.3539999999999692,-112.85531427964159
0.35499999999996906,20.158539914893833
0.35599999999996895,151.19913910630075
0.35699999999996884,267.439316447272
0.35799999999996873,357.5006735013327
0.3589999999999686,412.567377159913
0.3599999999999685,427.2491148104721
0.3609999999999684,400.108735691524
0.3619999999999683,333.80292922249504
0.3629999999999682,234.82216973295627
0.36399999999996807,112.85538361364848
0.36499999999996796,-20.158470305526624
0.36599999999996785,-151.19906922924696
0.36699999999996774,-267.43924631005626
0.36799999999996763,-357.50060311128624
0.3689999999999675,-412.56730652422465
0.3699999999999674,-427.2490439361258
0.3709999999999673,-400.1086645854324
0.3719999999999672,-333.80285789129556
0.3729999999999671,-234.82209818327271
0.37399999999996697,-112.85531185184202
0.37499999999996686,20.15854227317628
0.37599999999996675,151.19914139662674
0.37699999999996664,267.43931867112536
0.37799999999996653,357.5006756602359
0.3789999999999664,412.5673792552597
0.3799999999999663,427.24911684369556
0.3809999999999662,400.1087376639748
0.3819999999999661,333.8029311354471
0.382999999999966,234.82217158774728
0.38399999999996587,112.85538541150879
0.38499999999996576,-20.158468563371642
0.38599999999996565,-151.19906754164083
0.38699999999996554,-267.43924467579154
0.38799999999996543,-357.50060152923487
0.3889999999999653,-412.56730499326267
0.3899999999999652,-427.2490424551578
0.3909999999999651,-400.108663153339
0.391999999999965,-333.8028565070279
0.3929999999999649,-234.8220968457371
0.39399999999996477,-112.85531056003146
0.39499999999996466,20.15854352031916
0.39599999999996455,151.19914260008852
0.39699999999996444,267.43931983191675
0.3979999999999643,357.50067677929496
0.3989999999999642,412.56738033352156
0.3999999999999641,427.2491178820504
0.400999999999964,400.1087386632966
0.4019999999999639,333.80293209663984
0.4029999999999638,234.82217251157272
0.40399999999996367,112.8553862987657
0.40499999999996356,-20.158467711874042
0.40599999999996345,-151.1990667251686
0.40699999999996334,-267.4392438936023
0.4079999999999632,-357.5006007805976
0.4089999999999631,-412.56730427747056
0.409999999999963,-427.249041771472
0.4109999999999629,-400.1086625011014
0.4119999999999628,-333.8028558854764
0.4129999999999627,-234.8220962542127
0.41399999999996256,-112.85530999784986
0.41499999999996245,20.158544053835925
0.41599999999996234,151.1991431055972
0.41699999999996223,267.4393203100721
0.4179999999999621,357.50067723069475
0.418999999999962,412.5673807588165
0.4199999999999619,427.2491182817679
0.4209999999999618,400.1087390380866
0.4219999999999617,333.8029324469541
0.4229999999999616,234.8221728379902
0.42399999999996146,112.85538660179681
0.42499999999996135,-20.158467431790186
0.42599999999996124,-151.19906646749385
0.42699999999996113,-267.4392436579085
0.427999999999961,-357.5006005664065
0.4289999999999609,-412.5673040843009
0.4299999999999608,-427.2490415989106
0.4309999999999607,-400.1086623486307
0.4319999999999606,-333.8028557527078
0.43299999999996047,-234.82209614065783
0.43399999999996036,-112.85530990305153
0.43499999999996025,20.158544130301117
0.43599999999996014,151.19914316418942
0.43699999999996003,267.43932035119514
0.4379999999999599,357.50067725477845
0.4389999999999598,412.5673807662483
0.4399999999999597,427.2491182729683
0.4409999999999596,400.108739013357
0.4419999999999595,333.8029324066821
0.44299999999995937,234.8221727824959
0.44399999999995926,112.85538653141234
0.44499999999995915,-20.158467516772554
0.44599999999995904,-151.1990665667744
0.44699999999995893,-267.43924377117366
0.4479999999999588,-357.500600693385
0.4489999999999587,-412.5673042246777
0.4499999999999586,-427.2490417524029
0.4509999999999585,-400.1086625149522
0.4519999999999584,-333.80285593155963
0.45299999999995827,-234.82209633172118
0.45399999999995816,-112.85531010605604
0.45499999999995805,20.158543915683182
0.45599999999995794,151.19914293824957
0.45699999999995783,267.4393201142028
0.4579999999999577,357.5006770070149
0.4589999999999576,412.56738050798754
0.4599999999999575,427.2491180044475
0.4609999999999574,400.10873873480904
0.4619999999999573,333.80293211835794
0.46299999999995717,234.82217248457846
0.46399999999995706,112.85538622409508
0.46499999999995695,-20.158467833277825
0.46599999999995684,-151.1990668922982
0.4669999999999567,-267.4392441055318
0.4679999999999566,-357.50060103639925
0.4689999999999565,-412.56730457616794
0.4699999999999564,-427.2490421121723
0.4709999999999563,-400.1086628828053
0.4719999999999562,-333.8028563072966
0.47299999999995607,-234.82209671517265
0.47399999999995596,-112.85531049695507
0.47499999999995585,20.158543517474552
0.47599999999995574,151.1991425329535
0.4769999999999556,267.43931970201595
0.4779999999999555,357.5006765881398
0.4789999999999554,412.5673800825771
0.4799999999999553,427.24911757268103
0.4809999999999552,400.10873829683106
0.4819999999999551,333.80293167431876
0.48299999999995497,234.8221720345885
0.48399999999995486,112.85538576829045
0.48499999999995475,-20.158468294765807
0.48599999999995463,-151.1990673593947
0.4869999999999545,-267.43924457811266
0.4879999999999544,-357.5006015143585
0.4889999999999543,-412.5673050593845
0.4899999999999542,-427.24904260054086
0.4909999999999541,-400.1086633761943
0.491999999999954,-333.8028568055774
0.49299999999995386,-234.8220972181943
0.49399999999995375,-112.8553110046082
0.49499999999995364,20.158543005361327
0.49599999999995353,151.19914201651696
0.4969999999999534,267.43931918138793
0.4979999999999533,357.50067606342805
0.4989999999999532,412.5673795539395
0.4999999999999531,427.24911704020053
0.500999999999953,400.1087377606107
0.5019999999999529,333.8029311344388
0.5029999999999528,234.82217149115382
0.5039999999999527,112.85538522135565
0.5049999999999526,-20.158468845169605
0.5059999999999525,-151.19906791316222
0.5069999999999524,-267.4392451351886
0.5079999999999523,-357.50060207470943
0.5089999999999522,-412.5673056228979
0.509999999999952,-427.2490431671911
0.5109999999999519,-400.10866394583456
0.5119999999999518,-333.8028573781916
0.5129999999999517,-234.82209779364615
0.5139999999999516,-112.85531158278019
0.5149999999999515,20.158542424496353
0.5159999999999514,151.1991414331449
0.5169999999999513,267.4393185955603
0.5179999999999512,357.50067547524554
0.5189999999999511,412.56737896347676
0.519999999999951,427.24911644753416
0.5209999999999508,400.1087371658115
0.5219999999999507,333.8029305375597
0.5229999999999506,234.82217089224207
0.5239999999999505,112.85538462041352
0.5249999999999504,-20.158469448052088
0.5259999999999503,-151.19906851800738
0.5269999999999502,-267.43924574194284
0.5279999999999501,-357.50060268331055
0.52899999999995,-412.56730623338973
0.5299999999999498,-427.2490437794425
0.5309999999999497,-400.10866455985916
0.5319999999999496,-333.80285799387013
0.5329999999999495,-234.82209841094945
0.5339999999999494,-112.85531220163377
0.5349999999999493,20.158541804207275
0.5359999999999492,151.19914081142883
0.5369999999999491,267.43931797253805
0.537999999999949,357.5006748509954
0.5389999999999489,412.56737833802583
0.5399999999999487,427.24911582093256
0.5409999999999486,400.10873653813366
0.5419999999999485,333.8029299088005
0.5429999999999484,234.82217026243228
0.5439999999999483,112.85538398958361
0.5449999999999482,-20.158470079919137
0.5459999999999481,-151.19906915086244
0.546999999999948,-267.4392463758176
0.5479999999999479,-357.5006033181692
0.5489999999999478,-412.5673068692309
0.5499999999999476,-427.24904441620714
0.5509999999999475,-400.1086651975558
0.5519999999999474,-333.8028586324207
0.5529999999999473,-234.8220990503191
0.5539999999999472,-112.85531284178592
0.5549999999999471,20.158541163398247
0.555999999999947,151.1991401699512
0.5569999999999469,267.43931733049016
0.5579999999999468,357.50067420837877
0.5589999999999467,412.56737769494225
0.5599999999999465,427.2491151773897
0.5609999999999464,400.1087358941457
0.5619999999999463,333.8029292644317
0.5629999999999462,234.82216961762757
0.5639999999999461,112.85538334439453
0.564999999999946,-20.15847072552547
0.5659999999999459,-151.1990697968881
0.5669999999999458,-267.4392470222543
0.5679999999999457,-357.5006039650533
0.5689999999999455,-412.56730751645784
0.5699999999999454,-427.2490450638806
0.5709999999999453,-400.10866584556106
0.5719999999999452,-333.8028592807912
0.5729999999999451,-234.8220996989765
0.573999999999945,-112.85531349070949
0.5749999999999449,20.158540514237238
0.5759999999999448,151.19913952067336
0.5769999999999447,267.4393166810624
0.5779999999999446,357.5006735588984
0.5789999999999444,412.5673770453976
0.5799999999999443,427.24911452785017
0.5809999999999442,400.10873524462346
0.5819999999999441,333.80292861485844
0.582999999999944,234.82216896810652
0.5839999999999439,112.85538269484748
0.5849999999999438,-20.158471375074434
0.5859999999999437,-151.19907044646394
0.5869999999999436,-267.43924767187355
0.5879999999999435,-357.5006046147103
0.5889999999999433,-412.56730816618307
0.5899999999999432,-427.2490457136336
0.5909999999999431,-400.1086664953668
0.591999999999943,-333.80285993058686
0.5929999999999429,-234.8221003487626
0.5939999999999428,-112.85531414039536
0.5949999999999427,20.158539864629017
0.5959999999999426,151.19913887122112
0.5969999999999425,267.43931603180647
0.5979999999999424,357.5006729098205
0.5989999999999422,412.5673763966146
0.5999999999999421,427.24911387929063
0.600999999999942,400.1087345963486
0.6019999999999419,333.80292796687394
0.6029999999999418,234.82216832038262
0.6039999999999417,112.85538204739899
0.6049999999999416,-20.158472022317326
0.6059999999999415,-151.19907109346877
0.6069999999999414,-267.43924831871067
0.6079999999999413,-357.5006052613363
0.6089999999999411,-412.567308812638
0.609999999999941,-427.24904635991
0.6109999999999409,-400.108667141441
0.6119999999999408,-333.802860576461
0.6129999999999407,-234.82210099438623
0.6139999999999406,-112.85531478577433
0.6149999999999405,20.15853921957467
0.6159999999999404,151.19913822648664
0.6169999999999403,267.43931538744005
0.6179999999999402,357.5006722659116
0.61899999999994,412.56737575308665
0.6199999999999399,427.2491132362312
0.6209999999999398,400.10873395373153
0.6219999999999397,333.8029273246937
0.6229999999999396,234.82216767864858
0.6239999999999395,112.85538140605503
0.6249999999999394,-20.158472663239337
0.6259999999999393,-151.19907173404846
0.6269999999999392,-267.43924895889836
0.627999999999939,-357.50060590121325
0.6289999999999389,-412.5673094522108
0.6299999999999388,-427.2490469991343
0.6309999999999387,-400.108667780358
0.6319999999999386,-333.8028612150177
0.6329999999999385,-234.8221016325859
0.6339999999999384,-112.85531542357967
0.6349999999999383,20.158538582229934
0.6359999999999382,151.19913758954806
0.6369999999999381,267.439314751041
0.637999999999938,357.500671630012
0.6389999999999378,412.567375117738
0.6399999999999377,427.249112601442
0.6409999999999376,400.1087333194705
0.6419999999999375,333.8029266910235
0.6429999999999374,234.8221670454711
0.6439999999999373,112.85538077342977
0.6449999999999372,-20.15847329539399
0.6459999999999371,-151.19907236572925
0.646999999999937,-267.4392495901396
0.6479999999999368,-357.5006065320109
0.6489999999999367,-412.5673100826111
0.6499999999999366,-427.24904762913906
0.6509999999999365,-400.1086684099278
0.6519999999999364,-333.80286184418935
0.6529999999999363,-234.82210226129087
0.6539999999999362,-112.85531605181922
0.6549999999999361,20.15853795447188
0.655999999999936,151.19913696238697
0.6569999999999359,267.43931412438815
0.6579999999999357,357.5006710039809
0.6589999999999356,412.56737449228405
0.6599999999999355,427.2491119766186
0.6609999999999354,400.1087326953058
0.6619999999999353,333.8029260674349
0.6629999999999352,234.82216642251288
0.6639999999999351,112.85538015100074
0.664999999999935,-20.158473917228076
0.6659999999999349,-151.1990729870571
0.6669999999999348,-267.4392502109713
0.6679999999999346,-357.50060715237925
0.6689999999999345,-412.56731070249145
0.6699999999999344,-427.24904824855975
0.6709999999999343,-400.1086690289244
0.6719999999999342,-333.802862462663
0.6729999999999341,-234.82210287929533
0.673999999999934,-112.8553166693007
0.6749999999999339,20.158537337552033
0.6759999999999338,151.19913634599672
0.6769999999999337,267.4393135086785
0.6779999999999335,357.50067038883634
0.6789999999999334,412.5673738778699
0.6799999999999333,427.2491113628137
0.6809999999999332,400.10873208212973
0.6819999999999331,333.8029254549584
0.682999999999933,234.82216581062517
0.6839999999999329,112.85537953977868
0.6849999999999328,-20.15847452791161
0.6859999999999327,-151.19907359717428
0.6869999999999326,-267.43925082054864
0.6879999999999324,-357.5006077614643
0.6889999999999323,-412.5673113110669
0.6899999999999322,-427.2490488566693
0.6909999999999321,-400.1086696365075
0.691999999999932,-333.8028630697894
0.6929999999999319,-234.82210348589584
0.6939999999999318,-112.85531727532145
0.6949999999999317,20.158536732051424
0.6959999999999316,151.19913574116276
0.6969999999999315,267.4393129044161
0.6979999999999313,357.5006697852824
0.6989999999999312,412.5673732749188
0.6999999999999311,427.249110760582
0.700999999999931,400.1087314806019
0.7019999999999309,333.8029248540369
0.7029999999999308,234.82216521040655
0.7039999999999307,112.8553789401546
0.7049999999999306,-20.15847512692276
0.7059999999999305,-151.19907419561162
0.7069999999999304,-267.4392514184564
0.7079999999999302,-357.50060835883255
0.7089999999999301,-412.5673119079287
0.70999999999993,-427.24904945303234
0.7109999999999299,-400.1086702323686
0.7119999999999298,-333.80286366512706
0.7129999999999297,-234.82210408071816
0.7139999999999296,-112.8553178695991
0.7149999999999295,20.158536138390136
0.7159999999999294,151.19913514808508
0.7169999999999292,267.43931231198053
0.7179999999999291,357.50066919348995
0.718999999999929,412.56737268384614
0.7199999999999289,427.2491101701766
0.7209999999999288,400.10873089088614
0.7219999999999287,333.80292426500387
0.7229999999999286,234.82216462202675
0.7239999999999285,112.85537835241006
0.7249999999999284,-20.158475714070143
0.7259999999999283,-151.19907478216507
0.7269999999999281,-267.43925200446665
0.727999999999928,-357.5006089443061
0.7289999999999279,-412.5673124929115
0.7299999999999278,-427.24905003750735
0.7309999999999277,-400.1086708163375
0.7319999999999276,-333.80286424859264
0.7329999999999275,-234.82210466362554
0.7339999999999274,-112.85531845197004
0.7349999999999273,20.158535556630575
0.7359999999999272,151.19913456691643
0.736999999999927,267.4393117314568
0.7379999999999269,357.50066861366673
0.7389999999999268,412.5673721046578
0.7399999999999267,427.2491095917141
0.7409999999999266,400.1087303130654
0.7419999999999265,333.8029236878855
0.7429999999999264,234.8221640455657
0.7439999999999263,112.85537777656329
0.7449999999999262,-20.15847628929747
0.7459999999999261,-151.19907535683566
0.746999999999926,-267.4392525785715
0.7479999999999258,-357.50060951790255
0.7489999999999257,-412.5673130660014
0.7499999999999256,-427.24905061006876
0.7509999999999255,-400.1086713884095
0.7519999999999254,-333.80286482014895
0.7529999999999253,-234.82210523465895
0.7539999999999252,-112.85531902243166
0.7549999999999251,20.158534986716557
0.755999999999925,151.19913399764775
0.7569999999999248,267.4393111628361
0.7579999999999247,357.5006680456786
0.7589999999999246,412.56737153736253
0.7599999999999245,427.2491090250717
0.7609999999999244,400.10872974713556
0.7619999999999243,333.8029231226081
0.7629999999999242,234.82216348095696
0.7639999999999241,112.85537721257975
0.764999999999924,-20.158476852679712
0.7659999999999239,-151.19907591966535
0.7669999999999237,-267.43925314083964
0.7679999999999236,-357.5006100796265
0.7689999999999235,-412.56731362726305
0.7699999999999234,-427.2490511708263
0.7709999999999233,-400.1086719486801
0.7719999999999232,-333.80286537988684
0.7729999999999231,-234.8221057938714
0.773999999999923,-112.85531958113035
0.7749999999999229,20.15853442862696
0.7759999999999228,151.19913344013273
0.7769999999999226,267.43931060596935
0.7779999999999225,357.50066748945983
0.7789999999999224,412.5673709818072
0.7799999999999223,427.24910847019595
0.7809999999999222,400.10872919293837
0.7819999999999221,333.80292256910116
0.782999999999922,234.82216292804833
0.7839999999999219,112.85537666030609
0.7849999999999218,-20.158477404352148
0.7859999999999217,-151.199076470772
0.7869999999999215,-267.4392536914247
0.7879999999999214,-357.5006106297189
0.7889999999999213,-412.56731417681897
0.7899999999999212,-427.2490517199195
0.7909999999999211,-400.10867249727846
0.791999999999921,-333.8028659280032
0.7929999999999209,-234.8221063414658
0.7939999999999208,-112.85532012816455
0.7949999999999207,20.158533882148284
0.7959999999999205,151.19913289426162
0.7969999999999204,267.4393100606844
0.7979999999999203,357.5006669448437
0.7989999999999202,412.56737043784267
0.7999999999999201,427.2491079269312
0.80099999999992,400.1087286502986
0.8019999999999199,333.80292202710723
0.8029999999999198,234.82216238671728
0.8039999999999197,112.85537611957693
0.8049999999999196,-20.158477944504348
0.8059999999999194,-151.19907701036152
0.8069999999999193,-267.43925423050115
0.8079999999999192,-357.5006111682878
0.8089999999999191,-412.5673147148932
0.809999999999919,-427.2490522575302
0.8109999999999189,-400.1086730343877
0.8119999999999188,-333.80286646464083
0.8129999999999187,-234.8221068776012
0.8139999999999186,-112.85532066375414
0.8149999999999185,20.158533347095478
0.8159999999999183,151.1991323598027
0.8169999999999182,267.4393095268429
0.8179999999999181,357.5006664116268
0.818999999999918,412.5673699052817
0.8199999999999179,427.2491073950093
0.8209999999999178,400.10872811904693
0.8219999999999177,333.8029214964776
0.8229999999999176,234.8221618567227
0.8239999999999175,112.85537559019164
0.8249999999999174,-20.158478473333012
0.8259999999999172,-151.19907753863436
0.8269999999999171,-267.43925475824994
0.827999999999917,-357.5006116955663
0.8289999999999169,-412.56731524169635
0.8299999999999168,-427.24905278384654
0.8309999999999167,-400.1086735602701
0.8319999999999166,-333.80286698999106
0.8329999999999165,-234.822107402498
0.8339999999999164,-112.85532118812654
0.8349999999999163,20.15853282325632
0.8359999999999161,151.19913183654708
0.836999999999916,267.43930900420423
0.8379999999999159,357.500665889585
0.8389999999999158,412.5673693838911
0.8399999999999157,427.2491068742564
0.8409999999999156,400.108727598939
0.8419999999999155,333.80292097701647
0.8429999999999154,234.82216133786733
0.8439999999999153,112.85537507192167
0.8449999999999152,-20.158478991040457
0.845999999999915,-151.19907805581002
0.8469999999999149,-267.4392552749322
0.8479999999999148,-357.50061221175207
0.8489999999999147,-412.5673157574202
0.8499999999999146,-427.24905329914014
0.8509999999999145,-400.10867407507186
0.8519999999999144,-333.8028675043755
0.8529999999999143,-234.8221079163547
0.8539999999999142,-112.85532170148716
0.854999999999914,20.158532310436687
0.8559999999999139,151.19913132428002
0.8569999999999138,267.439308492519
0.8579999999999137,357.50066537852643
0.8589999999999136,412.5673688734457
0.8599999999999135,427.2491063644517
0.8609999999999134,400.10872708977627
0.8619999999999133,333.8029204684616
0.8629999999999132,234.82216082991127
0.8639999999999131,112.85537456453969
0.864999999999913,-20.15847949785009
0.8659999999999128,-151.19907856212896
0.8669999999999127,-267.4392557807465
0.8679999999999126,-357.5006127171079
0.8689999999999125,-412.56731626230095
0.8699999999999124,-427.24905380357217
0.8709999999999123,-400.1086745790725
0.8719999999999122,-333.8028680079309
0.8729999999999121,-234.82210841943103
0.873999999999912,-112.85532220406608
0.8749999999999118,20.15853180837948
0.8759999999999117,151.19913082277023
0.8769999999999116,267.4393079915791
0.8779999999999115,357.5006648781988
0.8789999999999114,412.56736837373523
0.8799999999999113,427.2491058653502
0.8809999999999112,400.10872659130683
0.8819999999999111,333.8029199705922
0.882999999999911,234.8221603326359
0.8839999999999109,112.85537406784881
0.8849999999999107,-20.15847999402041
0.8859999999999106,-151.19907905778456
0.8869999999999105,-267.43925627594456
0.8879999999999104,-357.50061321180294
0.8889999999999103,-412.5673167566181
0.8899999999999102,-427.2490542974254
0.8909999999999101,-400.108675072505
0.89199999999991,-333.80286850088714
0.8929999999999099,-234.8221089119609
0.8939999999999098,-112.8553226961046
0.8949999999999096,20.158531316865655
0.8959999999999095,151.19913033178
0.8969999999999094,267.43930750119046
0.8979999999999093,357.5006643883517
0.8989999999999092,412.56736788452054
0.8999999999999091,427.2491053767423
0.900999999999909,400.10872610330335
0.9019999999999089,333.8029194832062
0.9029999999999088,234.82215984581043
0.9039999999999087,112.85537358157339
0.9049999999999085,-20.158480479769874
0.9059999999999084,-151.19907954303278
0.9069999999999083,-267.4392567607084
0.9079999999999082,-357.5006136961546
0.9089999999999081,-412.5673172405024
0.909999999999908,-427.24905478089664
0.9109999999999079,-400.10867555556837
0.9119999999999078,-333.8028689835254
0.9129999999999077,-234.8221093941254
0.9139999999999076,-112.85532317782283
0.9149999999999074,20.158530835669023
0.9159999999999073,151.19912985110133
0.9169999999999072,267.43930702105365
0.9179999999999071,357.50066390882427
0.918999999999907,412.5673674055497
0.9199999999999069,427.24910489840966
0.9209999999999068,400.1087256255231
0.9219999999999067,333.8029190060381
0.9229999999999066,234.82215936920937
0.9239999999999065,112.85537310550619
0.9249999999999063,-20.158480955310758
0.9259999999999062,-151.1990800180871
0.9269999999999061,-267.4392572353093
0.927999999999906,-357.50061417032555
0.9289999999999059,-412.56731771425166
0.9299999999999058,-427.24905525425226
0.9309999999999057,-400.1086760285028
0.9319999999999056,-333.8028694560271
0.9329999999999055,-234.8221098661982
0.9339999999999054,-112.85532364942217
0.9349999999999052,20.158530364524793
0.9359999999999051,151.19912938050587
0.936999999999905,267.43930655098694
0.9379999999999049,357.5006634393272
0.9389999999999048,412.5673669366636
0.9399999999999047,427.2491044300509
0.9409999999999046,400.1087251578074
0.9419999999999045,333.8029185388523
0.9429999999999044,234.82215890261608
0.9439999999999042,112.85537263941741
0.9449999999999041,-20.15848142088271
0.945999999999904,-151.1990804831804
0.9469999999999039,-267.4392576999681
0.9479999999999038,-357.50061463454233
0.9489999999999037,-412.56731817807287
0.9499999999999036,-427.24905571767806
0.9509999999999035,-400.1086764915089
0.9519999999999034,-333.8028699186597
0.9529999999999033,-234.8221103283705
0.9539999999999031,-112.85532411117525
0.954999999999903,20.158529903283437
0.9559999999999029,151.19912891973505
0.9569999999999028,267.4393060907842
0.9579999999999027,357.5006629796559
0.9589999999999026,412.5673664775582
0.9599999999999025,427.249103971557
0.9609999999999024,400.1087246998481
0.9619999999999023,333.80291808149593
0.9629999999999022,234.82215844576632
0.963999999999902,112.85537218311485
0.9649999999999019,-20.158481876693635
0.9659999999999018,-151.1990809385492
0.9669999999999017,-267.4392581548684
0.9679999999999016,-357.5006150890686
0.9689999999999015,-412.5673186321772
0.9699999999999014,-427.24905617140223
0.9709999999999013,-400.10867694482556
0.9719999999999012,-333.80287037157507
0.972999999999901,-234.82211078091788
0.973999999999901,-112.85532456323939
0.9749999999999008,20.158529451667647
0.9759999999999007,151.19912846863886
0.9769999999999006,267.43930564017154
0.9779999999999005,357.50066252962546
0.9789999999999004,412.56736602803676
0.9799999999999003,427.2491035226357
0.9809999999999002,400.1087242514971
0.9819999999999001,333.80291763369206
0.9829999999999,234.8221579984988
0.9839999999998998,112.85537173635765
0.9849999999998997,-20.15848232297557
0.9859999999998996,-151.19908138437276
0.9869999999998995,-267.43925860026513
0.9879999999998994,-357.5006155340736
0.9889999999998993,-412.5673190767925
0.9899999999998992,-427.24905661561866
0.9909999999998991,-400.10867738871303
0.991999999999899,-333.8028708150545
0.9929999999998989,-234.82211122395745
0.9939999999998987,-112.8553250058943
0.9949999999998986,20.15852900948208
0.9959999999998985,151.1991280269343
0.9969999999998984,267.4393051990122
0.9979999999998983,357.5006620889572
0.9989999999998982,412.5673655879511
0.9999999999998981,427.2253853187715
1.0009999999999002,400.1150827512826
1.0019999999999023,333.81570037960756
1.0029999999999044,234.82911070067226
1.0039999999999065,112.8541272287384
1.0049999999999086,-20.161661142290342
1.0059999999999107,-151.2044624311357
1.0069999999999129,-267.44573808102865
1.007999999999915,-357.51141512039595
1.008999999999917,-412.5751781004241
1.0099999999999192,-427.25777847959506
1.0109999999999213,-400.11395491981887
1.0119999999999234,-333.8069175263967
1.0129999999999255,-234.8234554469159
1.0139999999999276,-112.85404605009637
1.0149999999999297,20.161401430763565
1.0159999999999318,151.20425397190405
1.016999999999934,267.4451062858798
1.017999999999936,357.50796931499116
1.0189999999999382,412.5746620772264
1.0199999999999403,427.2567554707098
1.0209999999999424,400.11537345677294
1.0219999999999445,333.8080210975785
1.0229999999999466,234.82484697878263
1.0239999999999487,112.85499603538379
1.0249999999999508,-20.161851504988782
1.025999999999953,-151.2053807750342
1.026999999999955,-267.4474354161383
1.0279999999999572,-357.50980954428246
1.0289999999999593,-412.5761186625833
1.0299999999999614,-427.2565253080629
1.0309999999999635,-400.1139393037865
1.0319999999999656,-333.80556691003545
1.0329999999999677,-234.82225778296305
1.0339999999999698,-112.85315313798
1.034999999999972,20.16255060826342
1.035999999999974,151.20461544904694
1.0369999999999762,267.44579296367215
1.0379999999999783,357.50779488238857
1.0389999999999804,412.57466390928346
1.0399999999999825,427.2560311551361
1.0409999999999846,400.1145940047261
1.0419999999999867,333.80698427315264
1.0429999999999888,234.82375528836187
1.043999999999991,112.85404752177121
1.044999999999993,-20.162768667932664
1.0459999999999952,-151.2059290558141
1.0469999999999973,-267.4478159797642
1.0479999999999994,-357.50975763226063
1.0490000000000015,-412.5758360145513
1.0500000000000036,-427.2558990643216
1.0510000000000057,-400.1131277309581
1.0520000000000078,-333.8046230427308
1.05300000000001,-234.82125322894942
1.054000000000012,-112.85222025146338
1.0550000000000141,20.163374320624627
1.0560000000000163,151.20519559474968
1.0570000000000184,267.4461196337036
1.0580000000000205,357.5077895487635
1.0590000000000226,412.57435399016157
1.0600000000000247,427.25542540941666
1.0610000000000268,400.113761454691
1.062000000000029,333.8060118538106
1.063000000000031,234.82273647801378
1.0640000000000331,112.85310129194457
1.0650000000000353,-20.163553749105457
1.0660000000000374,-151.20646226570145
1.0670000000000395,-267.4480538077715
1.0680000000000416,-357.5096723752961
1.0690000000000437,-412.5754447309499
1.0700000000000458,-427.25524223911367
1.071000000000048,-400.1122717601932
1.07200000000005,-333.803654967745
1.0730000000000521,-234.82026589142114
1.0740000000000542,-112.85131307843756
1.0750000000000564,20.16411323430251
1.0760000000000585,151.20568939742776
1.0770000000000606,267.4463172884952
1.0780000000000627,357.5076659623611
1.0790000000000648,412.5739187802774
1.080000000000067,427.25472109029647
1.081000000000069,400.11286005962614
1.0820000000000711,333.8050091569069
1.0830000000000732,234.8217384798963
1.0840000000000753,112.8522145112894
1.0850000000000775,-20.16423820142454
1.0860000000000796,-151.20687650212454
1.0870000000000817,-267.44816113430807
1.0880000000000838,-357.5094702232003
1.089000000000086,-412.5749612700443
1.090000000000088,-427.2545324815847
1.0910000000000901,-400.1114091198957
1.0920000000000922,-333.802723777968
1.0930000000000943,-234.81935322294305
1.0940000000000965,-112.85050250968844
1.0950000000000986,20.164748086818257
1.0960000000001007,151.20609021274302
1.0970000000001028,267.4464462270928
1.098000000000105,357.5075097530451
1.099000000000107,412.5734912154903
1.1000000000001091,427.2540633115161
1.1010000000001112,400.11203737754255
1.1020000000001133,333.80410495900884
1.1030000000001154,234.82084498509525
1.1040000000001176,112.85142228913558
1.1050000000001197,-20.164850809431048
1.1060000000001218,-151.2072520122397
1.1070000000001239,-267.4482684595279
1.108000000000126,-357.50930649492017
1.109000000000128,-412.574550077215
1.1100000000001302,-427.2539195167599
1.1110000000001323,-400.1106562000699
1.1120000000001344,-333.8019025231991
1.1130000000001365,-234.81853892165586
1.1140000000001387,-112.84976856312838
1.1150000000001408,20.16533535859249
1.1160000000001429,151.20647655966678
1.117000000000145,267.44659429220286
1.118000000000147,357.5074033790856
1.1190000000001492,412.57313846107456
1.1200000000001513,427.25349729792225
1.1210000000001534,400.1113141538192
1.1220000000001555,333.8032981669446
1.1230000000001576,234.82003772678345
1.1240000000001598,112.85069736586688
1.1250000000001619,-20.165420712292505
1.126000000000164,-151.20761254239144
1.127000000000166,-267.4483889463055
1.1280000000001682,-357.5091818450364
1.1290000000001703,-412.5741993864964
1.1300000000001724,-427.25338220308004
1.1310000000001745,-400.10998673427054
1.1320000000001766,-333.8011647735985
1.1330000000001788,-234.81780075093607
1.1340000000001809,-112.84909686849726
1.135000000000183,20.16587931791474
1.136000000000185,151.2068417886005
1.1370000000001872,267.4467446719844
1.1380000000001893,357.50732191470445
1.1390000000001914,412.5728304182665
1.1400000000001935,427.2529913066532
1.1410000000001956,400.1106604973158
1.1420000000001977,333.8025639644028
1.1430000000001999,234.81929940895978
1.144000000000202,112.85003152652955
1.145000000000204,-20.16594655851283
1.1460000000002062,-151.20794771404744
1.1470000000002083,-267.4485046380739
1.1480000000002104,-357.50907289930865
1.1490000000002125,-412.5738829749307
1.1500000000002146,-427.25289419470437
1.1510000000002167,-400.1093768016844
1.1520000000002188,-333.8004911982691
1.153000000000221,-234.81712552746168
1.154000000000223,-112.84848125281495
1.1550000000002252,20.16637900626664
1.1560000000002273,151.20717837949272
1.1570000000002294,267.4468844351729
1.1580000000002315,357.5072485971197
1.1590000000002336,412.5725483090395
1.1600000000002357,427.2525264185842
1.1610000000002378,400.1100590909528
1.16200000000024,333.8018881085799
1.163000000000242,234.81861994500164
1.1640000000002442,112.84941946978851
1.1650000000002463,-20.166428712047438
1.1660000000002484,-151.2082532563366
1.1670000000002505,-267.4486073251534
1.1680000000002526,-357.5089685103092
1.1690000000002547,-412.5735879501689
1.1700000000002568,-427.2524421222042
1.171000000000259,-400.1088137772751
1.172000000000261,-333.7998709882612
1.1730000000002632,-234.81650509402075
1.1740000000002653,-112.84791675402947
1.1750000000002674,20.166835965938972
1.1760000000002695,151.20748454620576
1.1770000000002716,267.4470088418434
1.1780000000002737,357.50717633840605
1.1790000000002758,412.5722834645228
1.180000000000278,427.25209323671163
1.18100000000028,400.1095006703234
1.1820000000002822,333.801262264207
1.1830000000002843,234.81799259952297
1.1840000000002864,112.84885655700216
1.1850000000002885,-20.166869423074377
1.1860000000002906,-151.20852895767086
1.1870000000002927,-267.448694474573
1.1880000000002948,-357.50886415593516
1.189000000000297,-412.57330828849405
1.190000000000299,-427.2520190534542
1.1910000000003012,-400.10829046505637
1.1920000000003033,-333.79929732088465
1.1930000000003054,-234.81593357749367
1.1940000000003075,-112.84739891602794
1.1950000000003096,20.16725291173638
1.1960000000003117,151.2077611021734
1.1970000000003138,267.44711681396626
1.198000000000316,357.507102340591
1.199000000000318,412.5720316787185
1.2000000000003201,427.2516865671108
1.2010000000003223,400.1089795432721
1.2020000000003244,333.8006807565809
1.2030000000003265,234.8174122134409
1.2040000000003286,112.84833858314525
1.2050000000003307,-20.16727159864943
1.2060000000003328,-151.2087762061444
1.207000000000335,-267.448765873346
1.208000000000337,-357.5087580835818
1.2090000000003391,-412.5730408937412
1.2100000000003412,-427.25162086007936
1.2110000000003434,-400.1078020996544
1.2120000000003455,-333.79876523619237
1.2130000000003476,-234.81540627170764
1.2140000000003497,-112.84692370107523
1.2150000000003518,20.16763286847431
1.216000000000354,151.20800981326457
1.217000000000356,267.447208730623
1.2180000000003581,357.50702559434734
1.2190000000003602,412.57179067617744
1.2200000000003624,427.2513031013872
1.2210000000003645,400.10849168931804
1.2220000000003666,333.80013923293257
1.2230000000003687,234.81687450474573
1.2240000000003708,112.847861728161
1.225000000000373,-20.167638254393136
1.226000000000375,-151.20899694848535
1.2270000000003771,-267.44882223713813
1.2280000000003792,-357.5086497311791
1.2290000000003813,-412.57278399840465
1.2300000000003835,-427.2512447511983
1.2310000000003856,-400.1073451407949
1.2320000000003877,-333.79827078324183
1.2330000000003898,-234.8149191858993
1.234000000000392,-112.84648744723505
1.235000000000394,20.167978836633015
1.2360000000003961,151.20823275226047
1.2370000000003982,267.44728555986774
1.2380000000004003,357.50694589054274
1.2390000000004024,412.5715591072663
1.2400000000004046,427.250940491225
1.2410000000004067,400.10803399458695
1.2420000000004088,333.7996341151482
1.2430000000004109,234.81637577298596
1.244000000000413,112.84742251816816
1.245000000000415,-20.16797231298699
1.2460000000004172,-151.20919328768665
1.2470000000004193,-267.4488646608165
1.2480000000004214,-357.50853909448335
1.2490000000004235,-412.57253651285527
1.2500000000004257,-427.25088866783796
1.2510000000004278,-400.10691676588067
1.2520000000004299,-333.79781065044773
1.253000000000432,-234.81446883698345
1.254000000000434,-112.84608682909612
1.2550000000004362,20.168293673790092
1.2560000000004383,151.20843204567694
1.2570000000004404,267.44734850573485
1.2580000000004425,357.5068634077334
1.2590000000004447,412.57133612006345
1.2600000000004468,427.2505969464142
1.2610000000004489,400.1076039107455
1.262000000000451,333.7991623476099
1.263000000000453,234.8159127516787
1.2640000000004552,112.84701779012624
1.2650000000004573,-20.168276533307278
1.2660000000004594,-151.20936731900719
1.2670000000004615,-267.4488943831683
1.2680000000004636,-357.50842644713794
1.2690000000004658,-412.57229772999847
1.2700000000004679,-427.2505510003389
1.27100000000047,-400.10651462563624
1.272000000000472,-333.7973819803458
1.2730000000004742,-234.81405213580993
1.2740000000004763,-112.84571882155736
1.2750000000004784,20.16858005408513
1.2760000000004805,151.20860976625806
1.2770000000004826,267.44739884807547
1.2780000000004847,357.50677851848894
1.2790000000004869,412.5711211530246
1.280000000000489,427.2502710339928
1.281000000000491,400.10719927932115
1.2820000000004932,333.79872126078146
1.2830000000004953,234.81548252243505
1.2840000000004974,112.8466446603876
1.2850000000004995,-20.168553486735572
1.2860000000005016,-151.20952105722384
1.2870000000005037,-267.4489126742992
1.2880000000005059,-357.5083122003354
1.289000000000508,-412.57206717199506
1.29000000000051,-427.25023043689566
1.2910000000005122,-400.10613670858925
1.2920000000005143,-333.79698226110975
1.2930000000005164,-234.81366631532862
1.2940000000005185,-112.8453806692508
1.2950000000005206,20.168840457877955
1.2960000000005227,151.20876788420318
1.2970000000005248,267.44743786243595
1.298000000000527,357.5066916870911
1.299000000000529,412.5709138212494
1.3000000000005312,427.2499615643878
1.3010000000005333,400.10681822828064
1.3020000000005354,333.79830848763413
1.3030000000005375,234.81508245728168
1.3040000000005396,112.84630049733322
1.3050000000005417,-20.168805553260782
1.3060000000005438,-151.2096564029044
1.307000000000546,-267.448920776771
1.308000000000548,-357.5081968255382
1.3090000000005502,-412.57184450201055
1.3100000000005523,-427.24992587334197
1.3110000000005544,-400.1057812570925
1.3120000000005565,-333.79660925685846
1.3130000000005586,-234.81330888031462
1.3140000000005607,-112.84506985962255
1.3150000000005628,20.169077173582522
1.316000000000565,151.20890824529425
1.317000000000567,267.4474667774801
1.3180000000005692,357.50660341114525
1.3190000000005713,412.5707138488917
1.3200000000005734,427.24966752128466
1.3210000000005755,400.1064591057976
1.3220000000005776,333.79792190720394
1.3230000000005797,234.81471017712317
1.3240000000005818,112.84598289790408
1.325000000000584,-20.169034925826313
1.326000000000586,-151.2097751279246
1.3270000000005882,-267.4489198738256
1.3280000000005903,-357.50808080947576
1.3290000000005924,-412.5716294704528
1.3300000000005945,-427.2496363556385
1.3310000000005966,-400.1054467118477
1.3320000000005987,-333.79626095875545
1.3330000000006008,-234.81297757016435
1.334000000000603,-112.8447840997829
1.335000000000605,20.169292304820694
1.3360000000006071,151.20903256236048
1.3370000000006093,267.4474867521795
1.3380000000006114,357.50651418746514
1.3390000000006135,412.5705210270777
1.3400000000006156,427.24938801591327
1.3410000000006177,400.10612043523616
1.3420000000006198,333.797559604538
1.343000000000622,234.8143635197685
1.344000000000624,112.8456896664807
1.3450000000006261,-20.169243618830997
1.3460000000006282,-151.2098788710587
1.3470000000006304,-267.4489110734129
1.3480000000006325,-357.5079646274146
1.3490000000006346,-412.5714218810223
1.3500000000006367,-427.2493610421406
1.3510000000006388,-400.1051316732906
1.352000000000641,-333.79593555005783
1.353000000000643,-234.81267032945868
1.3540000000006451,-112.84452129617219
1.3550000000006472,20.16948778085023
1.3560000000006494,151.2091424145706
1.3570000000006515,267.44749886498437
1.3580000000006536,357.50642449217565
1.3590000000006557,412.5703351872985
1.3600000000006578,427.2491222562093
1.36100000000066,400.1058008837291
1.362000000000662,333.79721984094647
1.3630000000006641,234.8140405148632
1.3640000000006662,112.8454187964207
1.3650000000006683,-20.169433478559796
1.3660000000006705,-151.2099691394696
1.3670000000006726,-267.4488954006122
1.3680000000006747,-357.5078487281669
1.3690000000006768,-412.5712215692444
1.370000000000679,-427.24909917731276
1.371000000000681,-400.10483487435164
1.3720000000006831,-333.79563137899027
1.3730000000006852,-234.8123852848299
1.3740000000006873,-112.84427953649028
1.3750000000006894,20.16966536756015
1.3760000000006916,151.20923925115477
1.3770000000006937,267.4475041096241
1.3780000000006958,357.50633476934865
1.379000000000698,412.5701561844129
1.3800000000007,427.24886952618346
1.381000000000702,400.1054992389016
1.3820000000007042,333.7969010309376
1.3830000000007063,234.81373936311368
1.3840000000007084,112.84516845326179
1.3850000000007106,-20.16960619419118
1.3860000000007127,-151.21004731371585
1.3870000000007148,-267.4488737959456
1.3880000000007169,-357.50773352590784
1.389000000000719,-412.57102838850955
1.390000000000721,-427.24885007450416
1.3910000000007232,-400.1045551599886
1.3920000000007253,-333.79534693838315
1.3930000000007274,-234.81212072542573
1.3940000000007295,-112.84405707349377
1.3950000000007317,20.169826679106112
1.3960000000007338,151.20932439748245
1.3970000000007359,267.44750339515133
1.398000000000738,357.50624542578856
1.39900000000074,412.569983886044
1.4000000000007422,427.2486291710666
1.4010000000007443,400.10521439173294
1.4020000000007464,333.79660172421916
1.4030000000007485,234.8134584188129
1.4040000000007506,112.84493695982702
1.4050000000007528,-20.169763309497906
1.4060000000007549,-151.21011465426002
1.407000000000757,-267.44884711691134
1.408000000000759,-357.5076193962276
1.4090000000007612,-412.57084220185845
1.4100000000007633,-427.24861310287844
1.4110000000007654,-400.10429147197135
1.4120000000007675,-333.7950808487641
1.4130000000007696,-234.81187508696848
1.4140000000007718,-112.84385231044995
1.4150000000007739,20.16997318957005
1.416000000000776,151.20939906227264
1.417000000000778,267.4474975488153
1.4180000000007802,357.5061568285114
1.4190000000007823,412.56981816587603
1.4200000000007844,427.2484005866525
1.4210000000007865,400.10494532324486
1.4220000000007886,333.7963205909515
1.4230000000007907,234.81319617509956
1.4240000000007929,112.84472278244725
1.425000000000795,-20.169906233844426
1.426000000000797,-151.21017230927268
1.4270000000007992,-267.44881614138916
1.4280000000008013,-357.50750667535937
1.4290000000008034,-412.57066287640106
1.4300000000008055,-427.2483876787475
1.4310000000008076,-400.1040428368035
1.4320000000008097,-333.7948318449692
1.4330000000008118,-234.81164693705765
1.434000000000814,-112.84366378798511
1.435000000000816,20.170106243705
1.4360000000008182,151.20946434572582
1.4370000000008203,267.44748732027745
1.4380000000008224,357.5060693051065
1.4390000000008245,412.56965889966364
1.4400000000008266,427.2481832119781
1.4410000000008287,400.10469109422615
1.4420000000008308,333.7960564092567
1.443000000000833,234.8129512508215
1.444000000000835,112.84452451852934
1.4450000000008372,-20.17003625280803
1.4460000000008393,-151.21022132270045
1.4470000000008414,-267.4487815721964
1.4480000000008435,-357.5073956608833
1.4490000000008456,-412.5704902802252
1.4500000000008477,-427.24817325851825
1.4510000000008498,-400.103808356385
1.452000000000852,-333.7945987643749
1.453000000000854,-234.81143496344413
1.4540000000008562,-112.8434901720488
1.4550000000008583,20.170227067712055
1.4560000000008604,151.20952124750366
1.4570000000008625,267.44747338631555
1.4580000000008646,357.5059831448305
1.4590000000008667,412.5695059628539
1.4600000000008688,427.2479765234337
1.461000000000871,400.10445083634653
1.462000000000873,333.7958080548901
1.4630000000008752,234.81272237920533
1.4640000000008773,112.84434088538609
1.4650000000008794,-20.17015453852795
1.4660000000008815,-151.21026264197994
1.4670000000008836,-267.44874404233434
1.4680000000008857,-357.50728661323006
1.4690000000008878,-412.57032428072375
1.47000000000089,-427.2479693339529
1.471000000000892,-400.1035871999468
1.4720000000008941,-333.79438053726375
1.4730000000008963,-234.81123796273272
1.4740000000008984,-112.84333024327441
1.4750000000009005,20.170336778920003
1.4760000000009026,151.20957067458977
1.4770000000009047,267.44745635610815
1.4780000000009068,357.50589860078344
1.479000000000909,412.5693592293069
1.480000000000911,427.2477800303292
1.4810000000009131,400.10422374543754
1.4820000000009153,333.79557449201036
1.4830000000009174,234.81250839752798
1.4840000000009195,112.84417070966381
1.4850000000009216,-20.170262158927816
1.4860000000009237,-151.2102971260145
1.4870000000009258,-267.4487041199288
1.488000000000928,-357.5071797582302
1.48900000000093,-412.5701647435444
1.4900000000009321,-427.24777542794504
1.4910000000009342,-400.1033785976556
1.4920000000009364,-333.7941761781659
1.4930000000009385,-234.8110548310099
1.4940000000009406,-112.84318288653004
1.4950000000009427,20.170436395013304
1.4960000000009448,151.2096134490055
1.497000000000947,267.44743677653366
1.498000000000949,357.5058158923249
1.4990000000009511,412.569218570848
1.5000000000009532,427.2475932714584
1.5010000000009553,400.10400907502867
1.5020000000009575,333.795354765308
1.5030000000009596,234.81230823802636
1.5040000000009617,112.84401291809468
1.5050000000009638,-20.17036008673001
1.506000000000966,-151.2103255523068
1.507000000000968,-267.4486623136047
1.5080000000009701,-357.50707528936397
1.5090000000009722,-412.57001153247427
1.5100000000009743,-427.2475910915336
1.5110000000009765,-400.10318183472367
1.5120000000009786,-333.79398477834053
1.5130000000009807,-234.81088455463723
1.5140000000009828,-112.84304708242296
1.515000000000985,20.170526842618116
1.516000000000987,151.2096503147622
1.5170000000009891,267.44741513713893
1.5180000000009912,357.5057352075544
1.5190000000009933,412.56908385709863
1.5200000000009954,427.2474158123869
1.5210000000009976,400.103806131472
1.5220000000009997,333.79514799269555
1.5230000000010018,234.81212091951747
1.5240000000010039,112.84386652879422
1.525000000001006,-20.17044920752076
1.526000000001008,-151.21034862403462
1.5270000000010102,-267.44861907752573
1.5280000000010123,-357.50697337063076
1.5290000000010144,-412.5698645089981
1.5300000000010165,-427.24741590118975
1.5310000000010187,-400.10299624676236
1.5320000000010208,-333.79380549880125
1.5330000000010229,-234.81072620283152
1.534000000001025,-112.84292189872568
1.535000000001027,20.170608965012
1.5360000000010292,151.2096819446497
1.5370000000010313,267.4473918751368
1.5380000000010334,357.5056567061774
1.5390000000010355,412.56895495536
1.5400000000010376,427.24724724274125
1.5410000000010398,400.10361426922003
1.5420000000010419,333.7949533591716
1.543000000001044,234.81194554007055
1.544000000001046,112.84373064314426
1.5450000000010482,-20.17053032733439
1.5460000000010503,-151.2103669763926
1.5470000000010524,-267.4485748158722
1.5480000000010545,-357.50687413885606
1.5490000000010566,-412.569723532988
1.5500000000010588,-427.247249456771
1.5510000000010609,-400.1028212151334
1.552000000001063,-333.7936375645915
1.553000000001065,-234.81057892016977
1.5540000000010672,-112.84280648277372
1.5550000000010693,20.170683529540945
1.5560000000010714,151.2097089464404
1.5570000000010735,267.4473673799542
1.5580000000010756,357.5055805217858
1.5590000000010777,412.5688317312353
1.5600000000010799,427.2470871745491
1.561000000001082,400.1034328866268
1.562000000001084,333.79477011089324
1.5630000000010862,234.81178126996002
1.5640000000010883,112.84360443897205
1.5650000000010904,-20.17060417959196
1.5660000000010925,-151.21038118261862
1.5670000000010946,-267.4485298874405
1.5680000000010967,-357.50677770638293
1.5690000000010988,-412.5695884626474
1.570000000001101,-427.24709137938595
1.571000000001103,-400.10265616341684
1.5720000000011052,-333.7934802590786
1.5730000000011073,-234.8104419201928
1.5740000000011094,-112.8427000545943
1.5750000000011115,20.17075123419744
1.5760000000011136,151.20973186864074
1.5770000000011157,267.44734199758733
1.5780000000011178,357.505506764349
1.57900000000112,412.56871404874227
1.580000000001122,427.24693524031187
1.5810000000011242,400.103261422393
1.5820000000011263,333.7945975500539
1.5830000000011284,234.81162734565203
1.5840000000011305,112.84348716362786
1.5850000000011326,-20.170671431400905
1.5860000000011347,-151.21039175939268
1.5870000000011368,-267.44848460981825
1.588000000001139,-357.5066841632965
1.589000000001141,-412.5694591550283
1.5900000000011432,-427.2469413099413
1.5910000000011453,-400.1025005535718
1.5920000000011474,-333.79333291910547
1.5930000000011495,-234.8103144794399
1.5940000000011516,-112.8426019006685
1.5950000000011537,20.170812713682544
1.5960000000011558,151.2097512057575
1.597000000001158,267.4473160343619
1.59800000000116,357.50543552260916
1.5990000000011622,412.5686017706801
1.6000000000011643,427.24679109142375
1.6010000000011664,400.10309935231595
1.6020000000011685,333.79443503020843
1.6030000000011706,234.81148306397245
1.6040000000011727,112.84337812792708
1.6050000000011748,-20.17073268944101
1.606000000001177,-151.21039917206397
1.607000000001179,-267.44843926305987
1.6080000000011812,-357.506593579662
1.6090000000011833,-412.5693354662919
1.6100000000011854,-427.2467989076845
1.6110000000011875,-400.1023538830489
1.6120000000011896,-333.79319493047
1.6130000000011917,-234.81019593214276
1.6140000000011938,-112.8425113680151
1.615000000001196,20.17086854494181
1.616000000001198,151.20976740313802
1.6170000000012001,267.44728976089243
1.6180000000012023,357.50536686601384
1.6190000000012044,412.5684947591621
1.6200000000012065,427.2466543968163
1.6210000000012086,400.1029461861182
1.6220000000012107,333.7942819518745
1.6230000000012128,234.81134777709732
1.624000000001215,112.84327670091125
1.625000000001217,-20.17078850539203
1.6260000000012191,-151.21040383908982
1.6270000000012212,-267.44839409317433
1.6280000000012234,-357.5065060074855
1.6290000000012255,-412.56921725223157
1.6300000000012276,-427.24666384863554
1.6310000000012297,-400.102215681893
1.6320000000012318,-333.7930657237544
1.633000000001234,-234.8100856650853
1.634000000001236,-112.84242785911422
1.6350000000012381,20.170919252598026
1.6360000000012402,151.20978086141614
1.6370000000012424,267.4472634151361
1.6380000000012445,357.5053008468111
1.6390000000012466,412.56839287576463
1.6400000000012487,427.24652484190096
1.6410000000012508,400.10280146491135
1.642000000001253,333.7941377588089
1.643000000001255,234.81122088774973
1.6440000000012571,112.84318230442673
1.6450000000012592,-20.17083938062995
1.6460000000012613,-151.21040613659426
1.6470000000012635,-267.448349315559
1.6480000000012656,-357.50642148263836
1.6490000000012677,-412.5691043684691
1.6500000000012698,-427.2465358247707
1.651000000001272,-400.10208550999187
1.652000000001274,-333.79294477077264
1.6530000000012761,-234.8099831133439
1.6540000000012782,-112.8423508266966
1.6550000000012803,20.170965313164217
1.6560000000012824,151.20979194072066
1.6570000000012846,267.4472372056623
1.6580000000012867,357.50523750178803
1.6590000000012888,412.56829598206895
1.6600000000012909,427.24640212705197
1.661000000001293,400.1026647587137
1.662000000001295,333.79400193415313
1.6630000000012972,234.8111018449265
1.6640000000012993,112.84309440889807
1.6650000000013014,-20.170885770870868
1.6660000000013035,-151.21040640195082
1.6670000000013057,-267.44830511762046
1.6680000000013078,-357.5063400266298
1.6690000000013099,-412.5689966708332
1.670000000001312,-427.2464145427019
1.671000000001314,-400.1019629549873
1.6720000000013162,-333.79283158096257
1.6730000000013183,-234.80988775597797
1.6740000000013204,-112.84227976977587
1.6750000000013225,20.17100715971097
1.6760000000013247,151.2098009641842
1.6770000000013268,267.44721131444487
1.6780000000013289,357.5051768539189
1.679000000001331,412.56820393983196
1.680000000001333,427.24628596710266
1.6810000000013352,400.10253566399774
1.6820000000013373,333.7938739974441
1.6830000000013394,234.81099013994117
1.6840000000013415,112.84301252869068
1.6850000000013436,-20.170928090187044
1.6860000000013458,-151.2104049374649
1.6870000000013479,-267.4482616618328
1.68800000000135,-357.5062616480117
1.689000000001352,-412.56889401574705
1.6900000000013542,-427.2462997227181
1.6910000000013563,-400.1018476298893
1.6920000000013584,-333.7927256983417
1.6930000000013605,-234.80979911245262
1.6940000000013626,-112.84221422928391
1.6950000000013647,20.171045185473275
1.6960000000013669,151.2098082215747
1.697000000001369,267.4471858994278
1.698000000001371,357.5051189137489
1.6990000000013732,412.5681166114999
1.7000000000013753,427.246176089811
1.7010000000013774,400.10241380187114
1.7020000000013795,333.7937535014782
1.7030000000013816,234.81088530289367
1.7040000000013837,112.84293621860827
1.7050000000013859,-20.170966714749497
1.706000000001388,-151.2104020136792
1.70700000000139,-267.4482190877414
1.7080000000013922,-357.50618634395727
1.7090000000013943,-412.56879626038767
1.7100000000013964,-427.2461910979885
1.7110000000013985,-400.1017391711893
1.7120000000014006,-333.7926266988074
1.7130000000014027,-234.8097167389745
1.7140000000014048,-112.84215378468878
1.715000000001407,20.17107974775019
1.716000000001409,151.20981397213617
1.7170000000014112,267.4471610967886
1.7180000000014133,357.5050636811021
1.7190000000014154,412.56803386014224
1.7200000000014175,427.2460722355028
1.7210000000014196,400.1022988160549
1.7220000000014217,333.79364002972005
1.7230000000014238,234.81078689923928
1.724000000001426,112.84286507020339
1.725000000001428,-20.171001986280082
1.7260000000014302,-151.21039787228548
1.7270000000014323,-267.4481775146906
1.7280000000014344,-357.5061141014756
1.7290000000014365,-412.5687032629484
1.7300000000014386,-427.2460884137444
1.7310000000014407,-400.10163723710536
1.7320000000014428,-333.79253418730707
1.733000000001445,-234.80964022559314
1.734000000001447,-112.84209805029056
1.7350000000014492,20.1711111707456
1.7360000000014513,151.20981844768446
1.7370000000014534,267.4471370232973
1.7380000000014555,357.50501114595033
1.7390000000014576,412.5679555499739
1.7400000000014597,427.2459741560811
1.7410000000014618,400.1021903712463
1.742000000001464,333.79353319373524
1.743000000001466,234.81069452700126
1.7440000000014682,112.84279870863706
1.7450000000014703,-20.17103421500606
1.7460000000014724,-151.21039272886262
1.7470000000014745,-267.4481370434555
1.7480000000014766,-357.50604489869664
1.7490000000014787,-412.5686148829402
1.7500000000014808,-427.24599142629864
1.751000000001483,-400.10154150581434
1.752000000001485,-333.7924477956698
1.7530000000014871,-234.80956919330336
1.7540000000014893,-112.84204667253603
1.7550000000014914,20.171139748920773
1.7560000000014935,151.20982185509018
1.7570000000014956,267.4471137780032
1.7580000000014977,357.5049612897317
1.7590000000014998,412.56788154641686
1.760000000001502,427.2458816143163
1.761000000001504,400.1020881514075
1.7620000000015061,333.7934326308669
1.7630000000015082,234.81060781393387
1.7640000000015104,112.84273678968998
1.7650000000015125,-20.171063682663238
1.7660000000015146,-151.21038677528838
1.7670000000015167,-267.4480977583453
1.7680000000015188,-357.50597870581737
1.769000000001521,-412.5685309813905
1.770000000001523,-427.24589990269885
1.7710000000015251,-400.1014516741832
1.7720000000015272,-333.79236718025777
1.7730000000015294,-234.8095032912805
1.7740000000015315,-112.84199932688672
1.7750000000015336,20.17116574946062
1.7760000000015357,151.20982437854974
1.7770000000015378,267.44709144416834
1.77800000000154,357.5049140863452
1.779000000001542,412.5678117163626
1.7800000000015441,427.2457943832129
1.7810000000015462,400.1019918584468
1.7820000000015483,333.79333800231404
1.7830000000015505,234.81052641500128
1.7840000000015526,112.84267899718401
1.7850000000015547,-20.171090645096367
1.7860000000015568,-151.21038018193738
1.787000000001559,-267.4480597288692
1.788000000001561,-357.50591548620645
1.7890000000015631,-412.5684514208948
1.7900000000015652,-427.24581361979835
1.7910000000015673,-400.1013674560452
1.7920000000015694,-333.79229202024305
1.7930000000015716,-234.80944219469595
1.7940000000015737,-112.84195571555809
1.7950000000015758,20.17118941483573
1.796000000001578,151.20982618181145
1.79700000000158,267.4470700908778
1.798000000001582,357.504869503137
1.7990000000015842,412.56774592833017
1.8000000000015863,427.24571224531815
1.8010000000015884,400.10190121089363
1.8020000000015906,333.7932489911731
1.8030000000015927,234.81045001012146
1.8040000000015948,112.84262504044344
1.8050000000015969,-20.17111533436366
1.806000000001599,-151.2103730999512
1.807000000001601,-267.44802301123633
1.8080000000016032,-357.50585519711564
1.8090000000016053,-412.5683760658641
1.8100000000016074,-427.24573236389904
1.8110000000016095,-400.1012885812714
1.8120000000016117,-333.7922220154779
1.8130000000016138,-234.80938560238755
1.8140000000016159,-112.84191556496927
1.815000000001618,20.171210964966367
1.81600000000162,151.20982741018895
1.8170000000016222,267.44704977442603
1.8180000000016243,357.5048275016895
1.8190000000016264,412.56768405253416
1.8200000000016285,427.24563499231425
1.8210000000016306,400.1018159426457
1.8220000000016328,333.79316530052154
1.8230000000016349,234.81037830214828
1.824000000001637,112.84257465218505
1.825000000001639,-20.171137961106687
1.8260000000016412,-151.21036566281091
1.8270000000016433,-267.4479876495344
1.8280000000016454,-357.50579779073456
1.8290000000016475,-412.56830478261935
1.8300000000016496,-427.2456559299419
1.8310000000016518,-400.10121479445394
1.8320000000016539,-333.79215688514495
1.833000000001656,-234.80933323495879
1.834000000001658,-112.84187862375457
1.8350000000016602,20.17123059936475
1.8360000000016623,151.20982819214862
1.8370000000016644,267.44703053976264
1.8380000000016665,357.5047880385495
1.8390000000016686,412.56762596115084
1.8400000000016707,427.2455624242713
1.8410000000016729,400.1017358018853
1.842000000001675,333.7930866522385
1.843000000001677,234.81031101490936
1.8440000000016792,112.84252758632175
1.8450000000016813,-20.171158716532524
1.8460000000016834,-151.21035798813702
1.8470000000016855,-267.44795367746025
1.8480000000016876,-357.5057432146596
1.8490000000016897,-412.56823743960246
1.8500000000016918,-427.2455841214785
1.851000000001694,-400.1011458537417
1.852000000001696,-333.79209636600314
1.8530000000016982,-234.8092848330397
1.8540000000017003,-112.84184466076906
1.8550000000017024,20.171248498979004
1.8560000000017045,151.20982864117738
1.8570000000017066,267.4470124216183
1.8580000000017087,357.5047510660395
1.8590000000017108,412.56757152830744
1.860000000001713,427.2454943494468
1.861000000001715,400.10166055002543
1.8620000000017172,333.79301278518636
1.8630000000017193,234.8102478914487
1.8640000000017214,112.842483616366
1.8650000000017235,-20.17117777399386
1.8660000000017256,-151.21035017942353
1.8670000000017277,-267.447921119114
1.8680000000017298,-357.5056914127154
1.869000000001732,-412.5681739074192
1.870000000001734,-427.24551674945343
1.8710000000017362,-400.1010815302201
1.8720000000017383,-333.79204021118875
1.8730000000017404,-234.80924015550605
1.8740000000017425,-112.84181346345123
1.8750000000017446,20.17126482786929
1.8760000000017467,151.20982885692067
1.8770000000017488,267.44699544564907
1.878000000001751,357.5047165327614
1.879000000001753,412.5675206302397
1.8800000000017552,427.24543058362406
1.8810000000017573,400.10158996086335
1.8820000000017594,333.7929434540658
1.8830000000017615,234.81018869247578
1.8840000000017636,112.8424425335132
1.8850000000017657,-20.171195290851234
1.8860000000017678,-151.21034232706864
1.88700000000177,-267.4478899900708
1.888000000001772,-357.5056423255278
1.8890000000017741,-412.56811405875726
1.8900000000017763,-427.24545363265264
1.8910000000017784,-400.10102160660983
1.8920000000017805,-333.7919881889431
1.8930000000017826,-234.80919897795977
1.8940000000017847,-112.84178483595888
1.8950000000017868,20.171279734743802
1.896000000001789,151.20982892693462
1.897000000001791,267.4469796293461
1.8980000000017931,357.5046843842609
1.8990000000017953,412.5674731452857
1.9000000000017974,427.24537094986164
1.9010000000017995,400.1015238195845
1.9020000000018016,333.79287842816507
1.9030000000018037,234.81013319499587
1.9040000000018058,112.84240414526344
1.905000000001808,-20.17121140967581
1.90600000000181,-151.2103345100334
1.9070000000018121,-267.44786029852685
1.9080000000018142,-357.50559589095764
1.9090000000018164,-412.56805776872227
1.9100000000018185,-427.2453945966545
1.9110000000018206,-400.10096587674286
1.9120000000018227,-333.791940081264
1.9130000000018248,-234.80916109143683
1.914000000001827,-112.84175859805798
1.915000000001829,20.17129335428031
1.9160000000018311,151.20982892751675
1.9170000000018332,267.4469649831087
1.9180000000018353,357.50465456343755
1.9190000000018375,412.56742895418205
1.9200000000018396,427.2453152779443
1.9210000000018417,400.1014619222704
1.9220000000018438,333.79281749027615
1.923000000001846,234.8100811908819
1.924000000001848,112.84236827388598
1.9250000000018501,-20.171226259795052
1.9260000000018522,-151.21032679656653
1.9270000000018543,-267.44783204596524
1.9280000000018565,-357.50555204470334
1.9290000000018586,-412.56800491485916
1.9300000000018607,-427.2453394737626
1.9310000000018628,-400.10091414471594
1.932000000001865,-333.791895683083
1.933000000001867,-234.80912630120642
1.9340000000018691,-112.84173458350007
1.9350000000018712,20.171305808670006
1.9360000000018733,151.20982892502974
1.9370000000018754,267.4469515109009
1.9380000000018776,357.50462701109853
1.9390000000018797,412.5673879397399
1.9400000000018818,427.2452634042169
1.9410000000018839,400.10140407477405
1.942000000001886,333.7927604357164
1.943000000001888,234.81003248573683
1.9440000000018902,112.84233475519186
1.9450000000018923,-20.171239958446808
1.9460000000018944,-151.21031924575212
1.9470000000018965,-267.4478052280544
1.9480000000018987,-357.5055107205661
1.9490000000019008,-412.5679553769511
1.9500000000019029,-427.2452881026726
1.951000000001905,-400.1008662241802
1.952000000001907,-333.79185480124033
1.9530000000019092,-234.8090944254575
1.9540000000019113,-112.8417126388854
1.9550000000019134,20.171317208532344
1.9560000000019155,151.20982897683817
1.9570000000019177,267.44693921105386
1.9580000000019198,357.5046016663331
1.9590000000019219,412.5673499873304
1.960000000001924,427.24521517116904
1.961000000001926,400.1013500923674
1.9620000000019282,333.7927070712271
1.9630000000019303,234.809986897766
1.9640000000019324,112.84230343757955
1.9650000000019345,-20.17125261197022
1.9660000000019366,-151.2103119080681
1.9670000000019388,-267.4477798351704
1.9680000000019409,-357.5054718511362
1.969000000001943,-412.56790903741944
1.970000000001945,-427.2452403279758
1.9710000000019472,-400.1008219377911
1.9720000000019493,-333.7918172535572
1.9730000000019514,-234.80906529446162
1.9740000000019535,-112.8416926226328
1.9750000000019556,20.171327654027895
1.9760000000019577,151.2098291322395
1.9770000000019599,267.4469280770571
1.978000000001962,357.5045784668453
1.979000000001964,412.56731498462926
1.9800000000019662,427.24517042705145
1.9810000000019683,400.10129979914973
1.9820000000019704,333.7926572144128
1.9830000000019725,234.80994425686123
1.9840000000019746,112.84227418063048
1.9850000000019767,-20.171264316569843
1.9860000000019788,-151.2103048263834
1.987000000001981,-267.4477558533586
1.988000000001983,-357.5054353677833
1.9890000000019852,-412.5678657810271
1.9900000000019873,-427.2451960000885
1.9910000000019894,-400.1007811165717
1.9920000000019915,-333.791782868009
1.9930000000019936,-234.80903874942396
1.9940000000019957,-112.84167440391872
1.9950000000019978,20.17133723591202
1.996000000002,151.20982943319981
1.997000000002002,267.44691809787616
1.9980000000020042,357.5045573494257
1.9990000000020063,412.56728282163886
2.000000000002008,427.2451290261623
2.001000000002006,400.1012540817948
2.0020000000020035,333.7926150619358
2.003000000002001,234.80990898727666
2.004000000001999,112.84224644050448
2.0050000000019965,-20.171286449974325
2.006000000001994,-151.21032535272096
2.007000000001992,-267.44778064179474
2.0080000000019895,-357.50546848706006
2.009000000001987,-412.5679062091928
2.010000000001985,-427.2452352815212
2.0110000000019825,-400.10080302043826
2.01200000000198,-333.79176603742656
2.013000000001978,-234.80896121852527
2.0140000000019755,-112.84152016910059
2.015000000001973,20.171572430003714
2.016000000001971,151.21013373415218
2.0170000000019686,267.44726266041476
2.018000000001966,357.5048988718702
2.019000000001964,412.56756929143603
2.0200000000019616,427.2453074915625
2.0210000000019592,400.1012776776132
2.022000000001957,333.7924500692375
2.0230000000019546,234.809546441076
2.0240000000019522,112.84170166700777
2.02500000000195,-20.171974884647472
2.0260000000019476,-151.21109847449836
2.0270000000019452,-267.44856252777487
2.028000000001943,-357.50617394772786
2.0290000000019406,-412.5684492502625
2.0300000000019383,-427.2455384515373
2.031000000001936,-400.100806885091
2.0320000000019336,-333.79143752356697
2.0330000000019313,-234.80830057048823
2.034000000001929,-112.84056425026989
2.0350000000019266,20.172750212496577
2.0360000000019243,151.21142840491
2.037000000001922,267.44854669214385
2.0380000000019196,357.5060350063218
2.0390000000019173,412.5684255388017
2.040000000001915,427.24577251328236
2.0410000000019126,400.10127475283184
2.0420000000019103,333.79194760306723
2.043000000001908,234.80856395825597
2.0440000000019056,112.84031024891136
2.0450000000019033,-20.17365756654339
2.046000000001901,-151.21291821796436
2.0470000000018986,-267.4503426645444
2.0480000000018963,-357.50773217511016
2.049000000001894,-412.56961574455744
2.0500000000018916,-427.24617361973293
2.0510000000018893,-400.10081717815143
2.052000000001887,-333.7907876174872
2.0530000000018847,-234.80702051029687
2.0540000000018823,-112.83875032589589
2.05500000000188,20.17494147387666
2.0560000000018777,151.21379311258093
2.0570000000018753,267.45085244183724
2.058000000001873,357.50804398953454
2.0590000000018707,412.56991951965534
2.0600000000018683,427.2465768528482
2.061000000001866,400.10127868157895
2.0620000000018637,333.79111828828576
2.0630000000018613,234.8069526647873
2.064000000001859,112.83804979298613
2.0650000000018567,-20.176363871015123
2.0660000000018544,-151.2158150351003
2.067000000001852,-267.45314673247225
2.0680000000018497,-357.51015973337564
2.0690000000018474,-412.57141074809306
2.070000000001845,-427.2471341185837
2.0710000000018427,-400.10081735314805
2.0720000000018404,-333.7897932197223
2.073000000001838,-234.8050959015106
2.0740000000018357,-112.83605595487361
2.0750000000018334,20.178161475623376
2.076000000001831,151.21723252964534
2.0770000000018287,267.454172017752
2.0780000000018264,357.5109051787811
2.079000000001824,412.5720194861044
2.0800000000018217,427.247680913456
2.0810000000018194,400.10124654186495
2.082000000001817,333.7899210411587
2.0830000000018147,234.80467854548004
2.0840000000018124,112.83489793873045
2.08500000000181,-20.180101097719195
2.0860000000018077,-151.21977941292005
2.0870000000018054,-267.45694854953825
2.088000000001803,-357.51341584499187
2.0890000000018007,-412.57378270915035
2.0900000000017984,-427.2483627805561
2.091000000001796,-400.1007505874383
2.0920000000017938,-333.788403948854
2.0930000000017914,-234.80248837703436
2.094000000001789,-112.83245920124301
2.0950000000017868,20.18241295795588
2.0960000000017844,151.22172941988484
2.097000000001782,267.45846952573464
2.0980000000017798,357.5145673275915
2.0990000000017774,412.5746638120291
2.100000000001775,427.24901882005935
2.101000000001773,400.1011148720717
2.1020000000017705,333.78830131200317
2.103000000001768,234.80170162135585
2.104000000001766,112.83083350031097
2.1050000000017635,-20.1848692999799
2.106000000001761,-151.22479006915097
2.107000000001759,-267.4617074655103
2.1080000000017565,-357.51744443689296
2.109000000001754,-412.57666566110527
2.110000000001752,-427.24979029895684
2.1110000000017495,-400.10055114848734
2.112000000001747,-333.7865642202787
2.113000000001745,-234.79915806782455
2.1140000000017425,-112.82793990967394
2.11500000000174,20.187694337818748
2.116000000001738,151.22726061162905
2.1170000000017355,267.46370251345724
2.118000000001733,357.5189729327036
2.119000000001731,412.57778566656066
2.1200000000017285,427.2505210541623
2.121000000001726,400.1008183543074
2.122000000001724,333.78620443191164
2.1230000000017215,234.79798323723588
2.124000000001719,112.82583758818498
2.125000000001717,-20.190665828924057
2.1260000000017145,-151.2308231897744
2.127000000001712,-267.46738096990947
2.12800000000171,-357.52218860824206
2.1290000000017075,-412.579994015766
2.130000000001705,-427.25134892193347
2.131000000001703,-400.10015581200366
2.1320000000017005,-333.7842215302692
2.133000000001698,-234.79506827595733
2.134000000001696,-112.82248067023068
2.1350000000016935,20.194002188006696
2.136000000001691,151.2338023625284
2.137000000001689,267.46982944496585
2.1380000000016866,357.5240669182648
2.139000000001684,412.5813219829452
2.140000000001682,427.2521228405455
2.1410000000016796,400.1002968937789
2.1420000000016772,333.783580847714
2.143000000001675,234.79348914260962
2.1440000000016726,112.81989445559772
2.1450000000016702,-20.197486586115428
2.146000000001668,-151.23785546067282
2.1470000000016656,-267.473929049497
2.1480000000016632,-357.52759578057294
2.149000000001661,-412.5837079525519
2.1500000000016586,-427.25297756035815
2.1510000000016563,-400.09950824526936
2.152000000001654,-333.78132978439874
2.1530000000016516,-234.79018754910362
2.1540000000016493,-112.8160675774769
2.155000000001647,20.201331729666308
2.1560000000016446,151.2413319281346
2.1570000000016423,267.47681209063205
2.15800000000164,357.5297995441649
2.1590000000016376,412.585216567034
2.1600000000016353,427.2537671562636
2.161000000001633,400.09949826889476
2.1620000000016306,333.78038821845547
2.1630000000016283,234.788190910743
2.164000000001626,112.81299219337679
2.1650000000016236,-20.205326027920886
2.1660000000016213,-151.24586468799748
2.167000000001619,-267.4813152969234
2.1680000000016166,-357.53361913916876
2.1690000000016143,-412.58775502972117
2.170000000001612,-427.2546234113968
2.1710000000016096,-400.09856050885077
2.1720000000016073,-333.77785057186696
2.173000000001605,-234.7844906574458
2.1740000000016027,-112.80869087522086
2.1750000000016003,20.209676519865916
2.176000000001598,151.24982755659605
2.1770000000015957,267.48461578416186
2.1780000000015933,357.5361268678625
2.179000000001591,412.5894207033541
2.1800000000015887,427.2554054211482
2.1810000000015863,400.0983788547583
2.182000000001584,333.77659212842246
2.1830000000015817,234.7820666083658
2.1840000000015793,112.8051233316793
2.185000000001577,-20.214176649278194
2.1860000000015747,-151.2548293794113
2.1870000000015724,-267.4895065984441
2.18800000000157,-357.54021743644853
2.1890000000015677,-412.5920901099693
2.1900000000015654,-427.25624201434664
2.191000000001563,-400.097273245729
2.1920000000015607,-333.7737534877404
2.1930000000015584,-234.7779590416962
2.194000000001556,-112.80034551371921
2.1950000000015537,20.219027811809244
2.1960000000015514,151.25926780352916
2.197000000001549,267.49320873662094
2.1980000000015467,357.54301010968277
2.1990000000015444,412.5938926248426
2.200000000001542,427.2569971227466
2.2010000000015397,400.09690344501155
2.2020000000015374,333.77216613407165
2.203000000001535,234.77510107785378
2.2040000000015327,112.7962853481444
2.2050000000015304,-20.224028281376658
2.206000000001528,-151.26472789938305
2.2070000000015257,-267.49847221499937
2.2080000000015234,-357.5473540770934
2.209000000001521,-412.59667453318843
2.2100000000015187,-427.2577965887248
2.2110000000015164,-400.0956152521208
2.212000000001514,-333.7690159835027
2.2130000000015118,-234.77058096624776
2.2140000000015094,-112.79103160132541
2.215000000001507,20.229373838644904
2.2160000000015048,151.26963060952377
2.2170000000015024,267.50256098935085
2.2180000000015,357.5504145753622
2.2190000000014978,412.5985965048925
2.2200000000014954,427.2585089732414
2.221000000001493,400.09504465525276
2.222000000001491,333.76709147404665
2.2230000000014885,234.7672859856689
2.224000000001486,112.78648105413107
2.225000000001484,-20.234867399638905
2.2260000000014815,-151.2755375328309
2.227000000001479,-267.50818268711544
2.228000000001477,-357.5549959663819
2.2290000000014745,-412.6014750154594
2.230000000001472,-427.25925708826605
2.23100000000147,-400.0935627753143
2.2320000000014675,-333.7636229763337
2.233000000001465,-234.7623514777669
2.234000000001463,-112.78075471610018
2.2350000000014605,20.240699177087922
2.236000000001458,151.28089239966965
2.237000000001456,267.5126433332891
2.2380000000014535,357.5583084972979
2.239000000001451,412.6035013295293
2.240000000001449,427.25991391816893
2.2410000000014465,400.09278216085914
2.242000000001444,333.76135660605604
2.243000000001442,234.75861970010786
2.2440000000014395,112.77571882255593
2.245000000001437,-20.246676569423553
2.246000000001435,-151.28723365911816
2.2470000000014325,-267.5186088167838
2.24800000000143,-357.5631123962069
2.249000000001428,-412.6064625442558
2.2500000000014255,-427.2605992076229
2.251000000001423,-400.0910987239113
2.252000000001421,-333.7575663334496
2.2530000000014185,-234.75327220761736
2.254000000001416,-112.76952604102246
2.255000000001414,20.252984296519895
2.2560000000014115,151.29302736296697
2.257000000001409,267.52342638986596
2.258000000001407,357.56666200442726
2.2590000000014046,412.60857985283315
2.260000000001402,427.26119017389226
2.2610000000014,400.0901019034957
2.2620000000013976,333.7549566522697
2.2630000000013952,234.74910702214095
2.264000000001393,112.76401262350416
2.2650000000013906,-20.2594341147657
2.2660000000013882,-151.29978916067162
2.267000000001386,-267.52972087493487
2.2680000000013836,-357.57167412724874
2.2690000000013812,-412.611611421437
2.270000000001379,-427.2618034735473
2.2710000000013766,-400.08821188775624
2.2720000000013743,-333.7508442881717
2.273000000001372,-234.74335103264315
2.2740000000013696,-112.75736229451643
2.2750000000013673,20.266205359124125
2.276000000001365,151.30600700689232
2.2770000000013626,267.53487996477145
2.2780000000013603,357.57544633743026
2.279000000001358,412.6138077463817
2.2800000000013556,427.2623203877654
2.2810000000013533,400.08699533552584
2.282000000001351,333.7478927927317
2.2830000000013486,234.73875877691907
2.2840000000013463,112.75138184500418
2.285000000001344,-20.273114057955716
2.2860000000013416,-151.3131741343217
2.2870000000013393,-267.5414881141943
2.288000000001337,-357.5806527506608
2.2890000000013346,-412.61689853104855
2.2900000000013323,-427.26285448418923
2.29100000000133,-400.08489621421955
2.2920000000013276,-333.7434608143395
2.2930000000013253,-234.7326015983637
2.294000000001323,-112.74428543936386
2.2950000000013207,20.28033430397136
2.2960000000013183,151.31980003121726
2.297000000001316,267.54697272699394
2.2980000000013137,357.58463336286746
2.2990000000013113,412.6191629920186
2.300000000001309,427.2632909619484
2.3010000000013067,400.08345873240563
2.3020000000013043,333.7401716229575
2.303000000001302,234.7275912694875
2.3040000000012997,112.73785089068465
2.3050000000012973,-20.287686348951205
2.306000000001295,-151.3273559296673
2.3070000000012927,-267.5538786156778
2.3080000000012904,-357.590020356265
2.309000000001288,-412.6223028586272
2.3100000000012857,-427.26374031907994
2.3110000000012834,-400.08115015772376
2.312000000001281,-333.73542496880884
2.3130000000012787,-234.72104270909816
2.3140000000012764,-112.73032217069161
2.315000000001274,20.29533921859425
2.3160000000012717,151.3343725289576
2.3170000000012694,267.5596722201267
2.318000000001267,357.59419539385215
2.3190000000012647,412.6246255251005
2.3200000000012624,427.2640915478551
2.32100000000126,400.07949257875816
2.3220000000012577,333.7318044824662
2.3230000000012554,234.7156256118208
2.324000000001253,112.72344856186633
2.3250000000012507,-20.303117374510943
2.3260000000012484,-151.34229950534967
2.327000000001246,-267.56685945894276
2.3280000000012437,-357.59974949912174
2.3290000000012414,-412.6278052528137
2.330000000001239,-427.26445211341445
2.3310000000012367,-400.07697610075894
2.3320000000012344,-333.72675020670437
2.333000000001232,-234.7086975946814
2.3340000000012298,-112.71550319800222
2.3350000000012274,20.311184978554014
2.336000000001225,151.34968848838764
2.3370000000012228,267.572945181064
2.3380000000012204,357.60410529217137
2.339000000001218,412.63017710668737
2.3400000000012158,427.26471469492
2.3410000000012134,400.07510102130465
2.342000000001211,333.72280675677587
2.343000000001209,234.70288693328433
2.3440000000012065,112.70820724669214
2.345000000001204,-20.319370717377243
2.346000000001202,-151.35796806576047
2.3470000000011995,-267.5803971758993
2.348000000001197,-357.6098134250897
2.349000000001195,-412.63338839812485
2.3500000000011925,-427.26498377479555
2.35100000000119,-400.07237983504666
2.352000000001188,-333.71745367064676
2.3530000000011855,-234.69559307020722
2.354000000001183,-112.69986235089736
2.355000000001181,20.32783411362358
2.3560000000011785,151.36571055007303
2.357000000001176,267.5867581144861
2.358000000001174,357.6143368037451
2.3590000000011715,412.635801384392
2.360000000001169,427.26515562617385
2.361000000001167,400.07029137468624
2.3620000000011645,333.7131971555635
2.363000000001162,234.68940349620112
2.36400000000116,112.69216195292613
2.3650000000011575,-20.336408115397788
2.366000000001155,-151.37432392193406
2.367000000001153,-267.59445842965505
2.3680000000011505,-357.62018650090806
2.369000000001148,-412.63903695078307
2.370000000001146,-427.26533180815375
2.3710000000011435,-400.06737008803776
2.372000000001141,-333.70755545959065
2.373000000001139,-234.68175861366808
2.3740000000011365,-112.68343555046897
2.375000000001134,20.34524784500548
2.376000000001132,151.38240095404942
2.3770000000011295,267.6010780579655
2.378000000001127,357.62486506613936
2.379000000001125,412.641484090037
2.3800000000011226,427.26541210394424
2.38100000000112,400.06507366459374
2.382000000001118,333.70299697389333
2.3830000000011156,234.675205742311
2.3840000000011132,112.67534923082779
2.385000000001111,-20.354190561145437
2.3860000000011086,-151.39132950635465
2.3870000000011062,-267.60901084672224
2.388000000001104,-357.63084478126467
2.3890000000011016,-412.64473778403436
2.3900000000010992,-427.26549521292054
2.391000000001097,-400.0619580792025
2.3920000000010946,-333.6970778844981
2.3930000000010923,-234.66722539052552
2.39400000000109,-112.66625969641825
2.3950000000010876,20.363387229110494
2.3960000000010853,151.39972260327366
2.397000000001083,267.615873461657
2.3980000000010806,357.6356672178755
2.3990000000010783,412.64721331850313
2.400000000001076,427.26548434890424
2.4010000000010736,400.0594601935155
2.4020000000010713,333.692229344924
2.403000000001069,234.66032530497455
2.4040000000010666,112.65780603848256
2.4050000000010643,-20.372679471630914
2.406000000001062,-151.4089484655046
2.4070000000010596,-267.62402392478555
2.4080000000010573,-357.6417666431375
2.409000000001055,-412.6504802865642
2.4100000000010526,-427.2654754153302
2.4110000000010503,-400.05615709229676
2.412000000001048,-333.68604472198723
2.4130000000010456,-234.65202526170472
2.4140000000010433,-112.6483715257349
2.415000000001041,20.38221433677126
2.4160000000010387,151.41764016530516
2.4170000000010363,267.6311151051046
2.418000000001034,357.6467230403041
2.4190000000010317,412.6529798320459
2.4200000000010293,427.2653749776145
2.421000000001027,400.0534651176875
2.4220000000010247,333.6809184985842
2.4230000000010223,234.6447940220671
2.42400000000102,112.63956860744867
2.4250000000010177,-20.39183785962522
2.4260000000010153,-151.42714675202032
2.427000000001013,-267.639469939497
2.4280000000010107,-357.65293341836434
2.4290000000010084,-412.65625665991195
2.430000000001006,-427.265276202998
2.4310000000010037,-400.049982054791
2.4320000000010014,-333.6744804814776
2.433000000000999,-234.6361898117637
2.4340000000009967,-112.6298064986961
2.4350000000009944,20.401693398753384
2.436000000000992,151.43612113710765
2.4370000000009897,267.646776975832
2.4380000000009874,357.65801556563025
2.439000000000985,412.65877733900174
2.4400000000009827,427.2650889268015
2.4410000000009804,400.04710402724305
2.442000000000978,333.66908904129235
2.4430000000009757,234.62864298870846
2.4440000000009734,112.62067136330847
2.445000000000971,-20.411631437388575
2.4460000000009687,-151.44589364377683
2.4470000000009664,-267.6553247785609
2.448000000000964,-357.6643299626708
2.4490000000009617,-412.6620621681587
2.4500000000009594,-427.26490363382004
2.451000000000957,-400.0434491182644
2.4520000000009547,-333.66240970235816
2.4530000000009524,-234.61974943488744
2.45400000000095,-112.61059776698254
2.4550000000009478,20.421791852439906
2.4560000000009454,151.4551368019323
2.457000000000943,267.66283704382494
2.4580000000009408,357.6695315934329
2.4590000000009384,412.6646027050042
2.460000000000936,427.2646333419177
2.4610000000009338,400.0403935269913
2.4620000000009314,333.65676527489813
2.463000000000929,234.61190168585796
2.464000000000927,112.60114595310367
2.4650000000009245,-20.43202959176922
2.466000000000922,-151.46516262475808
2.46700000000092,-267.67156864228224
2.4680000000009175,-357.6759451081598
2.469000000000915,-412.6678953016009
2.470000000000913,-427.2643658988457
2.4710000000009105,-400.0365752395045
2.472000000000908,-333.649856299001
2.473000000000906,-234.60273251449962
2.4740000000009035,-112.59077527189054
2.475000000000901,20.442481233055048
2.476000000000899,151.4746630209521
2.4770000000008965,267.6792778755063
2.478000000000894,357.6812620692826
2.479000000000892,412.67045606204056
2.4800000000008895,427.26401741139335
2.481000000000887,400.0333508179764
2.482000000000885,333.6439705729869
2.4830000000008825,234.59459721811513
2.48400000000088,112.5810204243711
2.485000000000878,-20.453006180032922
2.4860000000008755,-151.48493207554765
2.487000000000873,-267.6881865608813
2.488000000000871,-357.68777195968937
2.4890000000008685,-412.6737578265508
2.490000000000866,-427.2636731264838
2.491000000000864,-400.029377764441
2.4920000000008615,-333.63684297272846
2.493000000000859,-234.585164726164
2.494000000000857,-112.57036501285728
2.4950000000008545,20.463737863744264
2.496000000000852,151.49468081304732
2.49700000000085,267.69608704652416
2.4980000000008475,357.69320229209825
2.499000000000845,412.67634079514806
2.500000000000843,427.2632521391658
2.5010000000008406,400.0259932858592
2.502000000000838,333.630726831674
2.503000000000836,234.5767536881695
2.5040000000008336,112.56031859083741
2.5050000000008312,-20.47454010708588
2.506000000000829,-151.50518573491226
2.5070000000008266,-267.7051686959969
2.5080000000008242,-357.6998080083752
2.509000000000822,-412.67965470556646
2.5100000000008196,-427.2628371227943
2.5110000000008172,-400.02187402168494
2.512000000000815,-333.6233907057726
2.5130000000008126,-234.567068489327
2.5140000000008103,-112.54938851600609
2.515000000000808,20.48554331423003
2.5160000000008056,151.51517669287503
2.5170000000008033,267.7132573269489
2.518000000000801,357.70535193155445
2.5190000000007986,412.6822633948007
2.5200000000007963,427.2623500537452
2.521000000000794,400.0183381018236
2.5220000000007916,333.6170540107091
2.5230000000007893,234.55839172969942
2.524000000000787,112.53905960819688
2.5250000000007846,-20.496615660382947
2.5260000000007823,-151.52591291088808
2.52700000000078,-267.7225104074404
2.5280000000007776,-357.71205505168376
2.5290000000007753,-412.6855938824705
2.530000000000773,-427.2618710506187
2.5310000000007706,-400.01408093439744
2.5320000000007683,-333.60951835173984
2.533000000000766,-234.54846258386877
2.5340000000007636,-112.52786252066782
2.5350000000007613,20.507884609361408
2.536000000000759,151.5361427531126
2.5370000000007566,267.7307866295782
2.5380000000007543,357.71771485048464
2.539000000000752,412.68823317638487
2.5400000000007497,427.2613248591152
2.5410000000007473,400.01040184737604
2.542000000000745,333.6029697759488
2.5430000000007427,234.53952821021724
2.5440000000007403,112.51725777273825
2.545000000000738,-20.51922259225367
2.5460000000007357,-151.54710843455013
2.5470000000007333,-267.7402120841584
2.548000000000731,-357.724518920666
2.5490000000007287,-412.69158593921344
2.5500000000007264,-427.26078905548496
2.551000000000724,-400.00601465991923
2.5520000000007217,-333.5952423325371
2.5530000000007194,-234.5293619406812
2.554000000000717,-112.50579888983435
2.5550000000007147,20.530754186711526
2.5560000000007124,151.557576492452
2.55700000000071,267.7486777264227
2.5580000000007077,357.7302987413862
2.5590000000007054,412.69426187771825
2.560000000000703,427.26019103922334
2.5610000000007007,400.00220017216657
2.5620000000006984,333.5884892517932
2.563000000000696,234.52017610900137
2.5640000000006937,112.49492254197355
2.5650000000006914,-20.542355955425688
2.566000000000689,-151.56877236633406
2.5670000000006867,-267.75827875149923
2.5680000000006844,-357.7372090305424
2.569000000000682,-412.69764363849777
2.5700000000006797,-427.25960585228216
2.5710000000006774,-399.9976902683919
2.572000000000675,-333.58057644720674
2.5730000000006727,-234.5097776058794
2.5740000000006704,-112.48320473804715
2.575000000000668,20.55414961435685
2.5760000000006658,151.57948040586845
2.5770000000006634,267.7669377535518
2.578000000000661,357.74311459737834
2.5790000000006588,412.70036315312086
2.5800000000006564,427.25896343170933
2.581000000000654,399.99374749544756
2.5820000000006518,333.57362488672004
2.5830000000006494,234.5003445656644
2.584000000000647,112.47205876579582
2.585000000000645,-20.566015709202897
2.5860000000006425,-151.59090947805126
2.58700000000064,-267.776719481177
2.588000000000638,-357.7501377798446
2.5890000000006355,-412.70378137622583
2.590000000000633,-427.2583362905482
2.591000000000631,-399.9891214699415
2.5920000000006285,-333.56553179360515
2.593000000000626,-234.48971687041225
2.594000000000624,-112.46008275978973
2.5950000000006215,20.578073093396178
2.596000000000619,151.6018613671191
2.597000000000617,267.78557753507556
2.5980000000006145,357.7561760478918
2.599000000000612,412.7065519909863
2.60000000000061,427.25765678908107
2.6010000000006075,399.98505676093373
2.602000000000605,333.5583864304517
2.603000000000603,234.48003908648946
2.6040000000006005,112.44866710541106
2.605000000000598,-20.590206127283487
2.606000000000596,-151.6135285453554
2.6070000000005935,-267.795546639968
2.608000000000591,-357.76331983224577
2.609000000000589,-412.71001457138993
2.6100000000005865,-427.25699491735196
2.611000000000584,-399.9803203983258
2.612000000000582,-333.55011679944846
2.6130000000005795,-234.46918354890565
2.614000000000577,-112.43643173195804
2.615000000000575,20.60253078045297
2.6160000000005725,151.62472984268902
2.61700000000057,267.80461076788777
2.618000000000568,357.7694985971262
2.6190000000005655,412.7128440841929
2.620000000000563,427.2562853483885
2.621000000000561,399.97613925143605
2.6220000000005586,333.5427810165563
2.623000000000556,234.45926189057596
2.624000000000554,112.42474461036176
2.6250000000005516,-20.614935045656523
2.6260000000005492,-151.63664149536956
2.627000000000547,-267.8147750218748
2.6280000000005446,-357.7767713217098
2.6290000000005422,-412.7163590255678
2.63000000000054,-427.2555955580828
2.6310000000005376,-399.971297458251
2.6320000000005352,-333.53433735419577
2.633000000000533,-234.44817838572294
2.6340000000005306,-112.41224715568062
2.6350000000005283,20.627531973014545
2.636000000000526,151.64809898491868
2.6370000000005236,267.8240531134579
2.6380000000005213,357.7830988064275
2.639000000000519,412.7192551868885
2.6400000000005166,427.2548624284452
2.6410000000005143,399.9670044691571
2.642000000000512,333.52681334035657
2.6430000000005096,234.43801236876251
2.6440000000005073,112.40028541515292
2.645000000000505,-20.640212997366405
2.6460000000005026,-151.66026245813273
2.6470000000005003,-267.8344209124438
2.648000000000498,-357.79050902342476
2.6490000000004956,-412.7228302850147
2.6500000000004933,-427.25415093488954
2.651000000000491,-399.9620612394992
2.6520000000004886,-333.51819702927037
2.6530000000004863,-234.42669956054075
2.654000000000484,-112.38752199746686
2.6550000000004816,20.653088205354834
2.6560000000004793,151.6719836558339
2.657000000000477,267.8439212474283
2.6580000000004746,357.7969934648638
2.6590000000004723,412.72580048995144
2.66000000000047,427.25340007312576
2.6610000000004677,399.95766008421975
2.6620000000004653,333.5104859176594
2.663000000000463,234.41628762825027
2.6640000000004607,112.3752815148037
2.6650000000004583,-20.666052282330845
2.666000000000456,-151.68440677615393
2.6670000000004537,-267.8545011359633
2.6680000000004513,-357.8045495347207
2.669000000000449,-412.72944303713336
2.6700000000004467,-427.25267233901036
2.6710000000004444,-399.952618498889
2.672000000000442,-333.5016973708803
2.6730000000004397,-234.40474326326958
2.6740000000004374,-112.36224748831027
2.675000000000435,20.67921230581959
2.6760000000004327,151.6963994346521
2.6770000000004304,267.86423191661083
2.678000000000428,357.8111987905
2.6790000000004257,412.73249404546766
2.6800000000004234,427.2519087569898
2.681000000000421,399.9481119494803
2.6820000000004187,333.4937994073604
2.6830000000004164,234.39408308942907
2.684000000000414,112.34972357640066
2.6850000000004117,-20.692466024205043
2.6860000000004094,-151.70909002272018
2.687000000000407,-267.8750321344286
2.6880000000004047,-357.81890850628105
2.6890000000004024,-412.7362105700673
2.6900000000004,-427.25116937233355
2.6910000000003977,-399.9429742077214
2.6920000000003954,-333.48483824777225
2.693000000000393,-234.38230430526298
2.6940000000003907,-112.33641393684579
2.6950000000003884,20.705917464230833
2.696000000000386,151.72136165965512
2.6970000000003838,267.8850010513535
2.6980000000003814,357.82572970094014
2.699000000000379,412.7393482679653
2.7000000000003768,427.25039716490113
2.7010000000003744,399.9383641792091
2.702000000000372,333.4767529791424
2.7030000000003698,234.37139310388756
2.7040000000003674,112.32360174346628
2.705000000000365,-20.71946726024942
2.706000000000363,-151.73432707887918
2.7070000000003605,-267.89602912353826
2.708000000000358,-357.8335999603941
2.709000000000356,-412.7431443205395
2.7100000000003535,-427.2496497676283
2.711000000000351,-399.9331316599488
2.712000000000349,-333.46761823389073
2.7130000000003465,-234.35937673595242
2.714000000000344,-112.31001151554963
2.715000000000342,20.733216355940947
2.7160000000003395,151.7468845512543
2.717000000000337,267.9062429746306
2.718000000000335,357.8405991869844
2.7190000000003325,412.7463735332917
2.72000000000033,427.24887205422493
2.721000000000328,399.92841928478794
2.7220000000003255,333.4593447060291
2.723000000000323,234.3482115617949
2.724000000000321,112.29690639464646
2.7250000000003185,-20.747068109442854
2.726000000000316,-151.76013131199466
2.727000000000314,-267.9175053636262
2.7280000000003115,-357.8486357268348
2.729000000000309,-412.7502535281102
2.730000000000307,-427.2481192929861
2.7310000000003045,-399.92309263308726
2.732000000000302,-333.45003500591673
2.7330000000003,-234.33595443380455
2.7340000000002975,-112.28303098297776
2.735000000000295,20.76112036265768
2.736000000000293,151.77298045456885
2.7370000000002905,267.92796974255833
2.738000000000288,357.8558178158104
2.739000000000286,412.753577891392
2.7400000000002835,427.24733820204307
2.741000000000281,399.9182783587621
2.742000000000279,333.4415719622885
2.7430000000002766,234.3245324598555
2.744000000000274,112.26962882197986
2.745000000000272,-20.775279054268815
2.7460000000002696,-151.78651389089174
2.7470000000002672,-267.93947157647
2.748000000000265,-357.86402501764155
2.7490000000002626,-412.7575450083789
2.7500000000002602,-427.24658174213477
2.751000000000258,-399.9128575928194
2.7520000000002556,-333.4320857366975
2.7530000000002532,-234.3120316451948
2.754000000000251,-112.25546431074469
2.7550000000002486,20.789638922970273
2.7560000000002463,151.79965923340058
2.757000000000244,267.95019064263187
2.7580000000002416,357.87139338117566
2.7590000000002393,412.76096690130817
2.760000000000237,427.24579843788354
2.7610000000002346,399.90794129655995
2.7620000000002323,333.42343180781666
2.76300000000023,234.30035040526607
2.7640000000002276,112.24176180001007
2.7650000000002253,-20.804108365770027
2.766000000000223,-151.81348326357755
2.7670000000002206,-267.9619355283011
2.7680000000002183,-357.87977415530713
2.769000000000216,-412.765023050304
2.7700000000002136,-427.245039007754
2.7710000000002113,-399.90242592884334
2.772000000000209,-333.41376746636814
2.7730000000002066,-234.2876034484167
2.7740000000002043,-112.2273051901929
2.775000000000202,20.81877903604079
2.7760000000001996,151.82692783631444
2.7770000000001973,267.9729118640851
2.778000000000195,357.88733071054304
2.7790000000001926,412.7685435904291
2.7800000000001903,427.24425375504865
2.781000000000188,399.89740704419216
2.7820000000001857,333.40492134206715
2.7830000000001833,234.27566103584158
2.784000000000181,112.21330002616278
2.7850000000001787,-20.833561690168256
2.7860000000001763,-151.84104481365813
2.787000000000174,-267.9849017896027
2.7880000000001717,-357.8958864586759
2.7890000000001693,-412.7726894363344
2.790000000000167,-427.24349122894483
2.7910000000001647,-399.8917962113994
2.7920000000001624,-333.3950774356673
2.79300000000016,-234.2626661261194
2.7940000000001577,-112.19854940274784
2.7950000000001554,20.84854493381741
2.796000000000153,151.85479004435575
2.7970000000001507,267.99613634765376
2.7980000000001484,357.903631629098
2.799000000000146,412.7763085334806
2.8000000000001437,427.24270349219216
2.8010000000001414,399.88667385950885
2.802000000000139,333.38603801342805
2.8030000000001367,234.25046134174445
2.8040000000001344,112.18424041866167
2.805000000000132,-20.863641806940095
2.8060000000001297,-151.86920070050328
2.8070000000001274,-268.0083716732802
2.808000000000125,-357.91236228304706
2.8090000000001227,-412.7805435774409
2.8100000000001204,-427.24193700346524
2.811000000000118,-399.88096645398497
2.8120000000001157,-333.376013368789
2.8130000000001134,-234.2372174348223
2.814000000000111,-112.16919504484814
2.8150000000001087,20.878937925429113
2.8160000000001064,151.88324640240498
2.817000000000104,268.0198638094852
2.8180000000001018,357.9202950726292
2.8190000000000994,412.7842600401581
2.820000000000097,427.24114557288044
2.8210000000000948,399.87573957420835
2.8220000000000924,333.3667798731901
2.82300000000009,234.22474988146652
2.8240000000000878,112.15458226861847
2.8250000000000854,-20.894348558725287
2.826000000000083,-151.89794987876215
2.827000000000081,-268.0323433415284
2.8280000000000785,-357.92919920238126
2.829000000000076,-412.78858274938
2.830000000000074,-427.2403736505529
2.8310000000000715,-399.86993437177637
2.832000000000069,-333.3565736960939
2.833000000000067,-234.21125676609054
2.8340000000000645,-112.13924260775909
2.835000000000062,20.9099564094804
2.83600000000006,151.91229432348442
2.8370000000000575,268.0440909272085
2.838000000000055,357.9373173347831
2.839000000000053,412.7923944356781
2.8400000000000505,427.23957678717596
2.841000000000048,399.86460184524384
2.842000000000046,333.3471457664231
2.8430000000000435,234.19852688837253
2.844000000000041,112.12432724943616
2.845000000000039,-20.925678943070725
2.8460000000000365,-151.927288283076
2.847000000000034,-268.05681206535706
2.848000000000032,-357.9463923157751
2.8490000000000295,-412.7968024124373
2.850000000000027,-427.2387975085841
2.851000000000025,-399.85869762336927
2.8520000000000225,-333.3367577123678
2.85300000000002,-234.18478520039554
2.854000000000018,-112.10869491897628
2.8550000000000155,20.94159604138026
2.856000000000013,151.9419283489135
2.857000000000011,268.06881166659286
2.8580000000000085,357.9546924262745
2.859000000000006,412.80070641416
2.860000000000004,427.2379931015022
2.8610000000000015,399.85325838471147
2.861999999999999,333.3271354557933
2.862999999999997,234.17179444804043
2.8639999999999946,112.09348031181808
2.864999999999992,-20.95762572366494
2.86599999999999,-151.95720737158828
2.8669999999999876,-268.08176921728597
2.8679999999999852,-357.96393539877477
2.868999999999983,-412.8052005199356
2.8699999999999806,-427.23721241877786
2.8709999999999782,-399.84726667606236
2.871999999999976,-333.31658200423857
2.8729999999999736,-234.15782363908383
2.8739999999999712,-112.07757356818216
2.874999999999969,20.973838556438217
2.8759999999999666,151.97213822631713
2.8769999999999643,268.09402852768216
2.877999999999962,357.9724382602302
2.8789999999999596,412.8092307468517
2.8799999999999573,427.2364447122394
2.880999999999955,399.8417706845149
2.8819999999999526,333.30681499496427
2.8829999999999503,234.14461359022064
2.883999999999948,112.06208534096609
2.8849999999999456,-20.990171041543974
2.8859999999999433,-151.98772143028665
2.886999999999941,-268.1072635115568
2.8879999999999386,-357.98190585568096
2.8889999999999363,-412.8138747174787
2.889999999999934,-427.2357231991055
2.8909999999999316,-399.8357392853799
2.8919999999999293,-333.2961239725914
2.892999999999927,-234.13041869795495
2.8939999999999246,-112.04589033622631
2.8949999999999223,21.006707033104718
2.89599999999992,152.00297536958178
2.8969999999999176,268.11980886997486
2.8979999999999153,357.9906257508989
2.898999999999913,412.81802711890305
2.8999999999999106,427.234968804162
2.9009999999999083,399.8301466911334
2.901999999999906,333.2861626304924
2.9029999999999037,234.11694065004662
2.9039999999999013,112.03009218737395
2.904999999999899,-21.02335539302168
2.9059999999998967,-152.0188456859211
2.9069999999998943,-268.13327285761335
2.907999999999892,-358.00024175075174
2.9089999999998897,-412.8227264823106
2.9099999999998873,-427.2342066480017
2.910999999999885,-399.8239848690521
2.9119999999998827,-333.27526576887146
2.9129999999998804,-234.10248511069176
2.913999999999878,-112.01360705088672
2.9149999999998757,21.040182827351423
2.9159999999998734,152.03436362369547
2.916999999999871,268.14602808811406
2.9179999999998687,358.0090956703322
2.9189999999998664,412.82692287150064
2.919999999999864,427.2334014440455
2.9209999999998617,399.81825212619543
2.9219999999998594,333.26509002316334
2.922999999999857,234.08874123919773
2.9239999999998547,111.99751935599252
2.9249999999998524,-21.057115232794626
2.92599999999985,-152.05048498326457
2.9269999999998477,-268.1596869999087
2.9279999999998454,-358.018833566088
2.928999999999843,-412.8316613528149
2.9299999999998407,-427.23259327028137
2.9309999999998384,-399.8119639452197
2.931999999999836,-333.2539978742971
2.9329999999998337,-234.07403877183475
2.9339999999998314,-111.98075777814032
2.934999999999829,21.074223116397167
2.9359999999998267,152.0662605051396
2.9369999999998244,268.1726512400813
2.937999999999822,358.02782620504723
2.9389999999998198,412.8359111668358
2.9399999999998174,427.2317500050464
2.940999999999815,399.80610530830023
2.9419999999998128,333.24362159214
2.9429999999998104,234.06004081531646
2.943999999999808,111.96438877937821
2.9449999999998058,-21.091435682082754
2.9459999999998034,-152.08263366470942
2.946999999999801,-268.18651020220733
2.947999999999799,-358.03769474490673
2.9489999999997965,-412.8407000459028
2.949999999999794,-427.2309083523291
2.950999999999792,-399.7997032665336
2.9519999999997895,-333.23234543026433
2.952999999999787,-234.04510050621042
2.953999999999785,-111.9473569824525
2.9549999999997825,21.10882101769712
2.95599999999978,152.09866704712144
2.956999999999778,268.19968676661574
2.9579999999997755,358.0468319808806
2.958999999999773,412.84501106650134
2.959999999999771,427.23003593418645
2.9609999999997685,399.79372794333165
2.961999999999766,333.22177731459016
2.962999999999764,234.03085594953265
2.9639999999997615,111.9307123841798
2.964999999999759,-21.126310188236335
2.965999999999757,-152.11529075375358
2.9669999999997545,-268.2137467702182
2.967999999999752,-358.05683415672434
2.96899999999975,-412.8498549494209
2.9699999999997475,-427.22916654518355
2.970999999999745,-399.78721840110103
2.971999999999743,-333.210323600751
2.9729999999997405,-234.01568387770504
2.973999999999738,-111.91341563895477
2.974999999999736,21.1439688673915
2.9759999999997335,152.13157931934444
2.976999999999731,268.2271345822554
2.977999999999729,358.0661165703557
2.9789999999997265,412.85422934656305
2.979999999999724,427.2282685370431
2.980999999999722,399.78113103118767
2.9819999999997195,333.19956895532107
2.982999999999717,234.00119821835466
2.983999999999715,111.89650065081523
2.9849999999997125,-21.161730164363934
2.98599999999971,-152.14845018873535
2.986999999999708,-268.24139358912765
2.9879999999997056,-358.07625181610706
2.9889999999997032,-412.8591291400597
2.989999999999701,-427.2273736766098
2.9909999999996986,-399.7745173989194
2.9919999999996962,-333.18794195337887
2.992999999999694,-233.98579914824032
2.9939999999996916,-111.87894382872247
2.9949999999996892,21.17965761991111
2.995999999999687,152.1649900744691
2.9969999999996846,268.2549898441845
2.9979999999996823,358.08567793188416
2.99899999999968,412.8635669195869
2.9999999999996776,161.56303509565498
3.0009999999996753,36.373694073223426
3.001999999999673,-9.711578054393133
3.0029999999996706,87.77410928310975
3.0039999999996683,-89.71630803779959
3.004999999999666,-73.76841649916004
3.0059999999996636,-39.59940211286286
3.0069999999996613,-123.71521344636083
3.007999999999659,-79.7095986530978
3.0089999999996566,-62.67542880010263
3.0099999999996543,-81.97435136194638
3.010999999999652,-30.071691301845608
3.0119999999996496,-11.009300037701284
3.0129999999996473,7.019972983240024
3.013999999999645,50.91342680003653
3.0149999999996426,66.98508320108967
3.0159999999996403,78.56224489823917
3.016999999999638,93.63138362271073
3.0179999999996356,85.45072466402836
3.0189999999996333,76.8970585038014
3.019999999999631,64.1659874783127
3.0209999999996286,39.176875435257806
3.0219999999996263,13.79533911360529
3.022999999999624,-14.469012013119213
3.0239999999996217,-44.62335129168671
3.0249999999996193,-66.90002656316902
3.025999999999617,-82.18886955620525
3.0269999999996147,-89.50185783932828
3.0279999999996123,-86.80460311963995
3.02899999999961,-77.90194643893575
3.0299999999996077,-62.53519731465201
3.0309999999996053,-40.651154826044625
3.031999999999603,-14.324456429542456
3.0329999999996007,14.770877841433308
3.0339999999995984,43.32956253377145
3.034999999999596,66.58166634029256
3.0359999999995937,82.13606079975985
3.0369999999995914,88.75740140918379
3.037999999999589,86.91702544771942
3.0389999999995867,77.9661976911148
3.0399999999995844,62.56031474903467
3.040999999999582,41.12914884391801
3.0419999999995797,14.824865792975896
3.0429999999995774,-14.271024010535687
3.043999999999575,-42.59225264089191
3.0449999999995727,-66.05933120995108
3.0459999999995704,-81.7044898325416
3.046999999999568,-88.42823094945845
3.0479999999995657,-86.83261293880001
3.0489999999995634,-78.03848289888533
3.049999999999561,-62.7969845770453
3.0509999999995587,-41.604026607597525
3.0519999999995564,-15.451012095324952
3.052999999999554,13.521210536931667
3.0539999999995517,41.791033905122156
3.0549999999995494,65.35051196249512
3.055999999999547,81.13756632025401
3.0569999999995447,88.05003639456442
3.0579999999995424,86.66118928012132
3.05899999999954,78.07194207704602
3.0599999999995378,63.045657788321805
3.0609999999995354,42.08624866131748
3.061999999999533,16.133971971399767
3.0629999999995308,-12.690306747786865
3.0639999999995284,-40.9229167307554
3.064999999999526,-64.56433803856764
3.0659999999995238,-80.52451370655581
3.0669999999995214,-87.65485008779757
3.067999999999519,-86.49753315821395
3.068999999999517,-78.14404991059733
3.0699999999995145,-63.36748176296378
3.070999999999512,-42.66489531169434
3.07199999999951,-16.94614669624977
3.0729999999995075,11.716350164773766
3.073999999999505,39.90825625029389
3.074999999999503,63.643663308143545
3.0759999999995005,79.80146693412154
3.076999999999498,87.17760852248203
3.077999999999496,86.27681765353472
3.0789999999994935,78.18380780387506
3.079999999999491,63.68110436000061
3.080999999999489,43.26075479754651
3.0819999999994865,17.80166680061647
3.082999999999484,-10.679624762925913
3.083999999999482,-38.8228994092155
3.0849999999994795,-62.660362495914136
3.085999999999477,-79.03652846684759
3.086999999999475,-86.68673740605736
3.0879999999994725,-86.0717924459023
3.08899999999947,-78.2678833366777
3.089999999999468,-64.06609101987635
3.0909999999994655,-43.95405334263481
3.091999999999463,-18.776404414736636
3.092999999999461,9.51079010619762
3.0939999999994585,37.60580134154895
3.094999999999456,61.559497644121336
3.095999999999454,78.17787595661277
3.0969999999994515,86.12811989203306
3.097999999999449,85.82210322239342
3.098999999999447,78.32735854401334
3.0999999999994445,64.44558935342667
3.100999999999442,44.662027356567016
3.10199999999944,19.785863219645208
3.1029999999994375,-8.291177835462127
3.103999999999435,-36.33159585483526
3.104999999999433,-60.408697988586184
3.1059999999994305,-77.28884436349722
3.106999999999428,-85.56535760905642
3.107999999999426,-180.94543178303118
3.1089999999994236,-324.6108773057154
3.1099999999994212,-343.8076199253576
3.110999999999419,-324.89091242462536
3.1119999999994166,-280.92413540766194
3.1129999999994142,-196.57435412909152
3.113999999999412,-97.70720064833809
3.1149999999994096,27.960316908959218
3.1159999999994072,154.62112918320193
3.116999999999405,263.5685255438759
3.1179999999994026,359.64824909017227
3.1189999999994003,415.8708635743683
3.119999999999398,442.7058661959428
3.1209999999993956,423.40495578918876
3.1219999999993933,369.04940756606703
3.122999999999391,279.38937114224996
3.1239999999993886,164.86340336171432
3.1249999999993863,37.219962891993205
3.125999999999384,-94.13052572929783
3.1269999999993816,-212.737820344196
3.1279999999993793,-311.3833652340175
3.128999999999377,-376.81777350270124
3.1299999999993746,-405.8950516438237
3.1309999999993723,-393.7483782679875
3.13199999999937,-342.9276290941655
3.1329999999993676,-258.06868635479003
3.1339999999993653,-147.27349472342902
3.134999999999363,-22.08668238866147
3.1359999999993606,106.22254595687967
3.1369999999993583,224.10914442666626
3.137999999999356,320.996437079787
3.1389999999993536,386.687965412721
3.1399999999993513,415.2769167071787
3.140999999999349,403.688972646502
3.1419999999993466,353.11419393901065
3.1429999999993443,268.5364057299752
3.143999999999342,157.98411115134596
3.1449999999993397,32.4323858671753
3.1459999999993373,-96.17447777203223
3.146999999999335,-215.12478144941514
3.1479999999993327,-313.04961827550227
3.1489999999993303,-380.3353589312705
3.149999999999328,-410.5263669863297
3.1509999999993257,-400.7026501802377
3.1519999999993233,-351.818680306601
3.152999999999321,-268.69739209634776
3.1539999999993187,-159.37867164882238
3.1549999999993164,-34.56729633121623
3.155999999999314,93.64405920535765
3.1569999999993117,212.74009564389073
3.1579999999993094,311.1638177597468
3.158999999999307,379.3322114390142
3.1599999999993047,410.62066970501087
3.1609999999993024,402.00049125461527
3.1619999999993,354.30463800780313
3.1629999999992977,272.19507977590234
3.1639999999992954,163.64947541059442
3.164999999999293,39.24271514138729
3.1659999999992907,-88.93339430331251
3.1669999999992884,-208.40742732304273
3.167999999999286,-307.56584244624946
3.1689999999992837,-376.77066087273
3.1699999999992814,-409.2957917558944
3.170999999999279,-401.9890228995512
3.1719999999992767,-355.5648410631296
3.1729999999992744,-274.54988928169604
3.173999999999272,-166.82799247216383
3.1749999999992697,-42.88575695862903
3.1759999999992674,85.21690343926683
3.176999999999265,205.01439673085994
3.1779999999992627,304.85081922573363
3.1789999999992604,375.014625973629
3.179999999999258,408.6811197965755
3.1809999999992558,402.5797841671241
3.1819999999992534,357.3080931792912
3.182999999999251,277.2763930058566
3.1839999999992488,170.27509640436256
3.1849999999992464,46.71851818072662
3.185999999999244,-81.36983146283158
3.1869999999992418,-201.52634679093768
3.1879999999992394,-302.05938696167755
3.188999999999237,-373.1870847221551
3.189999999999235,-407.9879810648193
3.1909999999992325,-403.0756090938694
3.19199999999923,-358.92753869044134
3.192999999999228,-279.84028567618014
3.1939999999992255,-173.51127828679014
3.194999999999223,-50.29045582211353
3.195999999999221,77.82708891069898
3.1969999999992185,198.3689217082399
3.197999999999216,299.5995691425629
3.198999999999214,371.6635526499851
3.1999999999992115,407.54480346921804
3.200999999999209,403.74991683514133
3.201999999999207,360.6478659541011
3.2029999999992045,282.4339585397941
3.203999999999202,176.72122290428942
3.2049999999992,53.799448173628676
3.2059999999991975,-74.3660478065061
3.206999999999195,-195.29861388734426
3.207999999999193,-297.2241500494442
3.2089999999991905,-370.21700028107165
3.209999999999188,-407.1662733593282
3.210999999999186,-404.46880180087925
3.2119999999991835,-362.3809903860786
3.212999999999181,-284.9951524616834
3.213999999999179,-179.8422330523336
3.2149999999991765,-57.15931683030306
3.215999999999174,71.10691178151461
3.216999999999172,192.4637585071985
3.2179999999991695,295.0896345659176
3.218999999999167,368.98598659097854
3.219999999999165,406.9515799681196
3.2209999999991625,405.2841683666274
3.22199999999916,364.1412029321818
3.222999999999158,287.52460136419296
3.2239999999991555,182.89123703519644
3.224999999999153,60.4272062472927
3.225999999999151,-67.94343499107565
3.2269999999991485,-189.71909228631947
3.227999999999146,-293.0374524315914
3.228999999999144,-367.8304987416841
3.2299999999991416,-406.80542955800416
3.2309999999991392,-406.1559836460089
3.231999999999137,-365.9347177843773
3.2329999999991346,-290.04964215165126
3.2339999999991322,-185.88514082914
3.23499999999913,-63.58375142428267
3.2359999999991276,64.94142375134263
3.2369999999991252,187.16746626168378
3.237999999999123,291.18228739213515
3.2389999999991206,366.8459842842964
3.2399999999991183,406.7795062081907
3.240999999999116,407.08416479840184
3.2419999999991136,367.7218924695003
3.2429999999991113,292.51932760442526
3.243999999999109,188.79549950085897
3.2449999999991066,66.64949929447845
3.2459999999991043,-62.022483177882094
3.246999999999102,-184.68516874149873
3.2479999999990996,-289.3847134640547
3.2489999999990973,-365.9131410795305
3.249999999999095,-406.80343819883456
3.2509999999990926,-408.05837347525096
3.2519999999990903,-369.5418258270615
3.252999999999088,-294.9941166756144
3.2539999999990856,-191.6694110260382
3.2549999999990833,-69.63014110078134
3.255999999999081,59.23300210604973
3.2569999999990786,182.36000384461283
3.2579999999990763,287.74625455070066
3.258999999999074,365.11342700034396
3.2599999999990716,406.91211726437905
3.2609999999990693,409.0583713334341
3.261999999999067,371.33230732157006
3.2629999999990646,297.4001015701934
3.2639999999990623,194.45735920038913
3.26499999999906,72.52873186055402
3.2659999999990577,-56.50798925278633
3.2669999999990553,-180.07838389395553
3.267999999999053,-286.1361060175725
3.2689999999990507,-364.3367329796372
3.2699999999990483,-407.0465617035047
3.270999999999046,-410.08803902572635
3.2719999999990437,-373.14895469386386
3.2729999999990413,-299.8151192265241
3.273999999999039,-197.2228794375344
3.2749999999990367,-75.36494561702958
3.2759999999990344,53.8830263566337
3.276999999999032,177.92020961772135
3.2779999999990297,284.64968093267123
3.2789999999990274,363.65868210348384
3.279999999999025,407.2347247783069
3.2809999999990227,411.1183095969949
3.2819999999990204,374.9188628023655
3.282999999999018,302.1534553346824
3.2839999999990157,199.9046912885438
3.2849999999990134,78.13122243771474
3.285999999999011,-51.3019272200764
3.2869999999990087,-175.77888896382595
3.2879999999990064,-283.1619865991264
3.288999999999004,-362.97478596546557
3.2899999999990017,-407.4240336399334
3.2909999999989994,-412.16086632541993
3.291999999998997,-376.7068607622288
3.2929999999989947,-304.5029884768689
3.2939999999989924,-202.57623421302557
3.29499999999899,-80.85597879299098
3.2959999999989877,48.7934283262425
3.2969999999989854,173.7295824434674
3.297999999998983,281.76542305055546
3.2989999999989807,362.3585532564859
3.2999999999989784,407.6402215401379
3.300999999998976,413.18345442334055
3.3019999999989738,378.4354215536225
3.3029999999989714,306.7719881050087
3.303999999998969,205.16930049897
3.3049999999989668,83.52453969133465
3.3059999999989644,-46.30795174058007
3.306999999998962,-171.6713718814345
3.3079999999989598,-280.3397041997195
3.3089999999989574,-361.7095745169105
3.309999999998955,-407.83472064226794
3.310999999998953,-414.2022222787132
3.3119999999989505,-380.17459014132487
3.312999999998948,-309.0542136451728
3.313999999998946,-207.7634190150122
3.3149999999989435,-86.17093602386284
3.315999999998941,43.8697727119456
3.316999999998939,169.6765413016674
3.3179999999989365,278.97595684171665
3.318999999998934,361.10126081647167
3.319999999998932,408.03358200085336
3.3209999999989295,415.18477916715693
3.321999999998927,381.84553124681554
3.322999999998925,311.2550952782706
3.3239999999989225,210.28610317252765
3.32499999999892,88.77525906227015
3.325999999998918,-41.43480499955642
3.3269999999989155,-167.6492537155108
3.327999999998913,-277.55814094697064
3.328999999998911,-360.4365486415427
3.3299999999989085,-408.190956413821
3.330999999998906,-416.1498277278027
3.331999999998904,-383.5211167574941
3.3329999999989015,-313.47170122400837
3.333999999998899,-212.8205433871931
3.334999999998897,-91.37511177560796
3.3359999999988945,39.02444145004875
3.336999999998892,165.6601280722299
3.33799999999889,276.17716881441214
3.3389999999988875,359.7898942774971
3.339999999998885,408.33459953213
3.340999999998883,417.06649161530896
3.3419999999988805,385.12299096809136
3.342999999998878,315.6083287248996
3.343999999998876,215.29137534237717
3.3449999999988735,93.94630876545318
3.345999999998871,-36.5995719117746
3.346999999998869,-163.61818675967973
3.3479999999988665,-274.7210754351403
3.348999999998864,-359.0672048246823
3.349999999998862,-408.4206197448657
3.3509999999988596,-417.9548303843653
3.3519999999988572,-386.72530876824015
3.352999999998855,-317.76365496513137
3.3539999999988526,-217.78381551043938
3.3549999999988502,-96.52862773024046
3.355999999998848,34.179791712801524
3.3569999999988456,161.5931936654063
3.3579999999988432,273.2812135051368
3.358999999998841,358.3446256361409
3.3599999999988386,408.479216428743
3.3609999999988363,418.78634280052677
3.361999999998834,388.25111562754523
3.3629999999988316,319.8417082102146
3.3639999999988293,220.22030468913474
3.364999999998827,99.0940348229274
3.3659999999988246,-31.730781167815973
3.3669999999988223,-159.49898739463305
3.36799999999882,-271.7496351607777
3.3689999999988176,-357.5308003545476
3.3699999999988153,-408.46793416010894
3.370999999998813,-419.581612395887
3.3719999999988106,-389.7747735413369
3.3729999999988083,-321.9415911854925
3.373999999998806,-222.68694965486026
3.3749999999988036,-101.6835188966391
3.3759999999988013,29.27107135351881
3.376999999998799,157.40499716650515
3.3779999999987966,270.21851538749314
3.3789999999987943,356.70390077382933
3.379999999998792,408.41978199808017
3.3809999999987896,420.3149320090337
3.3819999999987873,391.2211718209125
3.382999999998785,323.9674649925916
3.3839999999987826,225.10429094286087
3.3849999999987803,104.26535137768106
3.385999999998778,-26.77110006190282
3.3869999999987757,-155.22989199324843
3.3879999999987733,-268.58388011152914
3.388999999998771,-355.7751057714815
3.3899999999987687,-408.29332069082284
3.3909999999987663,-421.0067712943641
3.391999999998764,-392.66408700316805
3.3929999999987617,-326.0180154350324
3.3939999999987593,-227.55854587303344
3.394999999998757,-106.8811009540759
3.3959999999987547,24.248781252179572
3.3969999999987524,153.04304772685626
3.39799999999875,266.9388995283386
3.3989999999987477,354.8247475904851
3.3999999999987454,408.12451753142807
3.400999999998743,421.63439957146807
3.4019999999987407,394.03045183221224
3.4029999999987384,327.99771466198246
3.403999999998736,229.9684744814388
3.4049999999987337,109.49539256284703
3.4059999999987314,-21.679310489830595
3.406999999998729,-150.76795709190444
3.4079999999987267,-265.1834896140865
3.4089999999987244,-353.76632052498957
3.409999999998722,-407.87256872297934
3.4109999999987197,-422.2176521894133
3.4119999999987174,-395.39286019127485
3.412999999998715,-330.0042434277176
3.4139999999987127,-232.4199077188567
3.4149999999987104,-112.15002284085253
3.415999999998708,19.080180031463986
3.4169999999987057,148.47401135146075
3.4179999999987034,263.41181409817403
3.418999999998701,352.68230523992764
3.4199999999986987,407.57642034601014
3.4209999999986964,422.7368419465324
3.421999999998694,396.68038767492055
3.4229999999986918,331.94248767610554
3.4239999999986894,234.8299054952011
3.424999999998687,114.80602193205392
3.4259999999986848,-16.431300394574443
3.4269999999986824,-146.08945264667608
3.42799999999868,-261.5275280631634
3.4289999999986778,-351.48825346980965
3.4299999999986754,-407.1955390238376
3.430999999998673,-423.2107331837947
3.431999999998671,-397.9640000383581
3.4329999999986685,-333.9087409088294
3.433999999998666,-237.28365236207324
3.434999999998664,-117.5053041318388
3.4359999999986615,13.749714085307787
3.436999999998659,143.68356621773253
3.437999999998657,259.6256363379175
3.4389999999986545,350.2686700849577
3.439999999998652,406.7717922099115
3.44099999999865,423.6227012987063
3.4419999999986475,399.174995617691
3.442999999998645,335.80841495692204
3.443999999998643,239.69662728369437
3.4449999999986405,120.2054222781427
3.445999999998638,-11.019919086845015
3.446999999998636,-141.18918021424358
3.4479999999986335,-257.6133076025121
3.448999999998631,-348.94086602692107
3.449999999998629,-406.2645618231203
3.4509999999986265,-423.9900709450342
3.451999999998624,-400.38239068660596
3.452999999998622,-337.73620264270465
3.4539999999986195,-242.1533037969624
3.454999999998617,-122.9484996689134
3.455999999998615,8.25829092947017
3.4569999999986125,138.67518970969357
3.45799999999861,255.58610737564504
3.458999999998608,347.5911561042716
3.4599999999986055,405.71852696515185
3.460999999998603,424.2992828712676
3.461999999998601,401.5198033770967
3.4629999999985985,339.5982013381671
3.463999999998596,244.5677722231646
3.464999999998594,125.68882028715956
3.4659999999985915,-5.453689932441991
3.466999999998589,-136.0787551141873
3.467999999998587,-253.45442429703326
3.4689999999985845,-346.13827943403976
3.469999999998582,-405.09264087538725
3.47099999999858,-424.56591073075884
3.4719999999985776,-402.6540782385929
3.4729999999985752,-341.4874205526461
3.473999999998573,-247.02387956531155
3.4749999999985706,-128.46896111653626
3.4759999999985682,2.6214623772481622
3.476999999998566,133.46797018527985
3.4779999999985636,251.31400196479092
3.4789999999985612,344.6700733926612
3.479999999998559,404.43424308397
3.4809999999985566,424.7794545523152
3.4819999999985543,403.7212734492099
3.482999999998552,343.31085497284596
3.4839999999985496,249.4345945734768
3.4849999999985473,131.24023351722886
3.485999999998545,0.24548276376664896
3.4869999999985426,-130.78399762735557
3.4879999999985403,-249.07810311053717
3.488999999998538,-343.1063539645841
3.4899999999985356,-403.7015286884556
3.4909999999985333,-424.95347250563486
3.491999999998531,-404.7859120733941
3.4929999999985286,-345.15983742155134
3.4939999999985263,-251.88331930159723
3.494999999998524,-134.04601037651867
3.4959999999985216,-3.1332833831982736
3.4969999999985193,128.09363462436198
3.497999999998517,246.84219428324658
3.4989999999985146,341.5361361925385
3.4999999999985123,402.9443079176159
3.50099999999851,425.08050232469355
3.5019999999985076,405.78662256003423
3.5029999999985053,346.9425064290862
3.503999999998503,254.28222259549497
3.5049999999985006,136.83499204360356
3.5059999999984983,6.045360053185271
3.506999999998496,-125.34166423370868
3.5079999999984937,-244.52203588183855
3.5089999999984913,-339.8799564460692
3.509999999998489,-402.11970685480696
3.5109999999984867,-425.171858395402
3.5119999999984843,-406.7855021338064
3.512999999998482,-348.74857164547905
3.5139999999984797,-256.7144866647622
3.5149999999984773,-139.65172862883816
3.515999999998475,-8.969826462073712
3.5169999999984727,122.59305442528631
3.5179999999984704,242.21232241148837
3.518999999998468,338.2276214036034
3.5199999999984657,401.2797788365237
3.5209999999984634,425.22306650595414
3.521999999998461,407.723867472704
3.5229999999984587,350.48756839966507
3.5239999999984564,259.09182524963603
3.524999999998454,142.44270404474855
3.5259999999984517,11.906843794161736
3.5269999999984494,-119.79580375388103
3.527999999998447,-239.83092908348706
3.5289999999984447,-336.5000423709315
3.5299999999984424,-400.3802937018221
3.53099999999844,-425.24299632366115
3.5319999999984377,-408.66130705859683
3.5329999999984354,-352.2476453877891
3.533999999998433,-261.497420268854
3.5349999999984307,-145.25401148211813
3.5359999999984284,-14.846976322320064
3.536999999998426,117.01252704080215
3.5379999999984237,237.47127707346985
3.5389999999984214,334.7874086741014
3.539999999998419,399.4752847968617
3.5409999999984167,425.2300722542048
3.5419999999984144,409.5419089085138
3.542999999998412,353.9399644024277
3.5439999999984098,263.8428649712161
3.5449999999984074,148.03031195370107
3.545999999998405,17.787537369336654
3.5469999999984028,-114.19403949434496
3.5479999999984004,-235.0529906939075
3.548999999998398,-333.0106883157689
3.5499999999983958,-398.51890876267703
3.5509999999983934,-425.1905409210876
3.551999999998391,-410.422674192156
3.552999999998389,-355.65115509492074
3.5539999999983864,-266.21151628896456
3.554999999998384,-150.8195476116187
3.555999999998382,-20.721954405629724
3.5569999999983795,111.40012846683227
3.557999999998377,232.66774210037212
3.558999999998375,331.26004107990707
3.5599999999983725,397.5668867845212
3.56099999999837,425.12558996451537
3.561999999998368,411.2504940081161
3.5629999999983655,357.2941883161317
3.563999999998363,268.5151436354622
3.564999999998361,153.56492021373577
3.5659999999983585,23.645077242721133
3.566999999998356,-108.58405769193507
3.567999999998354,-230.23657658275098
3.5689999999983515,-329.4562156304199
3.569999999998349,-396.57154399007857
3.570999999998347,-425.03868786715884
3.5719999999983445,-412.07970006628096
3.572999999998342,-358.95417972254216
3.57399999999834,-270.83738570984707
3.5749999999983375,-156.3164367331225
3.575999999998335,-26.553514197620842
3.576999999998333,105.80239430143612
3.5779999999983305,227.84899474170447
3.578999999998328,327.6889470648802
3.579999999998326,395.5899793220379
3.5809999999983235,424.9336058676537
3.581999999998321,412.85996008955675
3.582999999998319,360.54603131758756
3.5839999999983165,273.09042917521583
3.584999999998314,159.01615401314325
3.585999999998312,29.439989494457535
3.5869999999983095,-103.01053087124197
3.587999999998307,-225.42718771274437
3.588999999998305,-325.87854350098974
3.5899999999983025,-394.5725161961734
3.5909999999983,-424.8109082959104
3.591999999998298,-413.6428522116534
3.5929999999982956,-362.1533096694226
3.5939999999982932,-275.35822411991603
3.594999999998291,-161.71625594505434
3.5959999999982886,-32.30449695485816
3.5969999999982862,100.2615237987565
3.597999999998284,223.05813625877204
3.5989999999982816,324.1139563771132
3.5999999999982792,393.57731836213713
3.600999999998277,424.67673565672
3.6019999999982746,414.3807397576641
3.6029999999982723,363.69290777476505
3.60399999999827,277.55355409099053
3.6049999999982676,164.35791106717406
3.6059999999982653,35.137917189616
3.606999999998263,-97.51263290238091
3.6079999999982606,-220.66496459580986
3.6089999999982583,-322.3148961024343
3.609999999998256,-392.5525947878148
3.6109999999982536,-424.52866076778486
3.6119999999982513,-415.1223705902569
3.612999999998249,-365.24677610605596
3.6139999999982466,-279.7606387114181
3.6149999999982443,-166.9954901323594
3.615999999998242,-37.94371769841571
3.6169999999982396,94.81322440919106
3.6179999999982373,218.33187304336198
3.618999999998235,320.5692239999212
3.6199999999982326,391.5572752809124
3.6209999999982303,424.3749599749993
3.621999999998228,415.82268051417503
3.6229999999982256,366.7338047514657
3.6239999999982233,281.89298124373477
3.624999999998221,169.56947378321257
3.6259999999982186,40.71116087633917
3.6269999999982163,-92.12222394519536
3.627999999998214,-215.98277189405675
3.6289999999982117,-318.7959648098415
3.6299999999982093,-390.53740677412554
3.630999999998207,-424.21017670239684
3.6319999999982047,-416.52753177134764
3.6329999999982023,-368.23424517349764
3.6339999999982,-284.0349736290127
3.6349999999981977,-172.1363410702643
3.6359999999981953,-43.44716821657984
3.636999999998193,89.48523743394703
3.6379999999981907,213.69891376175434
3.6389999999981884,317.0816480691997
3.639999999998186,389.55241742001385
3.6409999999981837,424.04448934638265
3.6419999999981814,417.19428544767743
3.642999999998179,369.6689523329152
3.6439999999981767,286.1009168219523
3.6449999999981744,174.63603749664688
3.645999999998172,46.13955849510986
3.6469999999981697,-86.86271141298943
3.6479999999981674,-211.40491216355252
3.648999999998165,-315.3445950581565
3.6499999999981627,-388.5462142930555
3.6509999999981604,-423.8694328809308
3.651999999998158,-417.8658986924611
3.6529999999981557,-371.1163988876609
3.6539999999981534,-288.17524400386463
3.654999999998151,-177.127004243892
3.6559999999981487,-48.798596514916696
3.6569999999981464,84.29652081871909
3.657999999998144,209.17899692251157
3.6589999999981417,313.6698341289853
3.6599999999981394,387.5785016628451
3.660999999998137,423.696872196636
3.6619999999981347,418.5020062386445
3.6629999999981324,372.49935222862916
3.66399999999813,290.1731019877111
3.6649999999981278,179.54876846020582
3.6659999999981254,51.41079008160979
3.666999999998123,-81.74853795902473
3.6679999999981208,-206.94646102674275
3.6689999999981184,-311.9750326172972
3.669999999998116,-386.59113923346007
3.6709999999981138,-423.51541904474806
3.6719999999981114,-419.14268798523057
3.672999999998109,-373.8944468813939
3.673999999998107,-292.17882193763614
3.6749999999981044,-181.96154273949614
3.675999999998102,-53.98956631586333
3.6769999999981,79.25702077427258
3.6779999999980975,204.78252217271933
3.678999999998095,310.34362315317543
3.679999999998093,385.64394104647783
3.6809999999980905,423.3384430622883
3.681999999998088,419.74971378343247
3.682999999998086,375.22630667551823
3.6839999999980835,294.1084289452074
3.684999999998081,184.30452774187978
3.685999999998079,56.52022145958208
3.6869999999980765,-76.78521453585002
3.687999999998074,-202.6131813323408
3.688999999998072,-308.6927299268015
3.6899999999980695,-384.67687826205895
3.690999999998067,-423.15178223061065
3.691999999998065,-420.36036701723356
3.6929999999980625,-376.56970111615004
3.69399999999806,-296.04601430984866
3.694999999998058,-186.6394930338925
3.6959999999980555,-59.019114244598626
3.696999999998053,74.3679421645204
3.697999999998051,200.51073054117504
3.6989999999980485,307.1041681890608
3.699999999998046,383.7497695717217
3.700999999998044,422.9701734619395
3.7019999999980415,420.93843989982975
3.702999999998039,377.8510631091407
3.703999999998037,297.90850812429807
3.7049999999980345,188.90538740726683
3.705999999998032,61.47040173759118
3.70699999999803,-71.96980521079226
3.7079999999980275,-198.4019522427977
3.708999999998025,-305.4946826312428
3.709999999998023,-382.8009143709669
3.7109999999980205,-422.7768884585101
3.711999999998018,-421.5185512852983
3.712999999998016,-379.14330722251503
3.7139999999980136,-299.77964028513884
3.7149999999980112,-191.16531500645368
3.715999999998009,-63.89311162930679
3.7169999999980066,69.62242517898687
3.7179999999980042,196.356363084647
3.718999999998002,303.94451636359014
3.7199999999979996,381.8900920655443
3.7209999999979972,422.5879425588714
3.721999999997995,422.06643511898113
3.7229999999979926,380.3746428200499
3.7239999999979903,301.57727148250905
3.724999999997988,193.35803318889933
3.7259999999979856,66.27030994518884
3.7269999999979833,-67.29177512955069
3.727999999997981,-194.30163839379216
3.7289999999979786,-302.3702408735975
3.7299999999979763,-380.9541928046128
3.730999999997974,-422.38429482803787
3.7319999999979716,-422.61422024551166
3.7329999999979693,-381.616173447983
3.733999999997967,-303.38466854363674
3.7349999999979646,-195.5477600303898
3.7359999999979623,-68.62341249053046
3.73699999999796,65.00654553029771
3.7379999999979576,192.30472044290906
3.7389999999979553,300.8506299207046
3.739999999997953,380.0529688543613
3.7409999999979506,422.18319709215586
3.7419999999979483,423.12953385819793
3.742999999997946,382.7978671561872
3.7439999999979436,305.12064653791
3.7449999999979413,197.67310653294814
3.745999999997939,70.93441785532164
3.7469999999979366,-62.73412560843386
3.7479999999979343,-190.29432000662462
3.748999999997932,-299.302319266218
3.7499999999979297,-379.12219429567176
3.7509999999979273,-421.96357931341345
3.751999999997925,-423.64221755180955
3.7529999999979227,-383.9890848153524
3.7539999999979203,-306.86792477447386
3.754999999997918,-199.79919014709878
3.7559999999979157,-73.22684090725292
3.7569999999979133,60.50056876525263
3.757999999997911,188.3350430519883
3.7589999999979087,297.8027616214882
3.7599999999979064,378.2216531355959
3.760999999997904,421.7439279911365
3.7619999999979017,424.121770295954
3.7629999999978994,385.1215457284763
3.763999999997897,308.54629030996256
3.7649999999978947,201.86450148783186
3.7659999999978924,75.48161006439776
3.76699999999789,-58.274752619915404
3.7679999999978877,-186.35680259515357
3.7689999999978854,-296.2689133333257
3.769999999997883,-377.28631051113604
3.7709999999978807,-421.5014387303948
3.7719999999978784,-424.59595996808065
3.772999999997876,-386.26294775134187
3.7739999999978737,-310.23784118068113
3.7749999999978714,-203.93484976821878
3.775999999997869,-77.72404945134299
3.7769999999978667,56.080398996243915
3.7779999999978644,184.42212923751393
3.778999999997862,294.77708585070854
3.7799999999978597,376.37607539352575
3.7809999999978574,421.25586077672153
3.781999999997855,425.03615453889677
3.7829999999978527,387.3467574601303
3.7839999999978504,311.8633421966598
3.784999999997848,205.94860803823
3.7859999999978458,79.93398687398992
3.7869999999978434,-53.88797106358801
3.787999999997841,-182.4623216009208
3.7889999999978388,-293.24481841074487
3.7899999999978364,-375.42540807547124
3.790999999997834,-420.98294245223184
3.7919999999978318,-425.468254627796
3.7929999999978294,-388.43908683490014
3.793999999997827,-313.5041994923567
3.794999999997825,-207.97207630604882
3.7959999999978224,-82.13827169090197
3.79699999999782,51.7191643380223
3.797999999997818,180.53810408822284
3.7989999999978155,291.7474772361719
3.799999999997813,374.49445603510446
3.800999999997811,420.70374191529294
3.8019999999978085,425.8655038646608
3.802999999997806,389.4751423579014
3.803999999997804,315.0821450201948
3.8049999999978015,209.94348767044764
3.805999999997799,84.31557389300752
3.806999999997797,-49.54614499397205
3.8079999999977945,-178.58235205138905
3.808999999997792,-290.20343990979967
3.80999999999779,-373.51745994584854
3.8109999999977875,-420.392822643205
3.811999999997785,-426.25211937124334
3.812999999997783,-390.5195129481529
3.8139999999977805,-316.6778194589203
3.814999999997778,-211.92943922878675
3.815999999997776,-86.49399682136429
3.8169999999977735,47.38887530965353
3.817999999997771,176.65424619935808
3.818999999997769,288.68732417982545
3.8199999999977665,372.55492543802586
3.820999999997764,420.072604418144
3.821999999997762,426.60322830688347
3.8229999999977595,391.5091294581971
3.823999999997757,318.2138933906424
3.824999999997755,213.86797804535018
3.8259999999977525,88.65097310647208
3.82699999999775,-45.22135494300922
3.827999999997748,-174.68842752326512
3.8289999999977455,-287.1185823705717
3.829999999997743,-371.54112641337593
3.830999999997741,-419.7166903155028
3.8319999999977385,-426.94151389546505
3.832999999997736,-392.5070984215644
3.833999999997734,-319.7701627460247
3.8349999999977316,-215.82581466893527
3.8359999999977292,-90.81560972633169
3.836999999997727,43.06208151917383
3.8379999999977246,172.74277426507277
3.8389999999977222,285.57126637069706
3.83999999999772,370.53703927588674
3.8409999999977176,419.34891109426815
3.8419999999977152,427.2439900839556
3.842999999997713,393.45204980276657
3.8439999999977106,321.2701927009063
3.8449999999977083,217.74074599050985
3.845999999997706,92.96400816619605
3.8469999999977036,-40.887021915449
3.8479999999977013,-170.75386907313242
3.848999999997699,-283.9661097348161
3.8499999999976966,-369.4771813943486
3.8509999999976943,-418.9420871378559
3.851999999997692,-427.5319153334546
3.8529999999976896,-394.4056233045741
3.8539999999976873,-322.7928504085423
3.854999999997685,-219.67942766359303
3.8559999999976826,-95.12605871185217
3.8569999999976803,38.713441154837994
3.857999999997678,168.77849416136928
3.8589999999976756,282.37675378936615
3.8599999999976733,368.42309449128044
3.860999999997671,418.5214987416058
3.8619999999976686,427.78418612106015
3.8629999999976663,395.30811485263024
3.863999999997664,324.2625421356456
3.8649999999976616,221.57933342963844
3.8659999999976593,97.27643468295575
3.866999999997657,-36.519398954372036
3.8679999999976546,-166.75532644813572
3.8689999999976523,-280.7253811466874
3.86999999999765,-367.30970059261875
3.8709999999976477,-418.0593107223796
3.8719999999976453,-428.0207036583923
3.872999999997643,-396.21968932098883
3.8739999999976407,-325.7571217692544
3.8749999999976383,-223.50691786680278
3.875999999997636,-99.4456285131795
3.8769999999976337,34.32111246749663
3.8779999999976313,164.74021238417333
3.878999999997629,279.08533991964566
3.8799999999976267,366.1991748302675
3.8809999999976244,417.5822759107445
3.881999999997622,428.22223492295495
3.8829999999976197,397.08227200279595
3.8839999999976174,327.20178224926235
3.884999999997615,225.39926109242063
3.8859999999976127,101.60679747101253
3.8869999999976104,-32.09884017533057
3.887999999997608,-162.674043083216
3.8889999999976057,-277.3803848921976
3.8899999999976034,-365.0269534664016
3.890999999997601,-417.06198071220155
3.8919999999975987,-428.4073529068609
3.8929999999975964,-397.95452634115725
3.893999999997594,-328.6732854422581
3.8949999999975917,-227.32249969267093
3.8959999999975894,-103.7909019486807
3.896999999997587,29.867880511346595
3.8979999999975847,160.61183507503296
3.8989999999975824,275.68364295022997
3.89999999999758,363.85588120041825
3.9009999999975777,416.5266555313368
3.9019999999975754,428.5586768207397
3.902999999997573,398.77997266404446
3.9039999999975707,330.09756492080527
3.9049999999975684,229.21326370329254
3.905999999997566,105.96951626604074
3.9069999999975638,-27.610766726799874
3.9079999999975614,-158.4967738979081
3.908999999997559,-273.920516484103
3.9099999999975568,-362.6219675160211
3.9109999999975544,-415.9473397203395
3.911999999997552,-428.69344805291627
3.9129999999975498,-399.61573446989667
3.9139999999975474,-331.5502238988458
3.914999999997545,-231.13728973728547
3.915999999997543,-108.17398655781706
3.9169999999975404,25.341947516102547
3.917999999997538,156.38309327092279
3.918999999997536,272.1639339666319
3.9199999999975335,361.38872823697596
3.920999999997531,415.35372770970827
3.921999999997529,428.79611576767445
3.9229999999975265,400.4069004628093
3.923999999997524,332.9579071046206
3.924999999997522,233.03072505974498
3.9259999999975195,110.3742678361128
3.926999999997517,-23.046269514043917
3.927999999997515,-154.21630975134943
3.9289999999975125,-270.3409733780817
3.92999999999751,-360.0927584864311
3.930999999997508,-414.7163039611955
3.9319999999975055,-428.8825614513522
3.932999999997503,-401.2090105566683
3.933999999997501,-334.39500957086335
3.9349999999974985,-234.95886211178612
3.935999999997496,-112.60206282864326
3.936999999997494,20.73734035764007
3.9379999999974915,152.0498626863042
3.938999999997489,268.5243382883429
3.939999999997487,358.7982120263592
3.9409999999974845,414.0661952869776
3.941999999997482,428.93903983444056
3.94299999999748,401.96870666035227
3.9439999999974775,335.78887985247235
3.944999999997475,236.8573629440358
3.945999999997473,114.8257073455867
3.9469999999974705,-18.402317492193546
3.947999999997468,-149.83159214762287
3.948999999997466,-266.6427660416577
3.9499999999974635,-357.4422417946917
3.950999999997461,-413.37329215661117
3.951999999997459,-428.980026927689
3.9529999999974565,-402.73990193731095
3.953999999997454,-337.2126748523608
3.954999999997452,-238.79106861845327
3.9559999999974496,-117.07728131347697
3.9569999999974472,16.05392041149865
3.957999999997445,147.61407727738182
3.9589999999974426,264.7686628437393
3.9599999999974402,356.08957357191747
3.960999999997438,412.6701051098788
3.9619999999974356,428.9935574508398
3.9629999999974332,403.4707892417662
3.963999999997431,338.5944639098684
3.9649999999974286,240.69518617617038
3.9659999999974263,119.32353958696046
3.966999999997424,-13.681573831191406
3.9679999999974216,-145.34743302655417
3.9689999999974193,-262.8323707996767
3.969999999997417,-354.67785793531215
3.9709999999974146,-411.9258686230613
3.9719999999974123,-428.9926459902915
3.97299999999741,-404.2136160147153
3.9739999999974076,-340.0061550023451
3.9749999999974053,-242.63413058386263
3.975999999997403,-121.59700215378633
3.9769999999974006,11.297015032487474
3.9779999999973983,143.08326647881466
3.978999999997396,260.9058866458863
3.9799999999973936,353.27229780591597
3.9809999999973913,411.17441269074556
3.981999999997389,428.9670802104445
3.9829999999973866,404.918135599709
3.9839999999973843,341.3765780987426
3.984999999997382,244.54271504410866
3.9859999999973796,123.86291683685482
3.9869999999973773,-8.89185544784294
3.987999999997375,-140.7738836345755
3.9889999999973726,-258.9210720783066
3.9899999999973703,-351.8109576597736
3.990999999997368,-410.3842390908258
3.9919999999973657,-428.9283527128288
3.9929999999973633,-405.63489669672816
3.993999999997361,-342.7763975679481
3.9949999999973587,-246.48497862862112
3.9959999999973563,-126.15433798646785
3.996999999997354,6.476721175258355
3.9979999999973517,138.469772873596
3.9989999999973493,256.94937127726627
3.999999999997347,350.35939889308156
4.000999999997345,409.59041901770274
4.001999999997342,428.86797433768805
4.00299999999734,406.3152312710404
4.003999999997338,344.1352623811896
4.004999999997335,248.39542774208283
4.005999999997333,128.4351101272441
4.006999999997331,-4.0452997110218
4.007999999997328,-136.12532035110638
4.008999999997326,-254.92405885496763
4.009999999997324,-348.8560016689011
4.010999999997321,-408.7606378254007
4.011999999997319,-428.79585515960963
4.012999999997317,-407.0079624271866
4.013999999997314,-345.52260988823934
4.014999999997312,-250.33779116532983
4.01599999999731,-130.73893490062284
4.016999999997307,1.6069561563967152
4.017999999997305,133.78972737642306
4.018999999997303,252.9158625719002
4.0199999999973,347.3665496157455
4.020999999997298,407.9311176491523
4.021999999997296,428.70519496757703
4.022999999997293,407.666022970249
4.023999999997291,346.86897866724746
4.024999999997289,252.2463740350875
4.025999999997286,133.02837894945344
4.026999999997284,0.8426778913090922
4.027999999997282,-131.4193316582861
4.028999999997279,-250.85935132483206
4.029999999997277,-345.8296348032869
4.030999999997275,-407.0686436912776
4.031999999997272,-428.6042645322188
4.03299999999727,-408.3364890546357
4.033999999997268,-348.2426013402483
4.034999999997265,-254.18466576990645
4.035999999997263,-135.3379094678424
4.036999999997261,-3.2956544206971143
4.0379999999972584,129.06187102191763
4.038999999997256,248.82436270998622
4.039999999997254,344.3111161531372
4.0409999999972515,406.2104892232479
4.041999999997249,428.487912294796
4.042999999997247,408.97391580279805
4.0439999999972445,349.57498189825384
4.044999999997242,256.0868858977119
4.04599999999724,137.62895322287972
4.0469999999972375,5.754541525219272
4.047999999997235,-126.6754980178304
4.048999999997233,-246.746638612611
4.0499999999972305,-342.74969657698153
4.050999999997228,-405.3224618502472
4.051999999997226,-428.36271989373284
4.0529999999972235,-409.62361573761325
4.053999999997221,-350.93317098866584
4.054999999997219,-258.01635139802823
4.0559999999972165,-139.93685422179644
4.056999999997214,-8.2129569887271
4.057999999997212,124.30631561073164
4.0589999999972095,244.6949535834495
4.059999999997207,341.2111598104808
4.060999999997205,404.4427796515171
4.0619999999972025,428.2251370973251
4.0629999999972,410.24178276947066
4.063999999997198,352.24971237558316
4.0649999999971955,259.90731386455866
4.065999999997193,142.22204109487126
4.066999999997191,10.671815127722098
4.0679999999971885,-121.91415531095652
4.068999999997186,-242.6061069308868
4.069999999997184,-339.6342285616991
4.0709999999971815,-403.53620696213994
4.071999999997179,-428.08001640653737
4.072999999997177,-410.8719533495513
4.0739999999971745,-353.5904938670352
4.074999999997172,-261.82297321416803
4.07599999999717,-144.5208287006144
4.076999999997168,-13.126429214724986
4.077999999997165,119.54333036627975
4.078999999997163,240.54764797881356
4.079999999997161,338.0844643772736
4.080999999997158,402.6417973680441
4.081999999997156,427.92535458780816
4.082999999997154,411.47196857504656
4.083999999997151,354.8891665037418
4.084999999997149,263.6977258747618
4.085999999997147,146.79278532722952
4.086999999997144,15.576201210943786
4.087999999997142,-117.15522379460528
4.08899999999714,-238.45733062167514
4.089999999997137,-336.500534761596
4.090999999997135,-401.7232226393917
4.091999999997133,-427.7642474960652
4.09299999999713,-412.08358089209236
4.093999999997128,-356.2104683310433
4.094999999997126,-265.5946934100355
4.095999999997123,-149.07526612793856
4.096999999997121,-18.01824175495255
4.097999999997119,114.79222993545363
4.098999999997116,236.4013357928662
4.099999999997114,334.9476420111856
4.100999999997112,400.82026351274084
4.101999999997109,427.5961786684135
4.102999999997107,412.66627737051846
4.103999999997105,357.48921462742464
4.104999999997102,267.44851979402534
4.1059999999971,151.3271069816553
4.106999999997098,20.450570671921245
4.107999999997095,-112.41717012434174
4.108999999997093,-234.31828715310138
4.109999999997091,-333.36434401347196
4.110999999997088,-399.8954698769508
4.111999999997086,-427.4224747278553
4.112999999997084,-413.26002400885716
4.113999999997081,-358.78899999121717
4.114999999997079,-269.3222677635297
4.115999999997077,-153.58674393910562
4.116999999997074,-22.872164401952325
4.117999999997072,110.07042266357601
4.11899999999707,232.27287948374968
4.119999999997067,331.81536224696833
4.120999999997065,398.9892462292368
4.121999999997063,427.2440419120251
4.12299999999706,413.8259430145546
4.123999999997058,360.04584851820556
4.124999999997056,271.1509183038949
4.125999999997053,155.8123945946102
4.126999999997051,25.279775511728342
4.127999999997049,-107.71615219348575
4.128999999997046,-230.20454287021872
4.129999999997044,-330.23911410492667
4.130999999997042,-398.06301370708513
4.131999999997039,-427.06044196033633
4.132999999997037,-414.40221848060554
4.133999999997035,-361.3222117213646
4.134999999997032,-272.99747554907714
4.13599999999703,-158.0435863980833
4.136999999997028,-27.674278755793505
4.137999999997025,105.39265946981804
4.138999999997023,228.17639782892655
4.139999999997021,328.69973852701656
4.140999999997018,397.157705957712
4.141999999997016,426.873938609194
4.142999999997014,414.95158857424667
4.143999999997011,362.55535453189935
4.144999999997009,274.7973323499198
4.145999999997007,160.2380168953686
4.146999999997004,30.051256695044742
4.147999999997002,-103.06537768348045
4.148999999997,-226.1286407008265
4.149999999996997,-327.1355064276422
4.150999999996995,-396.2336321818114
4.151999999996993,-426.6823513691349
4.15299999999699,-415.51046865980766
4.153999999996988,-363.8065816465417
4.154999999996986,-276.61341694025333
4.155999999996983,-162.43628660155844
4.156999999996981,-32.41347930474966
4.157999999996979,100.7705050569977
4.1589999999969764,224.12276137606395
4.159999999996974,325.6098953119074
4.160999999996972,395.3321726381925
4.1619999999969695,426.48923812149604
4.162999999996967,416.04318749817133
4.163999999996965,365.01441937530853
4.1649999999969625,278.3815943778895
4.16599999999696,164.59565481841256
4.166999999996958,34.755438047286994
4.1679999999969555,-98.47468934076987
4.168999999996953,-222.0997055763248
4.169999999996951,-324.0610483862186
4.1709999999969485,-394.4125650544634
4.171999999996946,-426.2907176239182
4.172999999996944,-416.58441494022645
4.1739999999969415,-366.2390201330078
4.174999999996939,-280.16468521210976
4.175999999996937,-166.7577510981457
4.1769999999969345,-37.08176197552471
4.177999999996932,96.21203638408575
4.17899999999693,220.11930807255257
4.1799999999969275,322.55172717915804
4.180999999996925,393.5165683406216
4.181999999996923,426.0915832406073
4.1829999999969205,417.10004134247407
4.183999999996918,367.42018253784204
4.184999999996916,281.89907362557136
4.1859999999969135,168.8794624302282
4.186999999996911,39.38591246426781
4.187999999996909,-93.9503745404554
4.1889999999969065,-218.12326921071764
4.189999999996904,-321.0199892538769
4.190999999996902,-392.6024115797171
4.1919999999968995,-425.88631276872394
4.192999999996897,-417.62302509065177
4.193999999996895,-368.616901831924
4.1949999999968925,-283.64742982745713
4.19599999999689,-171.0033819941367
4.196999999996888,-41.674312610421275
4.197999999996886,91.72175942204237
4.198999999996883,216.16977440795566
4.199999999996881,319.52785007492247
4.200999999996879,391.71218047299385
4.201999999996876,425.68088343399415
4.202999999996874,418.12078801076655
4.203999999996872,369.7702524065029
4.204999999996869,285.34669222755383
4.205999999996867,173.086075749857
4.206999999996865,43.93943803652079
4.207999999996862,-89.49518445388314
4.20899999999686,-214.20130381923724
4.209999999996858,-318.0133443504086
4.210999999996855,-390.80317820835046
4.211999999996853,-425.4682085888441
4.212999999996851,-418.6246218334157
4.213999999996848,-370.9380698362163
4.214999999996846,-287.0593307844289
4.215999999996844,-175.1710185453065
4.216999999996841,-46.18941709974749
4.217999999996839,87.30072465732876
4.218999999996837,212.27442650789018
4.219999999996834,316.5377346140997
4.220999999996832,389.9177819462655
4.22199999999683,425.2554063235002
4.222999999996827,419.10345068562555
4.223999999996825,372.0627023239217
4.224999999996823,288.722863158532
4.22599999999682,177.21449347568438
4.226999999996818,48.41576899968515
4.227999999996816,-85.10853922931909
4.228999999996813,-210.33244465790312
4.229999999996811,-315.03911277964255
4.230999999996809,-389.0124682059335
4.231999999996806,-425.0339161417303
4.232999999996804,-419.58695416453725
4.233999999996802,-373.20082673363635
4.234999999996799,-290.3995050874664
4.235999999996797,-179.26076339139735
4.236999999996795,-50.628220413587485
4.237999999996792,82.94681445410627
4.23899999999679,208.43036709662888
4.239999999996788,313.5780023859412
4.240999999996785,388.1298861128748
4.241999999996783,424.81196328704317
4.242999999996781,420.04553191702837
4.243999999996778,374.2960593537053
4.244999999996776,292.02737003686946
4.245999999996774,181.2658551746487
4.246999999996771,52.81735034356081
4.247999999996769,-80.78688967026251
4.248999999996767,-206.51237388055935
4.249999999996764,-312.0926457846421
4.250999999996762,-387.22579698456724
4.25199999999676,-424.57961454769986
4.252999999996757,-420.50731365619214
4.253999999996755,-375.4039229447105
4.254999999996753,-293.6683640374708
4.25599999999675,-183.274718817957
4.256999999996748,-54.994364346894194
4.257999999996746,78.65517072417727
4.258999999996743,204.63198793179745
4.259999999996741,310.6428588449851
4.260999999996739,386.34311651880273
4.261999999996736,424.3461776050315
4.262999999996734,420.94415083574756
4.263999999996732,376.4692935606448
4.264999999996729,295.2612058207436
4.265999999996727,185.24314171238814
4.266999999996725,57.14890638670587
4.267999999996722,-76.52420232992489
4.26899999999672,-202.7343329033759
4.269999999996718,-309.1671362364266
4.270999999996715,-385.43700976636757
4.271999999996713,-424.1004540034206
4.272999999996711,-421.3826905285449
4.273999999996708,-377.54654753888633
4.274999999996706,-296.8674365546057
4.275999999996704,-187.21665695078005
4.276999999996701,-59.29353442105504
4.277999999996699,74.41872871617775
4.278999999996697,200.8715329425596
4.2799999999966944,307.7246306909155
4.280999999996692,384.5506650762893
4.28199999999669,423.85281698548687
4.2829999999966875,421.79621532575914
4.283999999996685,378.5818104890978
4.284999999996683,298.42638376272646
4.2859999999966805,189.15082079991544
4.286999999996678,61.416953624526926
4.287999999996676,-72.31253308487017
4.2889999999966735,-198.98972696927407
4.289999999996671,-306.25419499540544
4.290999999996669,-383.63877261661816
4.2919999999966665,-423.5909121263482
4.292999999996664,-422.2099587061743
4.293999999996662,-379.6283219369352
4.2949999999966595,-299.99917016796377
4.295999999996657,-191.0916457097572
4.296999999996655,-63.53294595186776
4.2979999999966525,70.22882153005438
4.29899999999665,197.139734628958
4.299999999996648,304.8143717923534
4.3009999999966455,382.74480763993955
4.301999999996643,423.32616735568234
4.302999999996641,422.5986161899952
4.3039999999966385,380.6334453060155
4.304999999996636,301.52573072349384
4.305999999996634,192.99445847788158
4.3069999999966315,65.62926744764296
4.307999999996629,-68.14265360371492
4.308999999996627,-195.26878372466223
4.3099999999966245,-303.3444770006008
4.310999999996622,-381.8231043064321
4.31199999999662,-423.04517883512204
4.3129999999966175,-422.9860752078179
4.313999999996615,-381.6492934324866
4.314999999996613,-303.06671851609883
4.3159999999966105,-194.905650457748
4.316999999996608,-67.72079841813554
4.317999999996606,66.07581981131077
4.318999999996604,193.42648517414315
4.319999999996601,301.9024998180592
4.320999999996599,380.9174435086672
4.321999999996597,422.7604220379068
4.322999999996594,423.34842753028863
4.323999999996592,382.6244544639304
4.32499999999659,304.56267074014136
4.325999999996587,196.78031571878608
4.326999999996585,69.7943313427616
4.327999999996583,-64.00469544097706
4.32899999999658,-191.56122729686612
4.329999999996578,-300.42831906901665
4.330999999996576,-379.98191517062514
4.331999999996573,-422.4575433926295
4.332999999996571,-423.7082775156332
4.333999999996569,-383.60992377088695
4.334999999996566,-306.0737226321105
4.335999999996564,-198.66512992418262
4.336999999996562,-71.86572618249683
4.337999999996559,61.94977185470996
4.338999999996557,189.72150418979848
4.339999999996555,298.9794259043203
4.340999999996552,379.0606252649755
4.34199999999655,422.1500600681681
4.342999999996548,424.0430969780407
4.343999999996545,384.5554999598452
4.344999999996543,307.54100579920294
4.345999999996541,200.51494823752492
4.346999999996538,73.92079598656497
4.347999999996536,-59.88877775084414
4.348999999996534,-187.8569306360271
4.349999999996531,-297.4963526027214
4.350999999996529,-378.10752019444254
4.351999999996527,-421.82275807220253
4.352999999996524,-424.37426306775325
4.353999999996522,-385.5110681084943
4.35499999999652,-309.02409290030954
4.355999999996517,-202.37664409323312
4.356999999996515,-75.97627224244508
4.357999999996513,57.841011144861355
4.35899999999651,186.014967116925
4.359999999996508,296.0361419433262
4.360999999996506,377.1670475770397
4.361999999996503,421.49018937341873
4.362999999996501,424.6806109134558
4.363999999996499,386.4276221212997
4.364999999996496,310.46470083621296
4.365999999996494,204.204826819765
4.366999999996492,78.0169740172903
4.367999999996489,-55.785586994493364
4.368999999996487,-184.14651183762197
4.369999999996485,-294.5400576751962
4.370999999996482,-376.1930968610712
4.37199999999648,-421.1363559007399
4.372999999996478,-424.9823373981095
4.373999999996475,-387.3539411642378
4.374999999996473,-311.9217989671281
4.375999999996471,-206.04649095452123
4.376999999996468,-80.0604097185773
4.377999999996466,53.740701371086374
4.378999999996464,182.29806210964858
4.379999999996461,293.0647343262523
4.380999999996459,375.2304678810382
4.381999999996457,420.7768344334183
4.382999999996454,425.2596229172421
4.383999999996452,388.2421988143007
4.38499999999645,313.3376805535957
4.385999999996447,207.8559945434171
4.386999999996445,82.09039386416545
4.387999999996443,-51.68688070060972
4.38899999999644,-180.4218448042507
4.389999999996438,-291.5522301343131
4.390999999996436,-374.23306347067074
4.391999999996433,-420.39490460560785
4.392999999996431,-425.53152111698057
4.393999999996429,-389.140069640591
4.394999999996426,-314.7706754771726
4.395999999996424,-209.68038781034178
4.396999999996422,-84.12513286634011
4.397999999996419,49.64129334601
4.398999999996417,178.56344868238534
4.399999999996415,290.05879897169433
4.4009999999964124,373.2460377981754
4.40199999999641,420.00715332121626
4.402999999996408,425.77953775594585
4.4039999999964055,390.00089136021654
4.404999999996403,316.16364610343186
4.405999999996401,211.47377568679624
4.4069999999963985,86.14743251693301
4.407999999996396,-47.58589244088471
4.408999999996394,-176.67646082338825
4.4099999999963915,-288.5273400796052
4.410999999996389,-372.2233601944889
4.411999999996387,-419.59618459743064
4.4129999999963845,-426.02161019191743
4.413999999996382,-390.87123235302886
4.41499999999638,-317.57425168777
4.4159999999963775,-213.28321078319385
4.416999999996375,-88.17613528255194
4.417999999996373,45.536874049440556
4.4189999999963705,174.80559830897778
4.419999999996368,287.0137397963619
4.420999999996366,371.2105311521678
4.4219999999963635,419.1795749934435
4.422999999996361,426.2405475106916
4.423999999996359,391.70557963851905
4.4249999999963565,318.94591948820175
4.425999999996354,215.0625485384912
4.426999999996352,90.19304238148885
4.4279999999963495,-43.47762161491839
4.428999999996347,-172.9058251327087
4.429999999996345,-285.4617678778016
4.4309999999963425,-370.1616224446957
4.43199999999634,-418.7392849058541
4.432999999996338,-426.45318820063585
4.4339999999963355,-392.5493913999061
4.434999999996333,-320.33561237477005
4.435999999996331,-216.8588030314996
4.4369999999963285,-92.21758764939557
4.437999999996326,41.42339501830985
4.438999999996324,171.02100512760535
4.4399999999963216,283.9269409211034
4.440999999996319,369.12246192399596
4.441999999996317,418.2938537411132
4.442999999996315,426.6436204496316
4.443999999996312,393.35829036177444
4.44499999999631,321.6873224038103
4.445999999996308,218.6255906484834
4.446999999996305,94.23058151024387
4.447999999996303,-39.35899909679846
4.448999999996301,-169.10748085072888
4.449999999996298,-282.35391219080594
4.450999999996296,-368.04724361799646
4.451999999996294,-417.82461685597184
4.452999999996291,-426.82759289661914
4.453999999996289,-394.17661878846474
4.454999999996287,-323.0572958204144
4.455999999996284,-220.409858017086
4.456999999996282,-96.25202106075388
4.45799999999628,37.29877509217968
4.458999999996277,167.20826340380475
4.459999999996275,280.79781124312257
4.460999999996273,366.9820928194066
4.46199999999627,417.35104330583437
4.462999999996268,426.99044652010565
4.463999999996266,394.9611231456721
4.464999999996263,324.39009417173264
4.465999999996261,222.16500048660433
4.466999999996259,98.26174988789221
4.467999999996256,-35.228927767056454
4.468999999996254,-165.28106117551707
4.469999999996252,-279.20417270999485
4.470999999996249,-365.8813313466067
4.471999999996247,-416.85385050216377
4.472999999996245,-427.1468422775192
4.473999999996242,-395.75502312823875
4.47499999999624,-325.7412322071864
4.475999999996238,-223.93787929000123
4.476999999996235,-100.28031520033387
4.477999999996233,33.1628805175407
4.478999999996231,163.36801679400685
4.479999999996228,277.62770795381505
4.480999999996226,364.7913418263415
4.481999999996224,416.3533979548222
4.482999999996221,427.2833457475095
4.483999999996219,396.51617879283316
4.484999999996217,327.05585063687016
4.485999999996214,225.68169442914495
4.486999999996212,102.28662765939441
4.48799999999621,-31.088204795821856
4.488999999996207,-161.42817885361828
4.489999999996205,-276.01481782837675
4.490999999996203,-363.66656762061314
4.4919999999962,-415.8297831397044
4.492999999996198,-427.4135273202825
4.493999999996196,-397.28668046565247
4.494999999996193,-328.38872277268956
4.495999999996191,-227.4432131894621
4.496999999996189,-104.30178399385042
4.497999999996186,29.017392940986262
4.498999999996184,159.50279210787025
4.499999999996182,274.41975258918353
4.500999999996179,362.55359981233016
4.501999999996177,415.30421159815376
4.502999999996175,427.52514737859264
4.503999999996172,398.02549340797407
4.50499999999617,329.6855828616147
4.505999999996168,229.17547304775601
4.506999999996165,106.30380486321869
4.507999999996163,-26.939339597614747
4.508999999996161,-157.55220898372679
4.509999999996158,-272.78975385052365
4.510999999996156,-361.4069881979537
4.511999999996154,-414.7561524736598
4.512999999996151,-427.6306797174095
4.513999999996149,-398.7735723448888
4.514999999996147,-331.0004570759006
4.515999999996144,-230.92514617046132
4.516999999996142,-108.31434550118514
4.51799999999614,24.86558225440586
4.518999999996137,155.6167366102338
4.519999999996135,271.1785588325098
4.520999999996133,360.27347659068556
4.5219999999961304,414.2076087494158
4.522999999996128,427.7190484381952
4.523999999996126,399.4909808668412
4.5249999999961235,332.2796915890998
4.525999999996121,232.6451463836425
4.526999999996119,110.31058697166566
4.5279999999961165,-22.78628705324841
4.528999999996114,-153.65798674068628
4.529999999996112,-269.53421716421775
4.5309999999961095,-359.10770038303644
4.531999999996107,-413.6374092060085
4.532999999996105,-427.8016234779212
4.5339999999961025,-400.2175330580419
4.5349999999961,-333.57656311602
4.535999999996098,-234.38205468686144
4.5369999999960955,-112.31475826923753
4.537999999996093,20.712006073875635
4.538999999996091,151.71528251976585
4.5399999999960885,267.9098952464662
4.540999999996086,357.9564958126478
4.541999999996084,413.06830278494954
4.5429999999960815,427.8684606354653
4.543999999996079,400.91438507486083
4.544999999996077,334.8380511749532
4.5459999999960745,236.08870470566603
4.546999999996072,114.3032568071696
4.54799999999607,-18.634119482408853
4.5489999999960675,-149.75144524898502
4.549999999996065,-266.2544138442073
4.550999999996063,-356.7745604388227
4.5519999999960605,-412.4784649429813
4.552999999996058,-427.9298193000927
4.553999999996056,-401.62020704808367
4.5549999999960535,-336.1166831648892
4.555999999996051,-237.81159303838126
4.556999999996049,-116.29890350102046
4.5579999999960465,16.562160537643372
4.558999999996044,147.8047649987953
4.559999999996042,264.62030823577425
4.5609999999960396,355.6087604768338
4.561999999996037,411.8913375998303
4.562999999996035,427.97685439964977
4.563999999996033,402.297242575308
4.56499999999603,337.3600952370826
4.565999999996028,239.50351943293035
4.566999999996026,118.27737143577843
4.567999999996023,-14.488662744190968
4.568999999996021,-145.83922046083828
4.569999999996019,-262.95713236835076
4.570999999996016,-354.41383259031636
4.571999999996014,-411.28443148763625
4.572999999996012,-428.0187102912937
4.573999999996009,-402.98301669831574
4.574999999996007,-338.62006717977727
4.575999999996005,-241.21090348246818
4.576999999996002,-120.26209132832535
4.577999999996,12.422108003330104
4.578999999995998,143.89202055658856
4.579999999995995,261.31673084791856
4.580999999995993,353.2366108281889
4.581999999995991,410.681828462004
4.582999999995988,428.04760833552683
4.583999999995986,403.640855490952
4.584999999995984,339.8449157299372
4.585999999995981,242.8865584911414
4.586999999995979,122.22807244748739
4.587999999995977,-10.356121769674907
4.588999999995974,-141.9282495536473
4.589999999995972,-259.64935456042457
4.59099999999597,-352.0318508792545
4.591999999995967,-410.06036685072786
4.592999999995965,-428.0715769728745
4.593999999995963,-404.3071403169675
4.59499999999596,-341.0856755450222
4.595999999995958,-244.57683316737436
4.596999999995956,-124.19937011576384
4.597999999995953,8.298106236517771
4.598999999995951,139.9839915399226
4.599999999995949,258.00610164596424
4.600999999995946,350.84629507700504
4.601999999995944,409.44471672680197
4.602999999995942,428.0838716097945
4.603999999995939,404.94627449243075
4.604999999995937,342.2913674249954
4.605999999995935,246.23460123878024
4.606999999995932,126.15038943714478
4.60799999999593,-6.2427190038592135
4.608999999995928,-138.02538728413248
4.609999999995925,-256.3378877575636
4.610999999995923,-349.63470319550083
4.611999999995921,-408.8110417942016
4.612999999995918,-428.0914085913486
4.613999999995916,-405.5934999479854
4.614999999995914,-343.5122835197873
4.615999999995911,-247.90614384877892
4.616999999995909,-128.10581980718678
4.617999999995907,4.196261107439187
4.618999999995904,136.08735956387105
4.619999999995902,254.6950150969496
4.6209999999959,348.443670908023
4.621999999995897,408.18455120814286
4.622999999995895,428.08844573000914
4.623999999995893,406.214291396214
4.62499999999589,344.6981706983501
4.625999999995888,249.54443996992265
4.626999999995886,130.03951916807898
4.627999999995883,-2.1543660095342116
4.628999999995881,-134.13706126360233
4.629999999995879,-253.02903782606404
4.630999999995876,-347.2279538845871
4.631999999995874,-407.5407385486574
4.632999999995872,-428.0807965833974
4.633999999995869,-406.84275861146324
4.634999999995867,-345.89858092067817
4.635999999995865,-251.1957026084223
4.636999999995862,-131.97681348249603
4.63799999999586,0.12222104730625365
4.638999999995858,132.2082267210561
4.639999999995855,251.38942106085935
4.640999999995853,346.0339524248944
4.641999999995851,406.90530656582024
4.6429999999958484,428.06369088698887
4.643999999995846,407.4454410053732
4.644999999995844,347.064006861164
4.6459999999958415,252.81305755154307
4.646999999995839,133.8910664443517
4.647999999995837,1.9036157094302517
4.6489999999958345,-130.26898267676722
4.649999999995832,-249.7283383928441
4.65099999999583,-344.81641768652077
4.6519999999958275,-406.25309068536313
4.652999999995825,-428.04185464333915
4.653999999995823,-408.05532659843004
4.6549999999958205,-348.24326202895804
4.655999999995818,-254.44264456130614
4.656999999995816,-135.8082351168962
4.6579999999958135,-3.919073000303267
4.658999999995811,128.3518586423956
4.659999999995809,248.09438640638692
4.6609999999958065,343.62151328951
4.661999999995804,405.61024623266405
4.662999999995802,428.01146054123916
4.6639999999957995,408.6400118169547
4.664999999995797,349.3876017949296
4.665999999995795,256.03777366328325
4.6669999999957925,137.70123672181597
4.66799999999579,5.926713335109539
4.668999999995788,-126.42592397898244
4.6699999999957855,-246.4403469039753
4.670999999995783,-342.4039937003289
4.671999999995781,-404.95097016406936
4.6729999999957785,-427.9761682767841
4.673999999995776,-409.2313764354298
4.674999999995774,-350.5451022630368
4.6759999999957715,-257.6445015107734
4.676999999995769,-139.5966456390285
4.677999999995767,-7.923573235093115
4.6789999999957645,124.52249837783525
4.679999999995762,244.81392691792016
4.68099999999576,341.2097526567725
4.6819999999957576,404.30183437066495
4.682999999995755,427.9330663149748
4.683999999995753,409.7980651795244
4.684999999995751,351.6677951949014
4.685999999995748,259.216355075558
4.686999999995746,141.46697460913322
4.687999999995744,9.911374337988349
4.688999999995741,-122.61156998427215
4.689999999995739,-243.16851322975734
4.690999999995737,-339.99356388866465
4.691999999995734,-403.63642451133217
4.692999999995732,-427.8847750720478
4.69399999999573,-410.3708660503568
4.694999999995727,-352.8030196514569
4.695999999995725,-260.79929342701365
4.696999999995723,-143.33939343861954
4.69799999999572,-11.888242155693218
4.698999999995718,120.72325500866795
4.699999999995716,241.55091281948634
4.700999999995713,338.8010263684109
4.701999999995711,402.98169829523624
4.702999999995709,427.8292735871234
4.703999999995706,410.91946235804073
4.704999999995704,353.9035941418815
4.705999999995702,262.34708821719363
4.706999999995699,145.18604633081372
4.707999999995697,13.855089231945904
4.708999999995695,-118.82844383813105
4.709999999995692,-239.91512182910398
4.71099999999569,-337.58695659585123
4.711999999995688,-402.310664096934
4.712999999995685,-427.7681752678216
4.713999999995683,-411.47356950581116
4.714999999995681,-355.01612046176564
4.715999999995678,-263.9055822943939
4.716999999995676,-147.03466921632568
4.717999999995674,-15.81110155626961
4.718999999995671,116.95606618875857
4.719999999995669,238.30704672599708
4.720999999995667,336.3966419783444
4.721999999995664,401.6506399224781
4.722999999995662,427.7003265720878
4.72399999999566,412.0038987575653
4.724999999995657,356.09421093108136
4.725999999995655,265.4288147735784
4.726999999995653,148.85706774372892
4.72799999999565,17.756407847135396
4.728999999995648,-115.07790491930572
4.729999999995646,-236.68130421186734
4.730999999995643,-335.1849718629674
4.731999999995641,-400.9740967233189
4.732999999995639,-427.6263706309463
4.733999999995636,-412.5391144230743
4.734999999995634,-357.183729426019
4.735999999995632,-266.96249015903663
4.736999999995629,-150.6815083243226
4.737999999995627,-19.691217593442286
4.738999999995625,113.22172967517193
4.739999999995622,235.08290884717326
4.74099999999562,333.9969127372198
4.741999999995618,400.30869220476325
4.742999999995615,427.5460001690518
4.743999999995613,413.05094428645236
4.744999999995611,358.23908604210334
4.745999999995608,268.46093312394663
4.746999999995606,152.4794824574763
4.747999999995604,21.614895037335586
4.748999999995601,-111.36021192710504
4.749999999995599,-233.46711478130308
4.750999999995597,-332.78746215074074
4.751999999995594,-399.6264043457508
4.752999999995592,-427.45892825579625
4.75399999999559,-413.5670249260615
4.754999999995587,-359.30540582486805
4.755999999995585,-269.96968504396926
4.756999999995583,-154.27974639038558
4.75799999999558,-23.528629339185184
4.758999999995578,109.5199954970914
4.759999999995576,231.87806096935623
4.760999999995573,331.6012627869053
4.761999999995571,398.9552143368264
4.762999999995569,427.36567457307615
4.7639999999955664,414.06008852939254
4.764999999995564,360.3378978192557
4.765999999995562,271.44337001447866
4.7669999999955595,156.05349692601672
4.767999999995557,25.431034542812696
4.768999999995555,-107.67464140088236
4.7699999999955525,-230.27166021658883
4.77099999999555,-330.39345952545585
4.771999999995548,-398.26665478799873
4.7729999999955455,-427.2650647147762
4.773999999995543,-414.5567686163822
4.774999999995541,-361.3809472413834
4.7759999999955385,-272.9273397369534
4.776999999995536,-157.82993599857363
4.777999999995534,-27.324230646127578
4.7789999999955315,105.84970781929282
4.779999999995529,228.69119821459782
4.780999999995527,329.20837359831967
4.7819999999955245,397.58901780779416
4.782999999995522,427.15842758472394
4.78399999999552,415.0307890838862
4.7849999999955175,362.39056085133234
4.785999999995515,274.37652795774983
4.786999999995513,159.57998101532493
4.7879999999955105,29.206091734931395
4.788999999995508,-104.01964975016718
4.789999999995506,-227.09327043934348
4.7909999999955035,-328.00133849390664
4.791999999995501,-396.8934398663677
4.792999999995499,-427.04374507700635
4.7939999999954965,-415.50780578049194
4.794999999995494,-363.41038309417655
4.795999999995492,-275.8360693073849
4.7969999999954895,-161.33323349564918
4.797999999995487,-31.079616750698992
4.798999999995485,102.20898381584868
4.7999999999954825,225.52033587128935
4.80099999999548,326.8163601738375
4.801999999995478,396.2085141867287
4.8029999999954756,426.9231387923134
4.803999999995473,415.9625211198529
4.804999999995471,364.39721522253325
4.805999999995469,277.26121446024877
4.806999999995466,163.06034351243457
4.807999999995464,32.94194716676463
4.808999999995462,-100.39306556354262
4.809999999995459,-223.9296979138714
4.810999999995457,-325.6090025215164
4.811999999995455,-395.50503042042465
4.812999999995452,-426.79379070251355
4.81399999999545,-416.4196387631464
4.814999999995448,-365.39396013300666
4.815999999995445,-278.69685359161
4.816999999995443,-164.7912656262017
4.817999999995441,-34.79690784452221
4.818999999995438,98.59541598512016
4.819999999995436,222.36301771101
4.820999999995434,324.42296474341083
4.821999999995431,394.8118748901045
4.822999999995429,426.6585993540894
4.823999999995427,416.85482599175305
4.824999999995424,366.3582087848152
4.825999999995422,280.09855934980544
4.82699999999542,166.49639235955905
4.827999999995417,36.64091327456498
4.828999999995415,-96.79229849585714
4.829999999995413,-220.77833156233822
4.83099999999541,-323.2140818345665
4.831999999995408,-394.099538383984
4.832999999995406,-426.5139894431437
4.833999999995403,-417.29185925499934
4.834999999995401,-367.33212197777874
4.835999999995399,-281.5109508539411
4.836999999995396,-168.2059857176489
4.837999999995394,-38.47856189460893
4.838999999995392,95.00628426838252
4.839999999995389,219.21653213224238
4.840999999995387,322.0257556044983
4.841999999995385,393.3971930923823
4.842999999995382,426.3636210039156
4.84399999999538,417.70735659950685
4.844999999995378,368.27407443164407
4.845999999995375,282.88992625439647
4.846999999995373,169.890189132438
4.847999999995371,40.305546273324545
4.848999999995368,-93.21455135079816
4.849999999995366,-217.63641188319554
4.850999999995364,-320.81413037446015
4.851999999995361,-392.675076217556
4.852999999995359,-426.203201951873
4.853999999995357,-418.1241911701945
4.854999999995354,-369.2254845540327
4.855999999995352,-284.279808443493
4.85699999999535,-171.5795286095773
4.857999999995347,-42.12718836100236
4.858999999995345,91.43876502257181
4.859999999995343,216.07812314857802
4.86099999999534,319.6223193551307
4.861999999995338,391.9626383935892
4.862999999995336,426.03713815278377
4.863999999995333,418.5199171940514
4.864999999995331,370.14550408215905
4.865999999995329,285.63682375071517
4.866999999995326,173.24390651603403
4.867999999995324,43.938464350225935
4.868999999995322,-89.65702300734402
4.869999999995319,-214.5012348879548
4.870999999995317,-318.40681068874466
4.871999999995315,-391.22990473413046
4.872999999995312,-425.8604582268351
4.87399999999531,-418.9165268677518
4.874999999995308,-371.07480897907857
4.875999999995305,-287.0049756041276
4.876999999995303,-174.91407253936697
4.877999999995301,-45.74537324223092
4.878999999995298,87.89012524186647
4.879999999995296,212.94518458684223
4.880999999995294,317.21043598672685
4.881999999995291,390.5065958169976
4.882999999995289,425.6782975513065
4.883999999995287,419.2924954814163
4.8849999999952844,371.9733207705727
4.885999999995282,288.3408209287655
4.88699999999528,176.5596963587212
4.8879999999952775,47.5421817914687
4.888999999995275,-86.11709147256141
4.889999999995273,-211.37033411444023
4.8909999999952705,-315.990057035879
4.891999999995268,-389.76256153987094
4.892999999995266,-425.48503927262504
4.8939999999952635,-419.66895470932224
4.894999999995261,-372.8809731355367
4.895999999995259,-289.68802273518077
4.8969999999952565,-178.2117148639347
4.897999999995254,-49.33552418778171
4.898999999995252,84.35789231458199
4.8999999999952495,209.81542776960916
4.900999999995247,314.7882280420417
4.901999999995245,389.0277821077167
4.9029999999952425,425.2865308920485
4.90399999999524,420.02528520053977
4.904999999995238,373.7584499276504
4.9059999999952355,291.00347119175217
4.906999999995233,179.8395744211996
4.907999999995231,51.118966801439036
4.9089999999952285,-82.5924684503703
4.909999999995226,-208.24163211284775
4.910999999995224,-313.5622089419955
4.9119999999952215,-388.2719638977695
4.912999999995219,-425.0765398171445
4.913999999995217,-420.3817763520643
4.9149999999952145,-374.64494287744907
4.915999999995212,-292.3304704255243
4.91699999999521,-181.47436692513992
4.9179999999952075,-52.8997423950368
4.918999999995205,80.8399918867475
4.919999999995203,206.68701528636322
4.9209999999952005,312.3542771929807
4.921999999995198,387.5253340559111
4.922999999995196,424.8616069086061
4.9239999999951936,420.7186978369718
4.924999999995191,375.5018906730627
4.925999999995189,293.62624710989553
4.926999999995187,183.0853262885444
4.927999999995184,54.67072863728736
4.928999999995182,-79.08131924321705
4.92999999999518,-205.11355528491904
4.930999999995177,-311.1221097440444
4.931999999995175,-386.75748170967984
4.932999999995173,-424.63490930628086
4.93399999999517,-421.0555127315947
4.934999999995168,-376.3677435780981
4.935999999995166,-294.93373057620903
4.936999999995163,-184.70367167488595
4.937999999995161,-56.43972579039626
4.938999999995159,77.33484893151947
4.939999999995156,203.55865605141298
4.940999999995154,309.90770399985
4.941999999995152,385.998865553931
4.942999999995149,424.403660898906
4.943999999995147,421.373362751154
4.944999999995145,377.20468773829333
4.945999999995142,296.2104881458032
4.94699999999514,186.29843720448193
4.947999999995138,58.19893742546336
4.948999999995135,-75.58234438609732
4.949999999995133,-201.98510861558748
4.950999999995131,-308.6691671348077
4.951999999995128,-385.2189783682811
4.952999999995126,-424.1604698341217
4.953999999995124,-421.6908983590097
4.954999999995121,-378.05043256868095
4.955999999995119,-297.4990609465008
4.956999999995117,-187.9009459748746
4.957999999995114,-59.95670573769646
4.958999999995112,73.84144971968396
4.95999999999511,200.42965953043822
4.960999999995107,307.4482091238498
4.961999999995105,384.44849219143583
4.962999999995103,423.9132010736759
4.9639999999951,421.990115708671
4.964999999995098,378.8679045189948
4.965999999995096,298.7573621288831
4.966999999995093,189.48004692457917
4.967999999995091,61.70457780139562
4.968999999995089,-72.09482198300331
4.969999999995086,-198.8559095022387
4.970999999995084,-306.20337522318397
4.971999999995082,-383.6568193238086
4.972999999995079,-423.65391115016695
4.973999999995077,-422.2888642916934
4.974999999995075,-379.6940729325261
4.975999999995072,-300.02753357116393
4.97699999999507,-191.067147882233
4.977999999995068,-63.45141735487532
4.978999999995065,70.35936489200064
4.979999999995063,197.29994962014976
4.980999999995061,304.97607671424987
4.981999999995058,382.87482424861116
4.982999999995056,423.39109260042983
4.983999999995054,422.5699765463367
4.984999999995051,380.49259770636417
4.985999999995049,301.2678405280748
4.986999999995047,192.630929157805
4.987999999995044,65.18813544901288
4.988999999995042,-68.61861211761097
4.98999999999504,-195.72618238730485
4.990999999995037,-303.72529998504484
4.991999999995035,-382.07185020029493
4.992999999995033,-423.11626431609386
4.99399999999503,-422.85051087613914
4.994999999995028,-381.2997091041501
4.995999999995026,-302.5200167338534
4.996999999995023,-194.2028678060152
4.997999999995021,-66.9241015785198
4.998999999995019,66.888736098341
4.999999999995016,194.1700410314106
5.000999999995014,302.49214292383124
5.001999999995012,381.2789308371311
5.002999999995009,422.83852157900424
5.003999999995007,423.1141174224497
5.004999999995005,382.0797939583141
5.0059999999950024,303.74268688257945
5.006999999995,195.75149385956306
5.007999999994998,68.64961382124689
5.0089999999949955,-65.15412680634732
5.009999999994993,-192.59671809469495
5.010999999994991,-301.2360320513585
5.0119999999949885,-380.4653480527365
5.012999999994986,-422.54885686082747
5.013999999994984,-423.37707204028055
5.0149999999949815,-382.8683447510445
5.015999999994979,-304.9771695687539
5.016999999994977,-197.30834123874075
5.0179999999949745,-70.37453548890616
5.018999999994972,63.430230572993686
5.01999999999497,191.04098301566984
5.0209999999949675,299.99773439285303
5.021999999994965,379.6622795362899
5.022999999994963,422.2569423471919
5.0239999999949605,423.62382372867216
5.024999999994958,383.63046911031586
5.025999999994956,306.18245721520105
5.0269999999949535,198.8418095915892
5.027999999994951,72.08857688150243
5.028999999994949,-61.70227065195896
5.0299999999949465,-189.46880353449794
5.030999999994944,-298.7371124532122
5.031999999994942,-378.83895077336
5.0329999999949395,-421.95325331340996
5.033999999994937,-423.86987347247333
5.034999999994935,-384.4009234597447
5.0359999999949325,-307.39944790438074
5.03699999999493,-200.38347986201552
5.037999999994928,-73.80208616271787
5.0389999999949255,59.984969473084256
5.039999999994923,187.91427679896643
5.040999999994921,297.4945829760041
5.0419999999949185,378.0266570865221
5.042999999994916,421.6480123992192
5.043999999994914,424.1004502154449
5.0449999999949116,385.14553046516914
5.045999999994909,308.5875108671174
5.046999999994907,201.9016424065557
5.047999999994905,75.50421266487709
5.048999999994902,-58.26435857052011
5.0499999999949,-186.3441287045341
5.050999999994898,-296.23043812826427
5.051999999994895,-377.19457065161026
5.052999999994893,-421.3311857135062
5.053999999994891,-424.3302874065196
5.054999999994888,-385.8983127747567
5.055999999994886,-309.7871196453685
5.056999999994884,-203.4279172145474
5.057999999994881,-77.205782484474
5.058999999994879,56.55443677238373
5.059999999994877,184.79177407839697
5.060999999994874,294.9847239128771
5.061999999994872,376.37407746942625
5.06299999999487,421.0135197430843
5.063999999994867,424.54537516516126
5.064999999994865,386.62580270851066
5.065999999994863,310.95802993965015
5.06699999999486,204.93050724600732
5.067999999994858,78.89541182653164
5.068999999994856,-54.842017675821594
5.069999999994853,-183.22467863704128
5.070999999994851,-293.71815464902386
5.071999999994849,-375.53429862490117
5.072999999994846,-420.6844790626212
5.073999999994844,-424.7596869067453
5.074999999994842,-387.3612921190455
5.075999999994839,-312.1402877950539
5.076999999994837,-206.44106477535203
5.077999999994835,-80.58439892462012
5.078999999994832,53.140375965196284
5.07999999999483,181.6755643878294
5.080999999994828,292.47038503001187
5.081999999994825,374.7066839995281
5.082999999994823,420.3553077039382
5.083999999994821,424.9599555079053
5.084999999994818,388.07201794316103
5.085999999994816,313.2940453880248
5.086999999994814,207.92772763609412
5.087999999994811,82.26085512226288
5.088999999994809,-51.43708062645363
5.089999999994807,-180.11261812242324
5.090999999994804,-291.20254376216343
5.091999999994802,-373.86030581819426
5.0929999999948,-420.0149766773087
5.093999999994797,-425.15940249066887
5.094999999994795,-388.7905450373235
5.095999999994793,-314.45891912598483
5.09699999999479,-209.42217424055224
5.097999999994788,-83.93654525106189
5.098999999994786,49.74468182096392
5.099999999994783,178.56785906595894
5.100999999994781,289.95387443791236
5.101999999994779,373.02665188736944
5.102999999994776,419.67520199947916
5.103999999994774,425.3454856052871
5.104999999994772,389.48481021394906
5.105999999994769,315.59546775677114
5.106999999994767,210.89249950617724
5.107999999994765,85.599103898778
5.108999999994762,-48.05147750539308
5.10999999999476,-177.0101767271657
5.110999999994758,-288.68591295955576
5.111999999994755,-372.1747485909642
5.112999999994753,-419.3244700551383
5.113999999994751,-425.5306836534344
5.114999999994748,-390.186656043893
5.115999999994746,-316.7428764894805
5.116999999994744,-212.37040191044144
5.117999999994741,-87.26075644385688
5.118999999994739,46.36929399317131
5.119999999994737,175.47087901978364
5.120999999994734,287.4374735966801
5.121999999994732,371.33609715416065
5.12299999999473,418.9749444076533
5.123999999994727,425.70316205496465
5.124999999994725,390.86471469653327
5.125999999994723,317.8621205657939
5.1269999999947204,213.82395519049226
5.127999999994718,88.90868812445976
5.128999999994716,-44.68713267822811
5.1299999999947135,-173.91954087983635
5.130999999994711,-286.1704935121264
5.131999999994709,-370.47968254994197
5.1329999999947065,-418.6146372165521
5.133999999994704,-425.8746673934345
5.134999999994702,-391.5501121306293
5.1359999999946995,-318.9919528037334
5.136999999994697,-215.28487143597818
5.137999999994695,-90.55557766396593
5.1389999999946925,43.016098493764936
5.13999999999469,172.38675255374378
5.140999999994688,284.92334165305584
5.1419999999946855,369.63699686101484
5.142999999994683,418.25613657502225
5.143999999994681,426.03405632699116
5.1449999999946785,392.212171479041
5.145999999994676,320.09377443126795
5.146999999994674,216.72122408353687
5.1479999999946715,92.18818719144669
5.148999999994669,-41.34587213905247
5.149999999994667,-170.84275871565234
5.1509999999946645,-283.65835227265967
5.151999999994662,-368.7769899340041
5.15299999999466,-417.8869926130725
5.1539999999946575,-426.1923552353729
5.154999999994655,-392.88130872775315
5.155999999994653,-321.20590486572775
5.1569999999946505,-218.16473164526386
5.157999999994648,-93.8196399350232
5.158999999994646,39.68684198357661
5.1599999999946435,169.31742831677832
5.160999999994641,282.413435702475
5.161999999994639,367.93112445301796
5.1629999999946365,417.5201965606838
5.163999999994634,426.33909639372024
5.164999999994632,393.5275335893901
5.1659999999946296,322.29018014455636
5.166999999994627,219.58348695539453
5.167999999994625,95.43629961573518
5.168999999994623,-38.02934568855116
5.16999999999462,-167.78166204845414
5.170999999994618,-281.1513212039849
5.171999999994616,-367.0683235329297
5.172999999994613,-417.1428506777889
5.173999999994611,-426.48459957078876
5.174999999994609,-394.1805596375604
5.175999999994606,-323.3844853024583
5.176999999994604,-221.00920676893278
5.177999999994602,-97.05172316240231
5.178999999994599,36.383062584995876
5.179999999994597,166.26460701900103
5.180999999994595,279.90945020672893
5.181999999994592,366.2200027200324
5.18299999999459,416.76832966221264
5.183999999994588,426.6190578278202
5.184999999994585,394.8110786635747
5.185999999994583,324.4510991301068
5.186999999994581,222.41002157590785
5.187999999994578,98.65189878065146
5.188999999994576,-34.738966986884314
5.189999999994574,-164.73780838251184
5.190999999994571,-278.65094712275635
5.191999999994569,-365.35506897225696
5.192999999994567,-416.38330403538737
5.193999999994564,-426.7520994494241
5.194999999994562,-395.4481102227931
5.19599999999456,-325.52747120466194
5.196999999994557,-223.81763705995883
5.197999999994555,-100.25080417430722
5.198999999994553,33.106039582263286
5.19999999999455,163.2296940837189
5.200999999994548,277.41277731521603
5.201999999994546,364.50487554072066
5.202999999994543,416.00151401877457
5.203999999994541,426.8745641759291
5.204999999994539,396.06302343825087
5.205999999994536,326.5763299660401
5.206999999994534,225.20023800613126
5.207999999994532,101.8340729605602
5.208999999994529,-31.475873167124462
5.209999999994527,-161.71244438597176
5.210999999994525,-276.1584626738536
5.211999999994522,-363.6383258823357
5.21299999999452,-415.6092163645729
5.213999999994518,-426.9954053270258
5.214999999994515,-396.68415295428366
5.215999999994513,-327.63468828287
5.216999999994511,-226.58950853852264
5.217999999994508,-103.41608857048358
5.218999999994506,29.856763022580118
5.219999999994504,160.21377392875976
5.220999999994501,274.924488392532
5.221999999994499,362.7866983048248
5.222999999994497,415.22050051049143
5.223999999994494,427.1060958331952
5.224999999994492,397.2835401145731
5.22599999999449,328.6657299745487
5.226999999994487,227.9537026634399
5.227999999994485,104.98214895154781
5.228999999994483,-28.240904363896046
5.22999999999448,-158.70649081653877
5.230999999994478,-273.6747781589931
5.231999999994476,-361.9189072576022
5.232999999994473,-414.8212289928946
5.233999999994471,-427.21493174460244
5.234999999994469,-397.8888443312512
5.235999999994466,-329.7060297326455
5.236999999994464,-229.3244713433636
5.237999999994462,-106.54702623762275
5.238999999994459,26.635922941405415
5.239999999994457,157.2176051985582
5.240999999994455,272.4453357397002
5.241999999994452,361.06614577380185
5.24299999999445,414.42582563428454
5.243999999994448,427.31400618056443
5.244999999994445,398.4727735950311
5.245999999994443,330.7192312599143
5.246999999994441,230.67015101124974
5.2479999999944384,108.09569968074892
5.248999999994436,-25.034602283854
5.249999999994434,-155.72054759494407
5.2509999999944315,-271.20049261528663
5.251999999994429,-360.1973552702765
5.252999999994427,-414.01977955079576
5.2539999999944245,-427.4109765225213
5.254999999994422,-399.0623221863072
5.25599999999442,-331.74146938337816
5.2569999999944175,-232.02234689965547
5.257999999994415,-109.64331138532468
5.258999999994413,23.443916781554847
5.2599999999944105,154.2416350687593
5.260999999994408,269.97577236846007
5.261999999994406,359.3436352038246
5.2629999999944035,413.6178353774148
5.263999999994401,427.49854342350005
5.264999999994399,399.6308586351483
5.2659999999943965,332.7368509657171
5.266999999994394,233.34948942640602
5.267999999994392,111.17453709679071
5.2689999999943895,-21.857225875335182
5.269999999994387,-152.7549166308873
5.270999999994385,-268.7359215316551
5.2719999999943825,-358.47397097972754
5.27299999999438,-413.20513044765477
5.273999999994378,-427.5837448014627
5.2749999999943755,-400.2047224661907
5.275999999994373,-333.74106909947653
5.276999999994371,-234.68312477830244
5.2779999999943685,-112.70486881599793
5.278999999994366,20.280872606726604
5.279999999994364,151.28602977329385
5.2809999999943615,267.51598680986183
5.281999999994359,357.619361849651
5.282999999994357,412.7967176454434
5.2839999999943545,427.65987639161494
5.284999999994352,400.75793606718315
5.28599999999435,334.71869591045265
5.2869999999943476,235.99178741301426
5.287999999994345,114.21869242017948
5.288999999994343,-18.708781304085374
5.289999999994341,-149.80963916265713
5.290999999994338,-266.2811378429102
5.291999999994336,-356.748854795163
5.292999999994334,-412.37740457292193
5.293999999994331,-427.7333761486885
5.294999999994329,-401.3161947215081
5.295999999994327,-335.7049807732711
5.296999999994324,-237.30695067647616
5.297999999994322,-115.73182882161792
5.29899999999432,17.146684983523738
5.299999999994317,148.35071779726428
5.300999999994315,265.0659493269405
5.301999999994313,355.89334351015214
5.30299999999431,411.9625405399405
5.303999999994308,427.79812250845936
5.304999999994306,401.85416741020066
5.305999999994303,336.66496210707163
5.306999999994301,238.59726181715405
5.307999999994299,117.22838640710344
5.308999999994296,-15.589062839454382
5.309999999994294,-146.88454380858738
5.310999999994292,-263.8360223707738
5.311999999994289,-355.02195421793004
5.312999999994287,-411.53662545491517
5.313999999994285,-427.85997295593984
5.314999999994282,-402.3969157083824
5.31599999999428,-337.6334435613378
5.316999999994278,-239.89410736246265
5.317999999994275,-118.72449356604348
5.318999999994273,14.04105993702122
5.319999999994271,145.43544176116987
5.320999999994268,262.6254655699065
5.321999999994266,354.16547056629645
5.322999999994264,411.1152937030956
5.323999999994261,427.91337619766625
5.324999999994259,402.91974736114037
5.325999999994257,338.57592994152884
5.326999999994254,241.16625503183243
5.327999999994252,120.20399263006037
5.32899999999425,-12.497700927070868
5.329999999994247,-143.9793012549854
5.330999999994245,-261.40031968938325
5.331999999994243,-353.2931152942167
5.33299999999424,-410.6827591193625
5.333999999994238,-427.9636284568378
5.334999999994236,-403.4471006835083
5.335999999994233,-339.5267772413132
5.336999999994231,-242.444990672334
5.337999999994229,-121.6832980423213
5.338999999994226,10.963565194221562
5.339999999994224,142.5398148901144
5.340999999994222,260.19423365664704
5.341999999994219,352.43555797921834
5.342999999994217,410.254930033478
5.343999999994215,428.0057361318181
5.344999999994212,403.95491382990775
5.34599999999421,340.45195596350044
5.346999999994208,243.69920933215093
5.347999999994205,123.14599689346994
5.348999999994203,-9.434213667607233
5.349999999994201,-141.09348151164352
5.350999999994198,-258.9736954646282
5.351999999994196,-351.56213433436284
5.352999999994194,-409.81575504891924
5.353999999994191,-428.04445286183017
5.354999999994189,-404.4670121330399
5.355999999994187,-341.3853726899194
5.356999999994184,-244.96008271217482
5.357999999994182,-124.60876869445153
5.35899999999418,7.913682002653297
5.359999999994177,139.66337810329628
5.360999999994175,257.7719008527201
5.361999999994173,350.7033959401723
5.36299999999417,409.3814053024027
5.363999999994168,428.07532992935415
5.364999999994166,404.95995532884587
5.365999999994163,342.2934623102879
5.366999999994161,246.19663946612908
5.367999999994159,126.05495578868845
5.3689999999941564,-6.398058117532693
5.369999999994154,-138.2266099342167
5.370999999994152,-256.555791620845
5.3719999999941495,-349.8288067678763
5.372999999994147,-408.93558392892686
5.373999999994145,-428.1025963329358
5.3749999999941425,-405.4569658050352
5.37599999999414,-343.20968050027835
5.376999999994138,-247.4399243196253
5.3779999999941355,-127.50148257512834
5.378999999994133,4.890855125185916
5.379999999994131,136.80565413806272
5.3809999999941285,255.35811643514495
5.381999999994126,348.9687962565054
5.382999999994124,408.4947135380299
5.3839999999941215,428.1223351444863
5.384999999994119,405.9352156380591
5.385999999994117,344.10092475640255
5.3869999999941145,248.6591054455036
5.387999999994112,128.93145708371304
5.38899999999411,-3.3886782469275176
5.3899999999941075,-135.37821869189202
5.390999999994105,-254.14627619144773
5.391999999994103,-348.09297046862275
5.3929999999941005,-408.04227024738435
5.393999999994098,-428.13826777334754
5.394999999994096,-406.41733401371795
5.3959999999940935,-345.0001986822947
5.396999999994091,-249.88508859163397
5.397999999994089,-130.36202951850598
5.3989999999940865,1.8945381200887605
5.399999999994084,133.966195696113
5.400999999994082,252.95257790252452
5.4019999999940795,347.23163208895585
5.402999999994077,407.5949164633778
5.403999999994075,428.1469956635086
5.4049999999940725,406.8810957549762
5.40599999999407,345.8748602663007
5.406999999994068,251.08718718143027
5.4079999999940656,131.77608417509356
5.408999999994063,-0.4055469727125108
5.409999999994061,-132.54789101129842
5.410999999994059,-251.74488535459096
5.411999999994056,-346.35454146595544
5.412999999994054,-407.1359182695309
5.413999999994052,-428.15174868743475
5.414999999994049,-407.34854625552
5.415999999994047,-346.75746024634225
5.416999999994045,-252.29615693758797
5.417999999994042,-133.1909792806697
5.41899999999404,-1.0757683372021085
5.419999999994038,131.14462530881482
5.420999999994035,250.5550683963651
5.421999999994033,345.4918692738399
5.422999999994031,406.68216575577253
5.423999999994028,428.1496329086267
5.424999999994026,407.7980531984979
5.425999999994024,347.6158147627967
5.426999999994021,253.48146222103472
5.427999999994019,134.5893862634013
5.428999999994017,2.551799616783311
5.429999999994014,-129.73529627913726
5.430999999994012,-249.35145589718348
5.43199999999401,-344.6135406093006
5.432999999994007,-406.2167304084106
5.433999999994005,-428.143401660487
5.434999999994003,-408.2510872390606
5.435999999994,-348.4820212866675
5.436999999993998,-254.67369870597412
5.437999999993996,-135.98885500514555
5.438999999993993,-4.020486605741332
5.439999999993991,128.3406654039635
5.440999999993989,248.16548396515662
5.441999999993986,343.7495881402636
5.442999999993984,405.7567174072218
5.443999999993982,428.1306515507525
5.444999999993979,408.68659879872916
5.445999999993977,349.3243516311431
5.446999999993975,255.84248742345096
5.447999999993972,137.37185530052085
5.44899999999397,5.483736989538738
5.449999999993968,-126.94021488961594
5.450999999993965,-246.96594713122767
5.451999999993963,-342.87011043893074
5.452999999993961,-405.285017530975
5.453999999993958,-428.1136733137531
5.454999999993956,-409.1254924881365
5.455999999993954,-350.1744499920435
5.456999999993951,-257.01825501180264
5.457999999993949,-138.75611375839034
5.458999999993947,-6.939941478429891
5.459999999993944,125.55415785766264
5.460999999993942,245.78385008278477
5.46199999999394,342.0049954138215
5.462999999993937,404.8189379855331
5.463999999993935,428.0905397412141
5.464999999993933,409.54729116752105
5.46599999999393,351.0010412974259
5.466999999993928,258.17078499815483
5.467999999993926,140.1239101584404
5.468999999993923,8.390536262724762
5.469999999993921,-124.16255250745058
5.470999999993919,-244.5884520522849
5.471999999993916,-341.1245221867565
5.472999999993914,-404.3412012553245
5.473999999993912,-428.063091896728
5.474999999993909,-409.97234175209843
5.475999999993907,-351.8353168394843
5.476999999993905,-259.33032699808
5.477999999993902,-141.49313430206251
5.4789999999939,-9.834348898683476
5.479999999993898,122.78507307297129
5.480999999993895,243.41032757516413
5.481999999993893,340.25842645218677
5.482999999993891,403.8693030984317
5.483999999993888,428.0298641740898
5.484999999993886,410.38072912185976
5.485999999993884,352.6464520656534
5.486999999993881,260.46683296365524
5.487999999993879,142.845887924738
5.488999999993877,11.272357410755523
5.4899999999938744,-121.40234413824138
5.490999999993872,-242.21919823639303
5.49199999999387,-339.37717345685456
5.4929999999938675,-403.3858087755726
5.493999999993865,-427.9922599749511
5.494999999993863,-410.79225053821955
5.4959999999938605,-353.46518609501334
5.496999999993858,-261.61036843039636
5.497999999993856,-144.200211770485
5.4989999999938535,-12.703813450196694
5.499999999993851,120.03350929903024
5.500999999993849,241.04520876814956
5.5019999999938465,338.51033864408515
5.502999999993844,402.9083888186145
5.503999999993842,427.9492605779295
5.5049999999938395,411.18754242378463
5.505999999993837,354.2611422879851
5.506999999993835,262.731059787753
5.5079999999938325,145.53804177982337
5.50899999999383,14.129250777939909
5.509999999993828,-118.65974900863564
5.5109999999938255,-239.85853957785545
5.511999999993823,-337.6285776735613
5.512999999993821,-402.41946117728367
5.5139999999938185,-427.90184294260905
5.514999999993816,-411.585860178205
5.515999999993814,-355.0646086583124
5.5169999999938115,-263.85878226804783
5.517999999993809,-146.87755852313046
5.518999999993807,-15.548333577446996
5.5199999999938045,117.29968344921157
5.520999999993802,238.68890521302365
5.5219999999938,336.7612972886842
5.5229999999937975,401.93685721507234
5.523999999993795,427.84942048649253
5.524999999993793,411.96838129626315
5.5259999999937905,355.8456538788256
5.526999999993788,264.96384275509314
5.527999999993786,148.20054457222287
5.5289999999937836,16.961165657794094
5.529999999993781,-115.9350377359487
5.530999999993779,-237.5069404411216
5.531999999993777,-335.8793468141793
5.532999999993774,-401.44285654696256
5.533999999993772,-427.79255431776795
5.53499999999377,-412.3538269338159
5.535999999993767,-356.6341162444634
5.536999999993765,-266.07592068254144
5.537999999993763,-149.5253101630717
5.53899999999376,-18.367813137177087
5.539999999993758,114.58391507653485
5.540999999993756,236.3419287454605
5.541999999993753,335.0119556379999
5.542999999993751,400.9554374287027
5.543999999993749,427.7310753374399
5.544999999993746,412.7239052622992
5.545999999993744,357.40050715689244
5.546999999993742,267.165509478018
5.547999999993739,150.8334969845026
5.548999999993737,19.767964412791752
5.549999999993735,-113.2285735845989
5.550999999993732,-235.1649541272253
5.55199999999373,-334.130169238443
5.552999999993728,-400.45674942188464
5.553999999993725,-427.66513894162625
5.554999999993723,-413.09681072616365
5.555999999993721,-358.17421688538315
5.556999999993718,-268.26208789908026
5.557999999993716,-152.1435355446404
5.558999999993714,-21.1620776651531
5.559999999993711,111.88660540800429
5.560999999993709,234.00486788082608
5.561999999993707,333.2630310087569
5.562999999993704,399.96490391624576
5.563999999993702,427.59497907573694
5.5649999999937,413.4547719209232
5.565999999993697,358.9261970002363
5.566999999993695,269.33634190243384
5.567999999993693,153.43693907242888
5.56899999999369,22.549440462527276
5.569999999993688,-110.54078977616075
5.570999999993686,-232.83319772056913
5.571999999993683,-332.3817845798103
5.572999999993681,-399.46192825065066
5.573999999993679,-427.5203552940742
5.574999999993676,-413.8154641207408
5.575999999993674,-359.6853917388496
5.576999999993672,-270.4175452057852
5.577999999993669,-154.73224953576795
5.578999999993667,-23.930893660839512
5.579999999993665,109.20821342975105
5.580999999993662,231.67836163741066
5.58199999999366,331.51527895113105
5.582999999993658,398.9660535491314
5.583999999993655,427.4418904858423
5.584999999993653,414.16162629883866
5.585999999993651,360.42319030678107
5.586999999993648,271.4765821577856
5.587999999993646,156.01086394482715
5.588999999993644,25.30533844920369
5.589999999993641,-107.87216483606764
5.590999999993639,-230.51232539746204
5.591999999993637,-330.6349576735285
5.592999999993634,-398.4591925399141
5.593999999993632,-427.35895813887
5.59499999999363,-414.51042220167733
5.595999999993627,-361.1680932015685
5.596999999993625,-272.5425174909265
5.597999999993623,-157.29142732397088
5.59899999999362,-26.67398923213541
5.599999999993618,106.54923096522457
5.600999999993616,229.36307282246727
5.601999999993613,329.76946740243
5.602999999993611,397.9596832024002
5.603999999993609,427.27255643333467
5.604999999993606,414.8450913937894
5.605999999993604,361.89192475593217
5.606999999993602,273.5864396305898
5.607999999993599,158.5552324148902
5.608999999993597,28.03537497899407
5.609999999993595,-105.22319784759011
5.6109999999935924,-228.20300215225072
5.61199999999359,-328.89045337120206
5.612999999993588,-397.4493312506835
5.6139999999935855,-427.18168262469464
5.614999999993583,-415.1822939202281
5.615999999993581,-362.62274431674786
5.6169999999935785,-274.63720071369045
5.617999999993576,-159.82101915117607
5.618999999993574,-29.391074578782014
5.6199999999935715,103.91015851993023
5.620999999993569,227.05966263041162
5.621999999993567,328.02635256830064
5.6229999999935645,396.946569298631
5.623999999993562,427.08769706786535
5.62499999999356,415.505760450144
5.6259999999935575,363.33280885344
5.626999999993555,275.6660986964554
5.627999999993553,161.06998757240575
5.6289999999935505,30.73925851751359
5.629999999993548,-102.59438526615502
5.630999999993546,-225.90587965707667
5.6319999999935435,-327.1490138506227
5.632999999993541,-396.43310379135306
5.633999999993539,-426.9892308011698
5.6349999999935365,-415.8316554006862
5.635999999993534,-364.04973944435653
5.636999999993532,-276.7017697736245
5.6379999999935295,-162.32096450324818
5.638999999993527,-32.08186100426251
5.639999999993525,101.29148340283139
5.6409999999935225,224.76876811140247
5.64199999999352,326.2866579835854
5.642999999993518,395.9274505156019
5.6439999999935155,426.8879938347229
5.644999999993513,416.1441913790799
5.645999999993511,364.74622320768736
5.6469999999935085,277.7157266089514
5.647999999993506,163.55506838713745
5.648999999993504,33.416707254513696
5.6499999999935016,-99.98620064463412
5.650999999993499,-223.62157563768218
5.651999999993497,-325.4113396992887
5.652999999993495,-395.4112246574195
5.653999999993492,-426.78226127220427
5.65499999999349,-416.45904553689803
5.655999999993488,-365.4494461183826
5.656999999993485,-278.7363863125907
5.657999999993483,-164.79120495252866
5.658999999993481,-34.746077410016866
5.659999999993478,98.69366130525876
5.660999999993476,222.49098370368148
5.661999999993474,324.55105784241215
5.662999999993471,394.90301453476064
5.663999999993469,426.6740808844539
5.664999999993467,416.7609035731622
5.665999999993464,366.132522934287
5.666999999993462,279.73548111290495
5.66799999999346,166.01042163564168
5.668999999993457,36.067464037237514
5.669999999993455,-97.39907827001949
5.670999999993453,-221.35065775889595
5.67199999999345,-323.6780756592934
5.672999999993448,-394.38435241447314
5.673999999993446,-426.5613824326653
5.674999999993443,-417.0649640392189
5.675999999993441,-366.8222079577831
5.676999999993439,-280.74120605033573
5.677999999993436,-167.2316950424743
5.678999999993434,-37.38348351980023
5.679999999993432,96.11710214878558
5.680999999993429,220.22684761570173
5.681999999993427,322.82016527630987
5.682999999993425,393.8738893416394
5.683999999993422,426.4465401754978
5.68499999999342,417.3563771787936
5.685999999993418,367.49204102498675
5.686999999993415,281.7255174198917
5.687999999993413,168.43601163875675
5.688999999993411,38.69130777093735
5.689999999993408,-94.8334013317271
5.690999999993406,-219.09363259463436
5.691999999993404,-321.94980150279326
5.692999999993401,-393.35308334706497
5.693999999993399,-426.32714943599336
5.694999999993397,-417.6498719000825
5.695999999993394,-368.16834843719863
5.696999999993392,-282.7163853281527
5.69799999999339,-169.64241080144728
5.698999999993387,-39.99387938444403
5.699999999993385,93.56216063273683
5.700999999993383,217.9768334222398
5.70199999999338,321.094525842553
5.702999999993378,392.84063921276476
5.703999999993376,426.20590027325545
5.704999999993373,417.93105470381266
5.705999999993371,368.8250924583907
5.706999999993369,283.6859942562585
5.707999999993366,170.83182749536982
5.708999999993364,41.288060989264224
5.709999999993362,-92.28949486455495
5.710999999993359,-216.8509398403039
5.711999999993357,-320.2270280980061
5.712999999993355,-392.31794972716347
5.713999999993352,-426.0800647536248
5.71499999999335,-418.21419406877385
5.715999999993348,-369.48817526855913
5.716999999993345,-284.66208660921734
5.717999999993343,-172.023355668959
5.718999999993341,-42.57711101842446
5.719999999993338,91.02913154228303
5.720999999993336,215.74134683580408
5.721999999993334,319.3746160869253
5.722999999993331,391.8037651721038
5.723999999993329,425.95263857307896
5.724999999993327,418.48534467061626
5.725999999993324,370.13197878168336
5.726999999993322,285.61707877315763
5.72799999999332,173.19788769292018
5.728999999993317,43.857593586437325
5.729999999993315,-89.76762335408942
5.730999999993313,-214.6229515433522
5.7319999999933104,-318.5101983453841
5.732999999993308,-391.27942232561463
5.733999999993306,-425.8205819332182
5.7349999999933035,-418.7583239745619
5.735999999993301,-370.7819851089621
5.736999999993299,-286.57848276690726
5.7379999999932965,-174.37456380683835
5.738999999993294,-45.13307229358262
5.739999999993292,88.51824954215375
5.7409999999932895,213.52072725413763
5.741999999993287,317.6608466940525
5.742999999993285,390.76370939535974
5.7439999999932825,425.6871864467497
5.74499999999328,419.0196268917831
5.745999999993278,371.4129928712044
5.7469999999932755,287.51895019211884
5.747999999993273,175.53424215610093
5.748999999993271,46.39982296457339
5.7499999999932685,-87.2679925797707
5.750999999993266,-212.4099757926323
5.751999999993264,-316.7996923496194
5.7529999999932615,-390.23791651753083
5.753999999993259,-425.5491119637083
5.754999999993257,-419.28262942530796
5.7559999999932545,-372.05006829901873
5.756999999993252,-288.4657600782555
5.75799999999325,-176.69610094406798
5.7589999999932475,-47.66170346072012
5.759999999993245,86.02969289641152
5.760999999993243,211.31525338515618
5.7619999999932405,315.9535694599803
5.762999999993238,389.7208628042612
5.763999999993236,425.4099366437496
5.7649999999932335,419.5342588592658
5.765999999993231,372.6684235791922
5.766999999993229,289.3918021487575
5.7679999999932265,177.84097196177757
5.768999999993224,48.91471107024691
5.769999999993222,-84.790755016616
5.7709999999932196,-210.21226404976358
5.771999999993217,-315.0958359501828
5.772999999993215,-389.19380113498653
5.773999999993213,-425.2660315176553
5.77499999999321,-419.78745934904055
5.775999999993208,-373.29271335164736
5.776999999993206,-290.32411993049556
5.777999999993203,-178.98806305374194
5.778999999993201,-50.16298686485839
5.779999999993199,83.56359033390312
5.780999999993196,209.12515203225257
5.781999999993194,314.253087121252
5.782999999993192,388.6755749373
5.783999999993189,425.1212521766931
5.784999999993187,420.02958270301946
5.785999999993185,373.8985600063003
5.786999999993182,291.2358437867845
5.78799999999318,180.1181870838261
5.788999999993178,51.40225896526134
5.789999999993175,-82.33601793284365
5.790999999993173,-208.03002112491933
5.791999999993171,-313.39891157979986
5.792999999993168,-388.14740910725897
5.793999999993166,-424.971692277905
5.794999999993164,-420.2731508339182
5.795999999993161,-374.510210954024
5.796999999993159,-292.1537793360798
5.797999999993157,-181.2505732843193
5.798999999993154,-52.636940562231864
5.799999999993152,81.12003013361183
5.80099999999315,206.95060898762912
5.801999999993147,312.5596649678183
5.802999999993145,387.62816510948863
5.803999999993143,424.8214758916064
5.80499999999314,420.50593218555406
5.805999999993138,375.1036951891083
5.806999999993136,293.051299737262
5.807999999993133,182.36602263765727
5.808999999993131,53.862499687405275
5.809999999993129,-79.9038532149089
5.810999999993126,-205.8634167129276
5.811999999993124,-311.7091703580709
5.812999999993122,-387.09904889510165
5.813999999993119,-424.6664305579267
5.814999999993117,-420.74003595610776
5.815999999993115,-375.7028573037605
5.816999999993112,-293.95497042735786
5.81799999999311,-183.483777650473
5.818999999993108,-55.08361062773048
5.819999999993105,78.69907043728621
5.820999999993103,204.7917809363142
5.821999999993101,310.87354314724087
5.822999999993098,386.57893388388203
5.823999999993096,424.51093995517317
5.824999999993094,420.963639253217
5.825999999993091,376.284129058849
5.826999999993089,294.8384091881554
5.827999999993087,184.5846341549719
5.828999999993084,56.29549020639975
5.829999999993082,-77.49430792213994
5.83099999999308,-203.71259740034267
5.831999999993077,-310.02684434810305
5.832999999993075,-386.0490157728585
5.833999999993073,-424.3505764849808
5.83499999999307,-421.1884479551661
5.835999999993068,-376.8709566703141
5.836999999993066,-295.727939163302
5.837999999993063,-185.68784002969704
5.838999999993061,-57.50306295783985
5.839999999993059,76.30074980794518
5.840999999993056,202.64880731153244
5.841999999993054,309.1949486292318
5.842999999993052,385.5281739535634
5.843999999993049,424.18997457868875
5.844999999993047,421.4030397494639
5.845999999993045,377.4401705964654
5.846999999993042,296.59742429538426
5.84799999999304,186.77419243823118
5.848999999993038,58.70130326384512
5.849999999993035,-75.10741462416442
5.850999999993033,-201.5776981328069
5.851999999993031,-308.3521580043109
5.8529999999930284,-384.9976021198359
5.853999999993026,-424.02446212583743
5.854999999993024,-421.61872641001673
5.8559999999930215,-378.0148231417107
5.856999999993019,-297.47294351261525
5.857999999993017,-187.86293700585995
5.8589999999930145,-59.89537532712458
5.859999999993012,73.92509713652818
5.86099999999301,200.5218211563022
5.8619999999930075,307.5241059321539
5.862999999993005,384.47617967160335
5.863999999993003,423.85891542450616
5.8649999999930005,421.8244779947516
5.865999999992998,378.57213917664524
5.866999999992996,298.32860820800437
5.8679999999929935,188.9348785175402
5.868999999992991,61.080019811683016
5.869999999992989,-72.74320068827063
5.8709999999929865,-199.4588522774392
5.871999999992984,-306.68533799915855
5.872999999992982,-383.94510604234284
5.8739999999929795,-423.6884280726799
5.874999999992977,-422.03122117685655
5.875999999992975,-379.13478157626236
5.8769999999929725,-299.1902513870668
5.87799999999297,-190.00925305126745
5.878999999992968,-62.26063035587324
5.8799999999929655,71.5721401432823
5.880999999992963,198.41095821872275
5.881999999992961,305.8612458974438
5.8829999999929585,383.4232546427049
5.883999999992956,423.5181092909164
5.884999999992954,422.22831004892646
5.8859999999929515,379.6803651449478
5.886999999992949,300.03223297237906
5.887999999992947,191.06687915983065
5.8889999999929445,63.43172263722291
5.889999999992942,-70.40169585419112
5.89099999999294,-197.35619961253514
5.8919999999929376,-305.02662082240704
5.892999999992935,-382.8918378394765
5.893999999992933,-423.3428281675639
5.894999999992931,-422.4262949562299
5.895999999992928,-380.23116782596065
5.896999999992926,-300.88013857404377
5.897999999992924,-192.12697645063037
5.898999999992921,-64.59890989884774
5.899999999992919,69.24191191284221
5.900999999992917,196.31636372610882
5.901999999992914,304.20661201890033
5.902999999992912,382.36971699276046
5.90399999999291,423.1679178356748
5.904999999992907,422.61490557627604
5.905999999992905,380.76518971164603
5.906999999992903,301.7085775458328
5.9079999999929,193.1703832794998
5.908999999992898,65.75649159888911
5.909999999992896,-68.08293764300097
5.910999999992893,-195.26989180766674
5.911999999992891,-303.3762577769758
5.912999999992889,-381.83812403289244
5.913999999992886,-422.98803220540645
5.914999999992884,-422.8043244603827
5.915999999992882,-381.3043283269486
5.916999999992879,-302.54288687423735
5.917999999992877,-194.21629625256517
5.918999999992875,-66.91029118725682
5.919999999992872,66.93445511983631
5.92099999999287,194.2381965229702
5.921999999992868,302.5604640705175
5.922999999992865,381.3159021408084
5.923999999992863,422.808719257347
5.924999999992861,422.98464832992056
5.925999999992858,381.8269642670849
5.926999999992856,303.357926093899
5.927999999992854,195.24557946971152
5.928999999992851,68.05440071110067
5.929999999992849,-65.78697437181377
5.930999999992847,-193.20009520206074
5.931999999992844,-301.73451723357437
5.932999999992842,-380.7843088895475
5.93399999999284,-422.6244266118149
5.934999999992837,-423.16570024029323
5.935999999992835,-382.35461916789177
5.936999999992833,-304.1787825854261
5.93799999999283,-196.2774004012777
5.938999999992828,-69.1948448669506
5.939999999992826,64.64982383271689
5.940999999992823,192.17663050186746
5.941999999992821,300.9230790106688
5.942999999992819,380.2621631021552
5.943999999992816,422.4409080045541
5.944999999992814,423.3379353551724
5.945999999992812,382.8660492304577
5.946999999992809,304.98056667870736
5.947999999992807,197.2926547392278
5.948999999992805,70.32551712453996
5.949999999992802,-63.51386577284811
5.9509999999928,-191.14699092724655
5.951999999992798,-300.1016842342946
5.952999999992795,-379.73075355775103
5.953999999992793,-422.2524132351533
5.954999999992791,-423.51082530740354
5.955999999992788,-383.3824047469968
5.956999999992786,-305.78811540372726
5.957999999992784,-198.31047506570746
5.958999999992781,-71.45263488783034
5.959999999992779,62.3880830006984
5.960999999992777,190.13185348413677
5.961999999992774,299.2947493577973
5.962999999992772,379.20886853091935
5.96399999999277,422.06489271414677
5.964999999992767,423.67517507779576
5.965999999992765,383.88281254177815
5.966999999992763,306.57679037363226
5.96799999999276,199.31179440633372
5.968999999992758,72.56990187199081
5.969999999992756,-61.26368142244041
5.970999999992753,-189.11077263570925
5.971999999992751,-298.478057735157
5.972999999992749,-378.677833108159
5.9739999999927464,-421.872406508117
5.974999999992744,-423.8401127437949
5.975999999992742,-384.3880561244776
5.9769999999927395,-307.3711777442044
5.977999999992737,-200.31570505716144
5.978999999992735,-73.68372003339222
5.9799999999927325,60.14930592062514
5.98099999999273,188.10406390662828
5.981999999992728,297.6757794147251
5.9829999999927255,378.15639886535087
5.983999999992723,421.68109268406175
5.984999999992721,423.996784494906
5.9859999999927185,384.8776278984578
5.986999999992716,308.14689077505847
5.987999999992714,201.30318298828306
5.9889999999927115,74.78761209536736
5.989999999992709,-59.036497358012994
5.990999999992707,-187.09164227269636
5.9919999999927045,-296.8639459427184
5.992999999992702,-377.62593190312657
5.9939999999927,-421.4848293298822
5.9949999999926975,-424.15398253785247
5.995999999992695,-385.3719491668954
5.996999999992693,-308.92826442349764
5.9979999999926905,-202.29327512738547
5.998999999992688,-75.88815674586193
5.999999999992686,57.933570132077556
6.0009999999926835,186.09346582188476
6.001999999992681,296.0664798607919
6.002999999992679,377.1051410513231
6.0039999999926765,421.2899332678111
6.004999999992674,424.3031857214862
6.005999999992672,385.8508728291815
6.0069999999926695,309.69116383067836
6.007999999992667,203.26700583709294
6.008999999992665,76.97870435964846
6.0099999999926625,-56.832391388471436
6.01099999999266,-185.08980445768697
6.011999999992658,-295.2596603146835
6.0129999999926556,-376.5754378131436
6.013999999992653,-421.0901080815937
6.014999999992651,-424.4528579110363
6.015999999992649,-386.33446257255684
6.016999999992646,-310.4596726054487
6.017999999992644,-204.24337186596287
6.018999999992642,-78.06600281154051
6.019999999992639,55.74095228902765
6.020999999992637,184.10026282166615
6.021999999992635,294.467161321105
6.022999999992632,376.0554823943644
6.02399999999263,420.8918406228441
6.024999999992628,424.5948021667926
6.025999999992625,386.8029266907349
6.026999999992623,311.2099078712517
6.027999999992621,205.2034512195545
6.028999999992618,79.14323859034556
6.029999999992616,-54.65143767669616
6.030999999992614,-183.10546011331115
6.031999999992611,-293.6655088605492
6.032999999992609,-375.5267358492984
6.033999999992607,-420.6886672223145
6.034999999992604,-424.73716141500165
6.035999999992602,-387.2759758608125
6.0369999999926,-311.9657018876409
6.037999999992597,-206.16618588189087
6.038999999992595,-80.21732142801702
6.039999999992593,53.57152260444089
6.04099999999259,182.12465153712128
6.041999999992588,292.8781275617396
6.042999999992586,375.0078041180302
6.043999999992583,420.4872362660712
6.044999999992581,424.8720546208491
6.045999999992579,387.73416866934815
6.046999999992576,312.70342372020343
6.047999999992574,207.11271252096736
6.048999999992572,81.2812821504151
6.049999999992569,-52.49370119326745
6.050999999992567,-181.13879999845864
6.051999999992565,-292.0817893901239
6.052999999992562,-374.48020178941255
6.05399999999256,-420.2809239142564
6.054999999992558,-425.0073110764734
6.055999999992555,-388.19686740560314
6.056999999992553,-313.44665440429986
6.057999999992551,-208.06191395293527
6.058999999992548,-82.34218517559857
6.059999999992546,51.425339456640984
6.060999999992544,180.16681536039084
6.061999999992541,291.2996689450431
6.062999999992539,373.9624751933125
6.063999999992537,420.0765318742231
6.064999999992534,425.1353575232954
6.065999999992532,388.6449758652598
6.06699999999253,314.17201476169686
6.067999999992527,208.9949902675298
6.068999999992525,83.39291359851023
6.069999999992523,-50.359232609160046
6.07099999999252,-179.18999876371706
6.071999999992518,-290.50878331978777
6.072999999992516,-373.43619633910475
6.073999999992513,-419.8672830991782
6.074999999992511,-425.26371685295805
6.075999999992509,-389.0975125915704
6.076999999992506,-314.90283483528003
6.077999999992504,-209.93076085564576
6.078999999992502,-84.44067946153191
6.079999999992499,49.30244469230809
6.080999999992497,178.22691897005353
6.081999999992495,289.73205672046294
6.082999999992492,372.9198469495238
6.08399999999249,419.6601247287193
6.084999999992488,425.3851156628272
6.085999999992485,389.5357215389841
6.086999999992483,315.615986868606
6.087999999992481,210.85049370610687
6.088999999992478,85.47822573030045
6.089999999992476,-48.24806411850465
6.090999999992474,-177.2592100669846
6.091999999992471,-288.94675056655825
6.092999999992469,-372.39506029890583
6.093999999992467,-419.44813339434364
6.0949999999924644,-425.50677762955655
6.095999999992462,-389.97828216924023
6.09699999999246,-316.3345502363679
6.0979999999924575,-211.7729406444215
6.098999999992455,-86.51290508175225
6.099999999992453,47.20286006524003
6.1009999999924505,176.30510414191662
6.101999999992448,288.1755386255507
6.102999999992446,371.8802488903771
6.1039999999924435,419.2383941347865
6.104999999992441,425.6217215182599
6.105999999992439,390.4067735916033
6.1069999999924365,317.0356481224461
6.107999999992434,212.6794417420839
6.108999999992432,87.53732759760527
6.1099999999924295,-46.16020657275499
6.110999999992427,-175.34656316599913
6.111999999992425,-287.3959259419377
6.1129999999924225,-371.35711110591615
6.11399999999242,-419.0238440978135
6.114999999992418,-425.7368789452737
6.1159999999924155,-390.8395408773024
6.116999999992413,-317.74210964100047
6.117999999992411,-213.58867721788585
6.1189999999924085,-88.55897964759221
6.119999999992406,45.12658512899148
6.120999999992404,174.4014871924132
6.1219999999924015,286.63033614127244
6.122999999992399,370.84398602218874
6.123999999992397,418.8116990612752
6.1249999999923945,425.8455534017126
6.125999999992392,391.25849334355235
6.12699999999239,318.43130829241306
6.1279999999923875,214.482063113078
6.128999999992385,89.57034530835594
6.129999999992383,-44.09564817481934
6.1309999999923805,-173.45216126127497
6.131999999992378,-285.8565173169823
6.132999999992376,-370.322640993283
6.1339999999923736,-418.59476349786195
6.134999999992371,-425.9543915779746
6.135999999992369,-391.6816463908041
6.136999999992367,-319.1258234169485
6.137999999992364,-215.37820408872008
6.138999999992362,-90.5790377385177
6.13999999999236,43.07359675864573
6.140999999992357,172.5161582511794
6.141999999992355,285.0966435964155
6.142999999992353,369.8113378715344
6.14399999999235,418.3803771418168
6.144999999992348,426.05697450099314
6.145999999992346,392.09123466108736
6.146999999992343,319.80327807286636
6.147999999992341,216.25859575359667
6.148999999992339,91.57742152711161
6.149999999992336,-42.05435483659486
6.150999999992334,-171.57608170635265
6.151999999992332,-284.32870567575304
6.152999999992329,-369.29191687436474
6.153999999992327,-418.1612185748103
6.154999999992325,-426.15967105290474
6.155999999992322,-392.5049486337539
6.15699999999232,-320.48600239244183
6.157999999992318,-217.14176335137168
6.158999999992315,-92.5732297591319
6.159999999992313,41.0438503354249
6.160999999992311,170.64918239888283
6.161999999992308,283.57462915997195
6.162999999992306,368.7825592273232
6.163999999992304,417.94474507101086
6.164999999992301,426.25633285265013
6.165999999992299,392.9053434585273
6.166999999992297,321.15186810821575
6.167999999992294,218.0092853823393
6.168999999992292,93.55871371114401
6.16999999999229,-40.0362721628219
6.170999999992287,-169.71837804457348
6.171999999992285,-282.81264701693544
6.172999999992283,-368.2651819179291
6.17399999999228,-417.72351607247134
6.174999999992278,-426.3530580693038
6.175999999992276,-393.309789471654
6.176999999992273,-321.8229567923761
6.177999999992271,-218.87960391247665
6.178999999992269,-94.54171958876933
6.179999999992266,39.03728248737165
6.180999999992264,168.8006025564954
6.181999999992262,282.06443760654787
6.182999999992259,367.75788250705614
6.183999999992257,417.50510031883454
6.184999999992255,426.44396220277594
6.185999999992252,393.7011575778554
6.18699999999225,322.4773878547166
6.187999999992248,219.73438340733836
6.188999999992245,95.51439121991476
6.189999999992243,-38.041328891287485
6.190999999992241,-167.87908368669122
6.191999999992238,-281.30847591994853
6.192999999992236,-367.24265864828993
6.193999999992234,-417.28194481119607
6.194999999992231,-426.53487976931456
6.195999999992229,-394.09650277253155
6.196999999992227,-323.1369950418139
6.197999999992224,-220.59197910927975
6.198999999992222,-96.48468120711804
6.19999999999222,37.053815158993146
6.200999999992217,166.9704438739893
6.201999999992215,280.566194604455
6.202999999992213,366.73752152077935
6.20399999999221,417.0617239862662
6.204999999992208,426.6201836481053
6.205999999992206,394.4790070212334
6.206999999992203,323.78014434201015
6.207999999992201,221.43414429994894
6.208999999992199,97.44463152232456
6.209999999992196,-36.06944150945758
6.210999999992194,-166.05821691948103
6.211999999992192,-279.8163104633708
6.212999999992189,-366.224553290426
6.213999999992187,-416.8367790207217
6.214999999992185,-426.70545170998724
6.2159999999921824,-394.865414797408
6.21699999999218,-324.4284225034325
6.217999999992178,-222.2791438856375
6.2189999999921755,-98.40229455547393
6.219999999992173,35.0933606835427
6.220999999992171,165.15871925672124
6.2219999999921685,279.08001216232196
6.222999999992166,365.7216763038219
6.223999999992164,416.6148845408305
6.2249999999921615,426.7853078919195
6.225999999992159,395.2392144824978
6.226999999992157,325.0604409043902
6.2279999999921545,223.10882262369498
6.228999999992152,99.34961579085405
6.22999999999215,-34.120519683104874
6.2309999999921475,-164.25578683864876
6.231999999992145,-278.3362580881541
6.232999999992143,-365.2110609889521
6.2339999999921405,-416.3882823973177
6.234999999992138,-426.86508034960383
6.235999999992136,-395.61684485529577
6.2369999999921335,-325.69754021977195
6.237999999992131,-223.94135172617175
6.238999999992129,-100.29474094629929
6.2399999999921265,33.15582746298358
6.240999999992124,163.3654355877332
6.241999999992122,277.605994790538
6.2429999999921195,364.71053861448365
6.243999999992117,416.1648421087229
6.244999999992115,426.93963790308317
6.2459999999921125,395.98209610489266
6.24699999999211,326.3185759511277
6.247999999992108,224.75866992715382
6.2489999999921055,101.22952421165408
6.249999999992103,-32.194472078092616
6.250999999992101,-162.47179973878826
6.2519999999920985,-276.8684219343429
6.252999999992096,-364.2023714723518
6.253999999992094,-415.93671254102014
6.2549999999920916,-427.01406582163247
6.255999999992089,-396.3511061401124
6.256999999992087,-326.94464372851235
6.257999999992085,-225.57885156223978
6.258999999992082,-102.16219836030307
6.25999999999208,31.241125821384536
6.260999999992078,161.5906001616912
6.261999999992075,276.14424588798653
6.262999999992073,363.7042976506789
6.263999999992071,415.7118529652744
6.264999999992068,427.0834717445312
6.265999999992066,396.70796237386753
6.266999999992064,327.5548418418155
6.267999999992061,226.38393171701566
6.268999999992059,103.08453135501547
6.269999999992057,-30.291212135768735
6.270999999992054,-160.70626546805667
6.271999999992052,-275.4129071529733
6.27299999999205,-363.19867470890887
6.273999999992047,-415.4823254074994
6.274999999992045,-427.15270475578706
6.275999999992043,-397.06850665618475
6.27699999999204,-328.1700220128946
6.277999999992038,-227.19188486346997
6.278999999992036,-104.00483697435823
6.279999999992033,29.349173594415465
6.280999999992031,159.83422683928558
6.281999999992029,274.69487385798755
6.282999999992026,362.7031455338398
6.283999999992024,415.25617385890115
6.284999999992022,427.21710532783885
6.285999999992019,397.4171190508106
6.286999999992017,328.76952392670205
6.287999999992015,227.98484471781597
6.288999999992012,104.91480194158284
6.28999999999201,-28.410663372599927
6.290999999992008,-158.9592032658683
6.291999999992005,-273.969826709475
6.292999999992003,-362.20016611163453
6.293999999992001,-415.0253794183897
6.294999999991998,-427.2812929098721
6.295999999991996,-397.7693501368411
6.296999999991994,-329.373956644272
6.297999999991991,-228.78068311373033
6.298999999991989,-105.82281524205791
6.299999999991987,27.479901041736582
6.300999999991984,158.09634145943534
6.301999999991982,273.2579974881836
6.30299999999198,361.7072821351178
6.303999999991977,414.7980658267798
6.304999999991975,427.3408348680306
6.305999999991973,398.10986805533435
6.30699999999197,329.9628998024925
6.307999999991968,229.56163460718938
6.308999999991966,106.7204873071435
6.309999999991963,-26.55276381568159
6.310999999991961,-157.23064665003812
6.311999999991959,-272.5393062390557
6.312999999991956,-361.2070508942785
6.313999999991954,-414.56613890864804
6.314999999991952,-427.40012739811965
6.315999999991949,-398.4539368701769
6.316999999991947,-330.5567211617898
6.317999999991945,-230.3454658437036
6.318999999991942,-107.61627680632378
6.31999999999194,25.633254724324807
6.320999999991938,156.37698611100026
6.321999999991935,271.83375019183245
6.322999999991933,360.7169188794975
6.323999999991931,414.3377972088249
6.324999999991928,427.45495884307866
6.325999999991926,398.7865082167644
6.326999999991924,331.1352388253538
6.327999999991921,231.11451438036107
6.328999999991919,108.50172281849706
6.329999999991917,-24.717469252326218
6.330999999991914,-155.52064699442695
6.331999999991912,-271.1214875959343
6.33299999999191,-360.21954725278516
6.333999999991907,-414.1048766503046
6.334999999991905,-427.50950834421843
6.335999999991903,-399.1225643611557
6.3369999999919004,-331.7185807260985
6.337999999991898,-231.8864393569279
6.338999999991896,-109.38534846475922
6.3399999999918935,23.809200067935766
6.340999999991891,154.67622195139336
6.341999999991889,270.42228280016303
6.3429999999918865,359.73228124631373
6.343999999991884,413.875645635394
6.344999999991882,427.5597793098457
6.3459999999918795,399.447335835147
6.346999999991877,332.28680191126494
6.347999999991875,232.64368346016272
6.3489999999918725,110.25862642408771
6.34999999999187,-22.904755060725755
6.350999999991868,-153.8292755387749
6.3519999999918655,-269.7165308388662
6.352999999991863,-359.2378881407738
6.353999999991861,-413.6418752691626
6.3549999999918585,-427.60973983768474
6.355999999991856,-399.77552778174567
6.356999999991854,-332.8597920709382
6.3579999999918515,-233.40379623983046
6.358999999991849,-111.13013933278803
6.359999999991847,22.00772242738967
6.3609999999918445,152.99413037148258
6.361999999991842,269.0237647061091
6.36299999999184,358.7536097895942
6.3639999999918375,413.4118988493131
6.364999999991835,427.65560248617226
6.365999999991833,400.0926450144913
6.3669999999918305,333.41784164208036
6.367999999991828,234.1493276177578
6.368999999991826,111.99129844613789
6.3699999999918235,-21.114616489338104
6.370999999991821,-152.15662368842746
6.371999999991819,-268.3246145141401
6.3729999999918165,-358.26232151794716
6.373999999991814,-413.17742745967297
6.374999999991812,-427.70113013342797
6.3759999999918096,-400.4131201847422
6.376999999991807,-333.9806037640995
6.377999999991805,-234.8977156977055
6.378999999991803,-112.8507412696213
6.3799999999918,20.228826575028144
6.380999999991798,151.3308124252375
6.381999999991796,267.6383832832152
6.382999999991793,357.78115961306486
6.383999999991791,412.94685431378684
6.384999999991789,427.742738569233
6.385999999991786,400.7227277577043
6.386999999991784,334.5286026804367
6.387999999991782,235.63161972039484
6.388999999991779,113.69982263405068
6.389999999991777,-19.347067363325774
6.390999999991775,-150.50280158477574
6.391999999991772,-266.9459342231174
6.39299999999177,-357.29310906425627
6.393999999991768,-412.7118349967455
6.394999999991765,-427.78399109640355
6.395999999991763,-401.0356324820857
6.396999999991761,-335.08125677383504
6.397999999991758,-236.368364704145
6.398999999991756,-114.54723054378182
6.399999999991754,18.47253464705389
6.400999999991751,149.68638656666604
6.401999999991749,266.26634162904946
6.402999999991747,356.81519834976274
6.403999999991744,412.48081765062807
6.404999999991742,427.8215008213923
6.40599999999174,401.3378738347917
6.406999999991737,335.61932248248377
6.407999999991735,237.09072126650318
6.408999999991733,115.38426841524328
6.40999999999173,-17.60213730586005
6.410999999991728,-148.8679350498652
6.411999999991726,-265.58069958331623
6.412999999991723,-356.33052346449807
6.413999999991721,-412.24540663254436
6.414999999991719,-427.858636950489
6.415999999991716,-401.6433532111796
6.416999999991714,-336.16198532030876
6.417999999991712,-237.8158999002627
6.418999999991709,-116.21967063283324
6.419999999991707,16.73888268654815
6.420999999991705,148.06098485593222
6.421999999991702,264.9078548001582
6.4229999999917,355.85600280345875
6.423999999991698,412.0141000381212
6.424999999991695,427.8922040108063
6.425999999991693,401.93837045746864
6.426999999991691,336.69023227973196
6.427999999991688,238.52678461997317
6.428999999991686,117.04469419775842
6.429999999991684,-15.87986766251692
6.430999999991681,-147.25216112107012
6.431999999991679,-264.22912980572016
6.432999999991677,-355.37484446917665
6.433999999991674,-411.7784550459688
6.434999999991672,-427.92538244356564
6.43599999999167,-402.2365681294786
6.436999999991667,-337.223017976804
6.437999999991665,-239.24047012928713
6.438999999991663,-117.86811597521299
6.43999999999166,15.0279160187421
6.440999999991658,146.45474790008143
6.441999999991656,263.5631448106571
6.442999999991653,354.9038545020342
6.443999999991651,411.5470147711483
6.444999999991649,427.95516233987325
6.445999999991646,402.5245018079325
6.446999999991644,337.74155828578074
6.447999999991642,239.9399558062807
6.448999999991639,118.68115150900418
6.449999999991637,-14.180306406382526
6.450999999991635,-145.65562248615333
6.451999999991632,-262.89144820382086
6.45299999999163,-354.42635402088035
6.453999999991628,-411.31129307785494
6.454999999991625,-427.9845405807049
6.455999999991623,-402.8155596914228
6.456999999991621,-338.26457896700333
6.4579999999916184,-240.64221945178795
6.458999999991616,-119.49261642843582
6.459999999991614,13.339683770909359
6.4609999999916115,144.8678188794169
6.461999999991609,262.2324347483599
6.462999999991607,353.9590344848762
6.4639999999916045,411.07987324166976
6.464999999991602,428.0106870278867
6.4659999999916,403.09654847894046
6.4669999999915975,338.7735230681382
6.467999999991595,241.33037769934498
6.468999999991593,120.29368970015084
6.4699999999915905,-12.503502365773441
6.470999999991588,-144.0784612037476
6.471999999991586,-261.5678760195727
6.4729999999915835,-353.48533079568523
6.473999999991581,-410.8442295302155
6.474999999991579,-428.03642010360323
6.4759999999915765,-403.38060646724585
6.476999999991574,-339.2868895929595
6.477999999991572,-242.0212904539605
6.4789999999915695,-121.09322214243431
6.479999999991567,11.674232905227749
6.480999999991565,143.30033706815624
6.4819999999915625,260.9159424181017
6.48299999999156,353.02181769459054
6.483999999991558,410.6129806329806
6.4849999999915555,428.0590837357023
6.485999999991553,403.6547868874753
6.486999999991551,339.78634701274217
6.4879999999915485,242.6981933990743
6.488999999991546,121.8823609081754
6.489999999991544,-10.849499161786811
6.4909999999915415,-142.5208121348911
6.491999999991539,-260.25862599360573
6.492999999991537,-352.55204454311576
6.4939999999915345,-410.3775648321725
6.494999999991532,-428.08132290787245
6.49599999999153,-403.9319825653989
6.4969999999915276,-340.2901697168092
6.497999999991525,-243.37782764173124
6.498999999991523,-122.66998853022942
6.499999999991521,10.03160216177363
6.500999999991518,141.7524312875451
6.501999999991516,259.6138739485891
6.502999999991514,352.0924673636997
6.503999999991511,410.14663163480316
6.504999999991509,428.1006500245806
6.505999999991507,404.1994887194633
6.506999999991504,340.7802498025013
6.507999999991502,244.04354958832175
6.5089999999915,123.44722495424556
6.509999999991497,-9.218329257769708
6.510999999991495,-140.98279652722093
6.511999999991493,-258.96389611713084
6.51299999999149,-351.62675061583434
6.513999999991488,-409.91158687881233
6.514999999991486,-428.11954158953057
6.515999999991483,-404.469957114063
6.516999999991481,-341.27463921449606
6.517999999991479,-244.71198070789308
6.518999999991476,-124.22298101420343
6.519999999991474,8.411816311031947
6.520999999991472,140.22421372867808
6.521999999991469,258.3264177940896
6.522999999991467,351.1712297808608
6.523999999991465,409.6811064778341
6.524999999991462,428.13567303413134
6.52599999999146,404.7309204610785
6.526999999991458,341.7554518255231
6.527999999991455,245.36659965917045
6.528999999991453,124.9883538610825
6.529999999991451,-7.610008508855753
6.530999999991448,-139.46451617843192
6.531999999991446,-257.68386398311543
6.532999999991444,-350.7096850602722
6.533999999991441,-409.4465673297295
6.534999999991439,-428.15135729626496
6.535999999991437,-404.99479385182735
6.536999999991434,-342.2405193188433
6.537999999991432,-246.02390746910186
6.53899999999143,-125.75227924324216
6.539999999991427,6.814881089818259
6.540999999991425,138.7157745511275
6.541999999991423,257.0537395293228
6.54299999999142,350.25832978750896
6.543999999991418,409.2166675592652
6.544999999991416,428.16442754453544
6.545999999991413,405.2493430582013
6.546999999991411,342.71217543364236
6.547999999991409,246.66750641449855
6.548999999991406,126.50583570285073
6.549999999991404,-6.024531565297185
6.550999999991402,-137.96604855792324
6.551999999991399,-256.4186821105646
6.552999999991397,-349.80106059379716
6.553999999991395,-408.9827586174004
6.554999999991392,-428.177038033713
6.55599999999139,-405.5067508647535
6.556999999991388,-343.18803377597726
6.557999999991385,-247.31377629031235
6.558999999991383,-127.25798051465772
6.559999999991381,5.240779144818955
6.560999999991378,137.22717760625784
6.561999999991376,255.79597777753503
6.562999999991374,349.3539673016821
6.563999999991371,408.7535568840516
6.564999999991369,428.1871745565069
6.565999999991367,405.75501173718715
6.566999999991364,343.65064597991403
6.567999999991362,247.9464441790742
6.56899999999136,127.99977754569282
6.569999999991357,-4.4618684202907595
6.570999999991355,-136.48744319922136
6.571999999991353,-255.16847454046402
6.57299999999135,-348.90106373075344
6.573999999991348,-408.52039186341364
6.574999999991346,-428.19683754313934
6.575999999991343,-406.00608049514415
6.576999999991341,-344.11740974895946
6.577999999991339,-248.58176785094017
6.5789999999913364,-128.740202188296
6.579999999991334,3.689467237256487
6.580999999991332,135.758457555022
6.5819999999913295,254.5532415290526
6.582999999991327,348.4583150916257
6.583999999991325,408.2919944888025
6.5849999999913225,428.204160484983
6.58599999999132,406.248176004305
6.586999999991318,344.5710925763667
6.5879999999913155,249.20360019387675
6.588999999991313,129.47030730013748
6.589999999991311,-2.921962313498889
6.5909999999913085,-135.02871958660683
6.591999999991306,-253.93333491777824
6.592999999991304,-348.00985323810426
6.5939999999913015,-408.0596758345538
6.594999999991299,-428.2109948246585
6.595999999991297,-406.49302943305383
6.5969999999912945,-345.02887841961683
6.597999999991292,-249.82807614815644
6.59899999999129,-130.19908295084792
6.5999999999912875,2.1608748770528563
6.600999999991285,134.30961855415774
6.601999999991283,253.32560901410372
6.6029999999912805,347.57151793594005
6.603999999991278,407.83217794599506
6.604999999991276,428.2156170191452
6.6059999999912735,406.7290798285937
6.606999999991271,345.4737485313758
6.607999999991269,250.43917521568622
6.6089999999912665,130.91757437949826
6.609999999991264,-1.4047291133784565
6.610999999991262,-133.58986665806648
6.6119999999912595,-252.71332617048327
6.612999999991257,-347.12756001065674
6.613999999991255,-407.60079700175214
6.6149999999912525,-428.21973433572333
6.61599999999125,-406.967838988243
6.616999999991248,-345.92267525637726
6.6179999999912456,-251.0529086850359
6.618999999991243,-131.63478286055386
6.619999999991241,0.654904458453417
6.620999999991239,132.8806345806778
6.621999999991236,252.11312818966215
6.622999999991234,346.6936932135137
6.623999999991232,407.3742829744396
6.624999999991229,428.22176165515754
6.625999999991227,407.1979619987685
6.626999999991225,346.35885144554123
6.627999999991222,251.6533832928358
6.62899999999122,132.34174913455792
6.629999999991218,0.08994179912020303
6.630999999991215,-132.1708439423289
6.631999999991213,-251.5084817918148
6.632999999991211,-346.2542883635095
6.633999999991208,-407.14392069006436
6.634999999991206,-428.22326684885286
6.635999999991204,-407.4307455269628
6.636999999991201,-346.79903993813804
6.637999999991199,-252.25648584084843
6.638999999991197,-133.04748218439485
6.639999999991194,-0.8285671249423796
6.640999999991192,131.47145135876102
6.64199999999119,250.9158187938179
6.642999999991187,345.8249328739514
6.643999999991185,406.9184651077552
6.644999999991183,428.2227988638195
6.64599999999118,407.65505663241413
6.646999999991178,347.2266429651976
6.647999999991176,252.8464507426541
6.648999999991173,133.74302111455924
6.649999999991171,1.562185215235343
6.650999999991169,-130.77158424042688
6.651999999991166,-250.31880863047127
6.652999999991164,-345.3901186457007
6.653999999991162,-406.689193237277
6.654999999991159,-428.22179090987925
6.655999999991157,-407.8819810452328
6.656999999991155,-347.6582159425948
6.657999999991152,-253.43903947276456
6.65899999999115,-134.43737911301483
6.659999999991148,-2.289685504735117
6.660999999991145,130.08198975103815
6.661999999991143,249.73367582331161
6.662999999991141,344.9653066504971
6.663999999991138,406.4648623063506
6.664999999991136,428.21892181387676
6.665999999991134,408.100593803276
6.666999999991131,348.0773682131659
6.667999999991129,254.0186144013271
6.668999999991127,135.12159627512094
6.669999999991124,3.012156512309627
6.670999999991122,-129.39199766921513
6.67199999999112,-249.14429099710333
6.672999999991117,-344.53511099885594
6.673999999991115,-406.2367450151268
6.674999999991113,-428.215494797476
6.67599999999111,-408.32177384049857
6.676999999991108,-348.500449828392
6.677999999991106,-254.60081084337818
6.678999999991103,-135.80468650714695
6.679999999991101,-3.7286146997852234
6.680999999991099,128.71215038739027
6.681999999991096,248.56667420173403
6.682999999991094,344.1148663016043
6.683999999991092,406.0135983378673
6.684999999991089,428.21031453516173
6.685999999991087,408.5348002458821
6.686999999991085,348.9112749327652
6.687999999991082,255.17011926234633
6.68899999999108,136.4776933162684
6.689999999991078,4.440027031876042
6.690999999991075,-128.0319768001752
6.691999999991073,-247.9848958178192
6.692999999991071,-343.6893100122421
6.693999999991068,-405.7866941147822
6.694999999991066,-428.20455885477486
6.695999999991064,-408.75034923630403
6.696999999991061,-349.3259902545898
6.697999999991059,-255.7420480068751
6.698999999991057,-137.1496278853139
6.6999999999910544,-5.1455320839768355
6.700999999991052,127.36181923192518
6.70199999999105,247.41477433585038
6.7029999999910475,343.27365060462705
6.703999999991045,405.5647867064522
6.704999999991043,428.1971543800594
6.7059999999910405,408.95790008671617
6.706999999991038,349.72861239710556
6.707999999991036,256.3012156508709
6.7089999999910335,137.81153938294744
6.709999999991031,5.845978717099382
6.710999999991029,-126.69140256592026
6.7119999999910265,-246.84057850480102
6.712999999991024,-342.8527499757528
6.713999999991022,-405.3391504564692
6.7149999999910195,-428.1891580404977
6.715999999991017,-409.1679303080793
6.716999999991015,-350.1350867952021
6.7179999999910125,-256.86300281463605
6.71899999999101,-138.47243290346591
6.719999999991008,-6.5406227755931905
6.7209999999910055,126.03087373663138
6.721999999991003,246.27792820777324
6.722999999991001,342.44169078474096
6.7239999999909985,405.11853487811953
6.724999999990996,428.1796146216299
6.725999999990994,409.3701155511096
6.7269999999909915,350.5296301456441
6.727999999990989,257.4121561056459
6.728999999990987,139.1233653928088
6.7299999999909845,7.2301983405073145
6.730999999990982,-125.37015056559754
6.73199999999098,-245.71128917553
6.7329999999909775,-342.0254603998295
6.733999999990975,-404.89422006388946
6.734999999990973,-428.1694645329966
6.7359999999909705,-409.57473855798884
6.736999999990968,-350.92798861496493
6.737999999990966,-257.9639277193444
6.7389999999909636,-139.7733326007292
6.739999999990961,-7.914073791789774
6.740999999990959,124.71918920298538
6.741999999990957,245.15608562597384
6.742999999990954,341.6190160399507
6.743999999990952,404.67494853608173
6.74499999999095,428.15786702197926
6.745999999990947,409.771667593057
6.746999999990945,351.31457661617134
6.747999999990943,258.50319215199744
6.74899999999094,140.41340127086772
6.749999999990938,8.592871673146576
6.750999999990936,-124.06809738583036
6.751999999990933,-244.59697883983046
6.752999999990931,-341.2074714605488
6.753999999990929,-404.4520092349125
6.754999999990926,-428.1456502212754
6.755999999990924,-409.9709944877469
6.756999999990922,-351.70494307619407
6.757999999990919,-259.04507256267993
6.758999999990917,-141.0525546919979
6.759999999990915,-9.266068317528765
6.760999999990912,123.42664496769586
6.76199999999091,244.04920025560605
6.762999999990908,340.80565882420257
6.763999999990905,404.2341356024823
6.764999999990903,428.1320842056267
6.765999999990901,410.1627763995626
6.766999999990898,352.08369774468383
6.767999999990896,259.5745711490265
6.768999999990894,141.68187136830434
6.769999999990891,9.93417793717625
6.770999999990889,-122.78512656070734
6.771999999990887,-243.49760518425222
6.772999999990884,-340.39881904159523
6.773999999990882,-404.0126283531201
6.77499999999088,-428.117888924165
6.775999999990877,-410.3569180247078
6.776999999990875,-352.466194348848
6.777999999990873,-260.10668152576795
6.77899999999087,-142.3103191782757
6.779999999990868,-10.596780421398963
6.780999999990866,122.15313005138097
6.781999999990863,242.95723507200572
6.782999999990861,340.0016595728121
6.783999999990859,403.79620978203025
6.784999999990856,428.1024416895291
6.785999999990854,410.5436617287366
6.786999999990852,352.83723560263655
6.787999999990849,260.62653338513525
6.788999999990847,142.92899032465365
6.789999999990845,11.254284859755547
6.790999999990842,-121.52113382791276
6.79199999999084,-242.41313761594293
6.792999999990838,-339.5995490751706
6.793999999990835,-403.5761951111144
6.794999999990833,-428.086358199862
6.795999999990831,-410.73272876422163
6.796999999990828,-353.2119820916516
6.797999999990826,-261.1489904078998
6.798999999990824,-143.54683451637462
6.799999999990821,-11.90637051584748
6.800999999990819,120.89854794802623
6.801999999990817,241.88016692451635
6.802999999990814,339.2070705970134
6.803999999990812,403.36129341835033
6.80499999999081,428.0691194439864
6.805999999990807,410.91454305069243
6.806999999990805,353.575427137237
6.807999999990803,261.6593095746344
6.8089999999908,144.15495959716216
6.809999999990798,12.553344600774272
6.810999999990796,-120.2760313866677
6.811999999990793,-241.34356128357902
6.812999999990791,-338.8097209349769
6.813999999990789,-403.1428369593274
6.814999999990786,-428.05124063443884
6.815999999990784,-411.09864600501527
6.816999999990782,-353.9425402661893
6.817999999990779,-262.1722243727325
6.818999999990777,-144.76229455258184
6.819999999990775,-13.194981805035011
6.8209999999907724,119.66282029617682
6.82199999999077,240.817989960073
6.822999999990768,338.4219589299972
6.8239999999907655,402.92951950072944
6.824999999990763,428.03230289046627
6.825999999990761,411.2756394742715
6.8269999999907585,354.2985030729148
6.827999999990756,262.6731188814413
6.828999999990754,145.35996483616725
6.8299999999907515,13.831490765939385
6.830999999990749,-119.0497509349643
6.831999999990747,-240.2888798599415
6.8329999999907445,-338.02940969874646
6.833999999990742,-402.712692644474
6.83499999999074,-428.0127245355078
6.8359999999907375,-411.4548885663781
6.836999999990735,-354.6580961375918
6.837999999990733,-263.17659627204864
6.8389999999907305,-145.95687637105218
6.839999999990728,-14.462737899479151
6.840999999990726,118.44588924554138
6.8419999999907235,239.77071773212865
6.842999999990721,337.6464079779694
6.843999999990719,402.50103271593065
6.8449999999907165,427.9921832813692
6.845999999990714,411.627169456316
6.846999999990712,355.00668702164785
6.8479999999907095,263.66816756073706
6.848999999990707,146.544174230306
6.849999999990705,15.088836648641687
6.8509999999907025,-117.84224533992084
6.8519999999907,-239.24911695426198
6.852999999990698,-337.2587071709041
6.8539999999906955,-402.2859127634168
6.854999999990693,-427.97100399435556
6.855999999990691,-411.80167439278904
6.8569999999906885,-355.35886950406086
6.857999999990686,-264.1623056191554
6.858999999990684,-147.13073915160456
6.8599999999906816,-15.709741700683033
6.860999999990679,117.24771841609079
6.861999999990677,238.73838390419422
6.862999999990675,336.88051790709886
6.863999999990672,402.07598950099936
6.86499999999067,427.9489574464969
6.865999999990668,411.96935030626133
6.866999999990665,355.7001948389373
6.867999999990663,264.64464827296865
6.868999999990661,147.70773788506733
6.869999999990658,16.325474764044152
6.870999999990656,-116.65348888257456
6.871999999990654,-238.22431610636525
6.872999999990651,-336.4977216355694
6.873999999990649,-401.8626593200002
6.874999999990647,-427.9262783227081
6.875999999990644,-412.13921996520776
6.876999999990642,-356.04507218452045
6.87799999999064,-265.12953824684683
6.878999999990637,-148.2840240692423
6.879999999990635,-16.936075582032476
6.880999999990633,116.06829243571545
6.88199999999063,237.72104154527784
6.882999999990628,336.12440477491964
6.883999999990626,401.6545571169476
6.884999999990623,427.9028269314773
6.885999999990621,412.30239751324467
6.886999999990619,356.37923424809514
6.887999999990616,265.6027400839526
6.888999999990614,148.85078823555375
6.889999999990612,17.541477663346186
6.890999999990609,-115.48347610519576
6.891999999990607,-237.21453940441143
6.892999999990605,-335.7465763878466
6.893999999990602,-401.4431043356795
6.8949999999906,-427.87875090914787
6.895999999990598,-412.4677395540805
6.896999999990595,-356.7169077821004
6.897999999990593,-266.0784666439514
6.898999999990591,-149.4168552063248
6.899999999990588,-18.1418028142428
6.900999999990586,114.90761512505209
6.901999999990584,236.71876109983378
6.902999999990581,335.3781984922762
6.903999999990579,401.2369118233974
6.904999999990577,427.85399659326146
6.905999999990574,412.6265239363599
6.906999999990572,357.04400474260285
6.90799999999057,266.5426091272656
6.908999999990567,149.9734414364498
6.909999999990565,18.73689993965172
6.910999999990563,-114.33221937163698
6.91199999999056,-236.21986484683453
6.912999999990558,-335.0054071656742
6.913999999990556,-401.0274276213753
6.914999999990553,-427.8286275779396
6.915999999990551,-412.7874443590365
6.916999999990549,-357.3745717246515
6.917999999990546,-267.009250927961
6.918999999990544,-150.52934139156596
6.919999999990542,-19.326970112590345
6.920999999990539,113.765706478761
6.921999999990537,235.73162719124468
6.922999999990535,334.64203977132127
6.923999999990532,400.82323628785036
6.92499999999053,427.80267275051034
6.925999999990528,412.94193890769196
6.926999999990525,357.6946977630191
6.927999999990523,267.4644098678534
6.928999999990521,151.0757996156284
6.929999999990518,19.91178126984172
6.930999999990516,-113.19974532386155
6.931999999990514,-235.2403826440292
6.932999999990511,-334.27435866681276
6.933999999990509,-400.6158138684724
6.934999999990507,-427.7761145620816
6.935999999990504,-413.09854158993613
6.936999999990502,-358.0182515732655
6.9379999999905,-267.9220403770756
6.938999999990497,-151.6215788289255
6.939999999990495,-20.49161112129887
6.940999999990493,112.64259865856664
6.9419999999904904,234.759734484425
6.942999999990488,333.91607627110284
6.943999999990486,400.4137164071445
6.9449999999904835,427.74906101315133
6.945999999990481,413.2488473066238
6.946999999990479,358.3314971308399
6.9479999999904765,268.3682868760863
6.948999999990474,152.15795383310083
6.949999999990472,21.066150282215816
6.9509999999904695,-112.08609047855593
6.951999999990467,-234.27619071120958
6.952999999990465,-333.55358038725
6.9539999999904625,-400.2084492534417
6.95499999999046,-427.7214162249454
6.955999999990458,-413.4012335489614
6.9569999999904555,-358.64812757423755
6.957999999990453,-268.8169754169753
6.958999999990451,-152.69365433831868
6.9599999999904485,-21.635750601003977
6.960999999990446,111.53833126523283
6.961999999990444,233.80318288247264
6.9629999999904415,333.20045819638005
6.963999999990439,400.00853775127007
6.964999999990437,427.69336393389403
6.9659999999904345,413.54744866473516
6.966999999990432,358.9545797101056
6.96799999999043,269.254376994698
6.9689999999904275,153.21998755152077
6.969999999990425,22.200028996725518
6.970999999990423,-110.99129625052097
6.9719999999904205,-233.32738964545806
6.972999999990418,-332.84322205047516
6.973999999990416,-399.8055177772635
6.9749999999904135,-427.6647326787012
6.975999999990411,-413.69571677304896
6.976999999990409,-359.26437342036246
6.9779999999904065,-269.69418993466894
6.978999999990404,-153.74564900189338
6.979999999990402,-22.759409052366223
6.9809999999903996,110.45294619122568
6.981999999990397,232.8620723632352
6.982999999990395,332.49533363009834
6.983999999990393,399.6078818561312
6.98499999999039,427.6357786318238
6.985999999990388,413.8379363605132
6.986999999990386,359.56411625752224
6.987999999990383,270.1228117650206
6.988999999990381,154.26198040200418
6.989999999990379,23.31343756033044
6.990999999990376,-109.91540371431753
6.991999999990374,-232.39407750195844
6.992999999990372,-332.14342891558283
6.993999999990369,-399.40719756910534
6.994999999990367,-427.6062574506931
6.995999999990365,-413.9821812937229
6.996999999990362,-359.8671571778952
6.99799999999036,-270.55381378034343
6.998999999990358,-154.77764199259389
6.999999999990355,-23.862607491792495
7.000999999990353,109.38648237057892
7.001999999990351,231.9364977746617
7.002999999990348,331.8008438881778
7.003999999990346,399.21192259517085
7.004999999990344,427.57649453767857
7.005999999990341,414.1204969568466
7.006999999990339,360.16027241327396
7.007999999990337,270.973719967625
7.008999999990334,155.28401201830664
7.009999999990332,24.406398991869022
7.01099999999033,-108.85844842129035
7.011999999990327,-231.47634468655463
7.012999999990325,-331.45433724843787
7.013999999990323,-399.01365738094506
7.01499999999032,-427.54617534178504
7.015999999990318,-414.26081006357435
7.016999999990316,-360.45664232764125
7.017999999990313,-271.3959753111156
7.018999999990311,-155.78971435902963
7.019999999990309,-24.945372096402238
7.020999999990306,108.33897073909935
7.021999999990304,231.02654389955975
7.022999999990302,331.11711917475543
7.023999999990299,398.82082285002707
7.024999999990297,427.5156913986668
7.025999999990295,414.39530972584487
7.026999999990292,360.74320977886447
7.02799999999029,271.8072301326636
7.028999999990288,156.28616571891473
7.029999999990285,25.478943659826758
7.030999999990283,-107.82045557496872
7.031999999990281,-230.5742692639282
7.032999999990278,-330.7760702243873
7.033999999990276,-398.62505348205536
7.034999999990274,-427.484660607296
7.035999999990271,-414.5317785871746
7.036999999990269,-361.0329888654566
7.037999999990267,-272.2208038333181
7.038999999990264,-156.7819525524009
7.039999999990262,-26.00773845194904
7.04099999999026,107.3104296932863
7.041999999990257,230.13228107412485
7.042999999990255,330.44427479063586
7.043999999990253,398.4347316730146
7.04499999999025,427.4535376617522
7.045999999990248,414.66254639304503
7.046999999990246,361.3130870259815
7.047999999990243,272.6234728816876
7.048999999990241,157.2685318292119
7.049999999990239,26.53111324191592
7.050999999990236,-106.80143583727188
7.051999999990234,-229.68791294769994
7.052999999990232,-330.1087344947904
7.053999999990229,-398.24152713020146
7.054999999990227,-427.4218755656978
7.055999999990225,-414.7952547829254
7.056999999990222,-361.59635440526677
7.05799999999022,-273.02843181257794
7.058999999990218,-157.75445150109604
7.059999999990215,-27.04975517054451
7.060999999990213,106.30086129988386
7.061999999990211,229.25376160367117
7.062999999990208,329.78240810483123
7.063999999990206,398.0537821022429
7.064999999990204,427.39018932795796
7.0659999999902015,414.9223711191987
7.066999999990199,361.8700609798243
7.067999999990197,273.4225829769584
7.0689999999901945,158.23121046917709
7.069999999990192,27.562963953551215
7.07099999999019,-105.80138199102983
7.0719999999901875,-228.8173179885566
7.072999999990185,-329.45241760361904
7.073999999990183,-397.8632027586881
7.0749999999901805,-427.3579697134755
7.075999999990178,-415.0513990857572
7.076999999990176,-362.14689522931417
7.0779999999901735,-273.81899673692396
7.078999999990171,-158.7073170751373
7.079999999990169,-28.071486689353733
7.0809999999901665,105.31024845343076
7.081999999990164,228.39101716213406
7.082999999990162,329.1315964486164
7.0839999999901595,397.67808974320167
7.084999999990157,427.32578933884207
7.085999999990155,415.17494072332886
7.0869999999901525,362.41428762352734
7.08799999999015,274.2047009755913
7.088999999990148,159.17431366385918
7.0899999999901455,28.574568883015935
7.090999999990143,-104.82026662642045
7.091999999990141,-227.96250511623722
7.0929999999901385,-328.80718638349697
7.093999999990136,-397.49018696907996
7.094999999990134,-427.29307939033305
7.0959999999901315,-415.3003647870594
7.096999999990129,-362.6847672350437
7.097999999990127,-274.5926425429966
7.0989999999901245,-159.64066781942557
7.099999999990122,-29.073015116204612
7.10099999999012,104.33855311754276
7.1019999999901176,227.54405729939043
7.102999999990115,328.4918960304132
7.103999999990113,397.3077521826795
7.104999999990111,427.2604675223491
7.105999999990108,415.42040513428185
7.106999999990106,362.9459229762784
7.107999999990104,274.96997441234237
7.108999999990101,160.09796668191433
7.109999999990099,29.566019328325655
7.110999999990097,-103.85804095388394
7.111999999990094,-227.12347262518648
7.112999999990092,-328.1730863980433
7.11399999999009,-397.12256836954384
7.114999999990087,-427.2273280037497
7.115999999990085,-415.54229859195334
7.116999999990083,-363.21012673417425
7.11799999999008,-275.3495205428436
7.118999999990078,-160.55463588482527
7.119999999990076,-30.054441047011213
7.120999999990073,103.3857157172117
7.121999999990071,226.71286910907605
7.122999999990069,327.86334190627963
7.123999999990066,396.9428492486418
7.124999999990064,427.19434109082647
7.125999999990062,415.65890804576406
7.126999999990059,363.4651238049215
7.127999999990057,275.7185584622089
7.128999999990055,161.0023085529472
7.129999999990052,30.537425092908528
7.13099999999005,-102.91463477537752
7.131999999990048,-226.3001966206616
7.132999999990045,-327.550142433476
7.133999999990043,-396.7604182466924
7.134999999990041,-427.1608267896623
7.135999999990038,-415.7773413617209
7.136999999990036,-363.72313106961167
7.137999999990034,-276.08978981914265
7.138999999990031,-161.4493671322327
7.139999999990029,-31.01588334385681
7.140999999990027,102.45165568015008
7.141999999990024,225.89741804108004
7.142999999990022,327.24594897762853
7.14399999999002,396.5834440780537
7.144999999990017,427.1275156495325
7.145999999990015,415.89058773511476
7.146999999990013,363.972048139391
7.14799999999001,276.45061606802636
7.148999999990008,161.88749176406455
7.149999999990006,31.488913758182797
7.150999999990003,-101.98995757850406
7.151999999990001,-225.49263237654282
7.152999999989999,-326.9383599798529
7.153999999989996,-396.40379200882944
7.154999999989994,-427.093676052023
7.155999999989992,-416.0056289980044
7.156999999989989,-364.2239390244894
7.157999999989987,-276.813617087907
7.158999999989985,-162.32502043358954
7.159999999989982,-31.95747792194657
7.16099999998998,101.53627305847516
7.161999999989978,225.0976497755914
7.162999999989975,326.6397139271209
7.163999999989973,396.22958490940925
7.164999999989971,427.06008664624557
7.165999999989968,416.1155779996517
7.166999999989966,364.46685557267034
7.167999999989964,277.1663175454203
7.168999999989961,162.7536811832523
7.169999999989959,32.42062901090011
7.170999999989957,-101.0839006529934
7.171999999989954,-224.70071668981208
7.172999999989952,-326.33772758644386
7.17399999998995,-396.0527312958177
7.174999999989947,-427.0259667979293
7.175999999989945,-416.2272934167637
7.176999999989943,-364.7127110115498
7.17799999998994,-277.52117605691865
7.178999999989938,-163.18176623945493
7.179999999989936,-32.87937564901622
7.180999999989933,100.63945110115668
7.181999999989931,224.31349301656394
7.182999999989929,326.04461795228866
7.183999999989926,395.88130747406495
7.184999999989924,426.99214116565315
7.185999999989922,416.3340091542942
7.1869999999899195,364.9497073384776
7.187999999989917,277.86583970884817
7.188999999989915,163.60105229829804
7.1899999999899125,33.33272815300099
7.19099999998991,-100.19634007350913
7.191999999989908,-223.92437106514467
7.1929999999899055,-325.74821992795955
7.193999999989903,-395.707266613599
7.194999999989901,-426.9577826638264
7.1959999999898985,-416.44246355571835
7.196999999989896,-365.1896090405082
7.197999999989894,-278.21264633564004
7.1989999999898915,-164.01978452093852
7.199999999989889,-33.78173950841917
7.200999999989887,99.76105959723562
7.2019999999898845,223.5448630139998
7.202999999989882,325.4606301148103
7.20399999998988,395.5386378318397
7.2049999999898775,426.92375995685035
7.205999999989875,416.54600903361603
7.206999999989873,365.4207661711635
7.2079999999898705,278.54936458505455
7.208999999989868,164.42978889657923
7.209999999989866,34.225378965058155
7.2109999999898635,-99.32714034938708
7.211999999989861,-223.16350551817362
7.212999999989859,-325.1698013832226
7.2139999999898565,-395.3674203256695
7.214999999989854,-426.8892020129875
7.215999999989852,-416.651266356818
7.2169999999898495,-365.6547964739036
7.217999999989847,-278.88821197514807
7.218999999989845,-164.83926222517456
7.2199999999898425,-34.66474121357446
7.22099999998984,98.90095877387272
7.221999999989838,222.79166558909418
7.2229999999898356,324.8877110922446
7.223999999989833,395.20159547237296
7.224999999989831,426.8550195694905
7.225999999989829,416.75170394091225
7.226999999989826,365.880195962906
7.227999999989824,279.21707780285413
7.228999999989822,165.24008033727327
7.229999999989819,35.09875612493751
7.230999999989817,-98.47615850939061
7.231999999989815,-222.4180227601306
7.232999999989812,-324.6024299033375
7.23399999998981,-395.03320981868904
7.234999999989808,-426.8203000789659
7.235999999989805,-416.8538276687194
7.236999999989803,-366.1084375927559
7.237999999989801,-279.54805973233476
7.238999999989798,-165.64039040628117
7.239999999989796,-35.52855748492697
7.240999999989794,98.05900350619707
7.241999999989791,222.05380141529054
7.242999999989789,324.32581710529803
7.243999999989787,394.87019649737465
7.244999999989784,426.7859944727719
7.245999999989782,416.95121949125104
7.24699999998978,366.3281612443196
7.247999999989777,279.86916675965347
7.248999999989775,166.03211858439641
7.249999999989773,35.953037399323286
7.25099999998977,-97.64324837426727
7.251999999989768,-221.6878225120934
7.252999999989766,-324.0460609396256
7.253999999989763,-394.7046506544213
7.254999999989761,-426.7511510298748
7.255999999989759,-417.0502730188922
7.256999999989756,-366.55069700025155
7.257999999989754,-280.1923771670528
7.258999999989752,-166.42336120426697
7.259999999989749,-36.3733662122335
7.260999999989747,97.23504759039349
7.261999999989745,221.33117030279203
7.262999999989742,323.77490378943725
7.26399999998974,394.5444566976466
7.264999999989738,426.7167590353763
7.265999999989735,417.1446813021238
7.266999999989733,366.764826521579
7.267999999989731,280.50581867635276
7.268999999989728,166.80609517570056
7.269999999989726,36.78839983204694
7.270999999989724,-96.82826476910957
7.271999999989721,-220.9728056987617
7.272999999989719,-323.5006512049663
7.273999999989717,-394.38175952897683
7.274999999989714,-426.6818298368078
7.275999999989712,-417.24072821379343
7.27699999998971,-366.9817389025953
7.277999999989707,-280.8213506818834
7.278999999989705,-167.18836484716755
7.279999999989703,-37.19934272244438
7.2809999999897,96.42894783626245
7.281999999989698,220.6236752436788
7.282999999989696,323.2349297937935
7.283999999989693,394.22439435323935
7.284999999989691,426.64738925755273
7.285999999989689,417.3322154951038
7.286999999989686,367.19035551034096
7.287999999989684,281.1272186500245
7.288999999989682,167.56219829959136
7.289999999989679,37.605016142939036
7.290999999989677,-96.03106743954606
7.291999999989675,-220.27287828979115
7.292999999989672,-322.966162060924
7.29399999998967,-394.0645568765897
7.294999999989668,-426.61241384654124
7.295999999989665,-417.42531973663216
7.296999999989663,-367.4017263068479
7.297999999989661,-281.43516361560125
7.298999999989658,-167.93558684189804
7.299999999989656,-38.00665635745754
7.300999999989654,95.64056775505487
7.301999999989651,219.9312259983597
7.302999999989649,322.70585991207327
7.303999999989647,393.9100326069948
7.304999999989644,426.5779641633272
7.305999999989642,417.51394898507476
7.30699999998964,367.6049103093798
7.3079999999896375,281.73354781325816
7.308999999989635,168.3006101374
7.309999999989633,38.40305153004694
7.3109999999896305,-95.25152446363614
7.311999999989628,-219.58795458450527
7.312999999989626,-322.4425623531327
7.3139999999896235,-393.7530689826203
7.314999999989621,-426.54298397679815
7.315999999989619,-417.60417492438205
7.3169999999896165,-367.8108201821781
7.317999999989614,-282.0339944913184
7.318999999989612,-168.6652055021666
7.3199999999896095,-38.79546754185631
7.320999999989607,94.86978065250136
7.321999999989605,219.2537420378119
7.3229999999896025,322.187667587074
7.3239999999896,393.6014012915181
7.324999999989598,426.5085667852581
7.3259999999895955,417.69000954403475
7.326999999989593,368.00865056044137
7.327999999989591,282.32498169409763
7.3289999999895885,169.02150460783378
7.329999999989586,39.18266103823351
7.330999999989584,-94.48951498785668
7.3319999999895815,-218.91795977741174
7.332999999989579,-321.92983055487787
7.333999999989577,-393.4473295043785
7.3349999999895745,-426.473625479504
7.335999999989572,-417.7774219195549
7.33699999998957,-368.20917862874035
7.3379999999895675,-282.6180155091863
7.338999999989565,-169.3773899363227
7.339999999989563,-39.56592548276587
7.3409999999895605,94.1164719764899
7.341999999989558,218.5911547031424
7.342999999989556,321.6803366706095
7.3439999999895536,393.298538127377
7.344999999989551,426.4392846991112
7.345999999989549,417.86052564247785
7.346999999989547,368.4017326368901
7.347999999989544,282.9016888590464
7.348999999989542,169.72504562075963
7.34999999998954,39.943987616592736
7.350999999989537,-93.74493116197682
7.351999999989535,-218.26283168886474
7.352999999989533,-321.427956126588
7.35399999998953,-393.14738033536935
7.354999999989528,-426.4044282438193
7.355999999989526,-417.9451894049956
7.356999999989523,-368.5969560972359
7.357999999989521,-283.18739135473527
7.358999999989519,-170.07229858640844
7.359999999989516,-40.318166604414955
7.360999999989514,93.3805408203478
7.361999999989512,217.9434084923765
7.362999999989509,321.1838623706275
7.363999999989507,393.00148924833576
7.364999999989505,426.37021009493714
7.365999999989502,418.02562608331704
7.3669999999895,368.7843089038432
7.367999999989498,283.4638298996098
7.368999999989495,170.41138591627626
7.369999999989493,40.68716094312069
7.370999999989491,-93.01767919820166
7.371999999989488,-217.62252159916278
7.372999999989486,-320.9369400454109
7.373999999989484,-392.8532717912649
7.374999999989481,-426.3354866384907
7.375999999989479,-418.1076061433758
7.376999999989477,-368.9743026981169
7.377999999989474,-283.7422783738515
7.378999999989472,-170.7500783755313
7.37999999998947,-41.052313771372646
7.380999999989467,92.66190053282502
7.381999999989465,217.3104614391632
7.382999999989463,320.6982513653262
7.38399999998946,392.7103090519883
7.384999999989458,426.30143939784074
7.385999999989456,418.1854394548622
7.386999999989453,369.1565270850751
7.387999999989451,284.01155680268243
7.388999999989449,171.08066652513946
7.389999999989446,41.41229704935073
7.390999999989444,-92.30767953370146
7.391999999989442,-216.99699417680952
7.392999999989439,-320.4567945114917
7.393999999989437,-392.5650621342594
7.394999999989435,-426.26689892108715
7.395999999989432,-418.2648003536354
7.39699999998943,-369.34136363364723
7.397999999989428,-284.28282414279727
7.398999999989425,-171.41086448276081
7.399999999989423,-41.76847631002952
7.400999999989421,91.96047844084603
7.401999999989418,216.6922846026384
7.402999999989416,320.223521114209
7.403999999989414,392.42505941235066
7.404999999989411,426.23307247850147
7.405999999989409,418.34009344100053
7.406999999989407,369.51852976606347
7.407999999989404,284.54501272185985
7.408999999989402,171.73301685381023
7.4099999999894,42.11949872845793
7.410999999989397,-91.61486612756016
7.411999999989395,-216.38622654681686
7.412999999989393,-319.98754188263814
7.41399999998939,-392.2828164921943
7.414999999989388,-426.1987662656929
7.415999999989386,-418.41689896550434
7.416999999989383,-369.6982787775262
7.417999999989381,-284.80916743927315
7.418999999989379,-172.05478072960273
7.419999999989376,-42.46675078933808
7.420999999989374,91.27621474040959
7.421999999989372,216.08886073627386
7.422999999989369,319.7596984410451
7.423999999989367,392.14580832712545
7.424999999989365,426.165211516145
7.425999999989362,418.4897140323811
7.42699999998936,369.8704540548077
7.427999999989358,285.0643321436805
7.4289999999893555,172.36855536002622
7.429999999989353,42.808856669238935
7.430999999989351,-90.93918497114683
7.4319999999893485,-215.7902065891274
7.432999999989346,-319.5292129336966
7.433999999989344,-392.00660526006794
7.4349999999893415,-426.13119148093125
7.435999999989339,-418.56402679984416
7.436999999989337,-370.04518241985176
7.4379999999893345,-285.3214385973299
7.438999999989332,-172.68194052852905
7.43999999998933,-43.147222483035584
7.4409999999893275,90.60906065693293
7.441999999989325,215.5001822495604
7.442999999989323,319.30681750189325
7.4439999999893205,391.87262810330054
7.444999999989318,426.09795959412196
7.445999999989316,418.63442468890327
7.4469999999893135,370.21243141284634
7.447999999989311,285.5696414221523
7.448999999989309,172.98739075399718
7.4499999999893065,43.4804512174508
7.450999999989304,-90.280591932686
7.451999999989302,-215.20893060057813
7.4529999999892995,-319.0818445700468
7.453999999989297,-391.73650210060606
7.454999999989295,-426.06427750680587
7.4559999999892925,-418.70630572641466
7.45699999998929,-370.38220318487015
7.457999999989288,-285.8197602096285
7.4589999999892855,-173.29244831389713
7.459999999989283,-43.80996739846258
7.460999999989281,89.9589760123277
7.4619999999892785,214.92624861099367
7.462999999989276,318.86491728354054
7.463999999989274,391.605593205608
7.4649999999892716,426.03141912253
7.465999999989269,418.7743455051371
7.466999999989267,370.54458765967325
7.467999999989265,286.0610596351045
7.468999999989262,173.58962363366598
7.46999999998926,44.13435463702445
7.470999999989258,-89.63905008944336
7.471999999989255,-214.6424004826465
7.472999999989253,-318.6454771521716
7.473999999989251,-391.472581675951
7.474999999989248,-425.9981257878425
7.475999999989246,-418.8438538491566
7.476999999989244,-370.70946412077666
7.477999999989241,-286.30424812293865
7.478999999989239,-173.88640135365927
7.479999999989237,-44.45505473190246
7.480999999989234,89.32592636574195
7.481999999989232,214.36706336650374
7.48299999998923,318.434038797593
7.483999999989227,391.34477790861865
7.484999999989225,425.96569018747783
7.485999999989223,418.90959242832884
7.48699999998922,370.86704314500145
7.487999999989218,286.53869970169046
7.488999999989216,174.17534844272183
7.489999999989213,44.77063371925562
7.490999999989211,-89.0145267223515
7.491999999989209,-214.0906206382428
7.492999999989206,-318.2201516034961
7.493999999989204,-391.21491725667727
7.494999999989202,-425.93283462416167
7.495999999989199,-418.9767847684755
7.496999999989197,-371.02708295099956
7.497999999989195,-286.7750126589653
7.498999999989192,-174.46389182262087
7.49999999998919,-45.08254959130269
7.500999999989188,88.7098799099575
7.501999999989185,213.82263096270609
7.502999999989183,318.01422214633027
7.503999999989181,391.0902538984719
7.504999999989178,425.90086892884005
7.505999999989176,419.0402765753604
7.506999999989174,371.1799130753653
7.507999999989171,287.0026696874292
7.508999999989169,174.74465562703256
7.509999999989167,45.38935257717751
7.510999999989164,-88.40699016174042
7.511999999989162,-213.5535947693908
7.51299999998916,-317.8059064785221
7.513999999989157,-390.9635783520206
7.514999999989155,-425.86849759930766
7.515999999989153,-419.1052069623854
7.51699999998915,-371.3351724702464
7.517999999989148,-287.23215998443095
7.518999999989146,-175.02500900973195
7.519999999989143,-45.692515819972165
7.520999999989141,88.11080431199578
7.521999999989139,213.2929535661933
7.522999999989136,317.6055036367589
7.523999999989134,390.8420879667776
7.524999999989132,425.83704604134226
7.525999999989129,419.16650368724953
7.526999999989127,371.48330797286155
7.527999999989125,287.45307421869495
7.528999999989122,175.29763385965552
7.52999999998912,45.99057545747547
7.530999999989118,-87.81640666885113
7.531999999989115,-213.0313227644753
7.532999999989113,-317.4027751639897
7.533999999989111,-390.71862850017783
7.534999999989108,-425.80520217578
7.535999999989106,-419.2292233219359
7.536999999989104,-371.6338410595469
7.537999999989101,-287.67579354884344
7.538999999989099,-175.5698415290155
7.539999999989097,-46.285018757473516
7.540999999989094,87.52866368104557
7.541999999989092,212.7780280627979
7.54299999998909,317.2079131078559
7.543999999989087,390.6003399284931
7.544999999989085,425.7743054841723
7.545999999989083,419.2883737517016
7.54699999998908,371.77733423928765
7.547999999989078,287.8900159235259
7.548999999989076,175.83437220767104
7.5499999999890735,46.57436941126738
7.550999999989071,-87.24273753238414
7.551999999989069,-212.52379785054913
7.5529999999890665,-317.0107833692445
7.553999999989064,-390.4801233420244
7.554999999989062,-425.74302853624545
7.5559999999890595,-419.34893086538574
7.556999999989057,-371.92319329119783
7.557999999989055,-288.10601550887907
7.5589999999890525,-176.0984794125785
7.55999999998905,-46.86012778339918
7.560999999989048,86.96341583127469
7.5619999999890455,212.2778434013116
7.562999999989043,316.82147161773975
7.563999999989041,390.3650608768562
7.5649999999890385,425.7127234684778
7.565999999989036,419.405980812089
7.566999999989034,372.0620947935698
7.5679999999890315,288.31359682068376
7.568999999989029,176.35496212259903
7.569999999989027,47.14080667780206
7.5709999999890245,-86.68593653352804
7.571999999989022,-212.03100416317258
7.57299999998902,-316.6299470396619
7.5739999999890175,-390.2481090797137
7.574999999989015,-425.6820487297842
7.575999999989013,-419.464420644398
7.5769999999890105,-372.203330589912
7.577999999989008,-288.5229280635989
7.578999999989006,-176.61101597315317
7.5799999999890035,-47.41791851129621
7.580999999989001,86.41500998233596
7.581999999988999,211.7923784195427
7.5829999999889965,316.44618960951493
7.583999999988994,390.1362918642304
7.584999999988992,425.65236777312634
7.5859999999889896,419.51941297215
7.586999999988987,372.3376897477003
7.587999999988985,288.72391958368985
7.588999999988983,176.85949915165702
7.58999999998898,47.68996666112051
7.590999999988978,-86.14594790967715
7.591999999988976,-211.55291485497355
7.592999999988973,-316.2602707965534
7.593999999988971,-390.0226213945981
7.594999999988969,-425.6223261642491
7.595999999988966,-419.5757778453831
7.596999999988964,-372.47435191498016
7.597999999988962,-288.92663463234
7.598999999988959,-177.107549343494
7.599999999988957,-47.95847452431855
7.600999999988955,85.88338500915273
7.601999999988952,211.32160025706204
7.60299999998895,316.0820656419024
7.603999999988948,389.9140630691635
7.604999999988945,425.593297418109
7.605999999988943,419.6287525910986
7.606999999988941,372.60421708643594
7.607999999988938,289.12108861812345
7.608999999988936,177.348084288409
7.609999999988934,48.22193740553402
7.610999999988931,-85.6227049094406
7.611999999988929,-211.08949082877388
7.612999999988927,-315.9017469713271
7.613999999988924,-389.80368487072366
7.614999999988922,-425.56391546239973
7.61599999998892,-419.6830820754439
7.616999999988917,-372.7363544284358
7.617999999988915,-289.3172408187852
7.618999999988913,-177.58818362362445
7.61999999998891,-48.48188857599044
7.620999999988908,85.36846831602541
7.621999999988906,210.86546341988245
7.622999999988903,315.72908573515474
7.623999999988901,389.69839347945884
7.624999999988899,425.5355627024307
7.625999999988896,419.73407665546455
7.626999999988894,372.8617733158483
7.627999999988892,289.50521090268995
7.628999999988889,177.82082490462892
7.629999999988887,48.736816510596235
7.630999999988885,-85.11612899498382
7.631999999988882,-210.64068014031344
7.63299999998888,-315.55435526559484
7.633999999988878,-389.5913129372616
7.634999999988875,-425.5068626783812
7.635999999988873,-419.7864078136812
7.636999999988871,-372.98943411665425
7.637999999988868,-289.6948551205805
7.638999999988866,-178.05302958940442
7.639999999988864,-48.988263212792056
7.640999999988861,84.8701753715732
7.641999999988859,210.4239095227497
7.642999999988857,315.38722334374404
7.643999999988854,389.4892910897227
7.644999999988852,425.47920559309694
7.64599999998885,419.8354573028711
7.646999999988847,373.1104540500732
7.647999999988845,289.87639656067734
7.648999999988843,178.2778352310311
7.64999999998884,49.23471145975222
7.650999999988838,-84.62612970842989
7.651999999988836,-210.20641807648033
7.652999999988833,-315.218063030995
7.653999999988831,-389.385508313319
7.654999999988829,-425.4512058502666
7.655999999988826,-419.88582499875747
7.656999999988824,-373.23368633503947
7.657999999988822,-290.0595893581557
7.658999999988819,-178.50220494466524
7.659999999988817,-49.47771081094704
7.660999999988815,84.38840990104438
7.661999999988812,209.99686769473743
7.66299999998881,315.0564399326083
7.663999999988808,389.2867535825439
7.664999999988805,425.4242604302877
7.665999999988803,419.9329624644563
7.666999999988801,373.3503545084468
7.667999999988798,290.2347591438103
7.668999999988796,178.7192363830826
7.669999999988794,49.71573937089062
7.6709999999887915,-84.15260518016586
7.671999999988789,-209.78662787538764
7.672999999988787,-314.89282612691466
7.6739999999887845,-389.18626391096393
7.674999999988782,-425.39697584504785
7.67599999998878,-419.98139971698197
7.6769999999887775,-373.4692062528101
7.677999999988775,-290.4115588136703
7.678999999988773,-178.9358341251795
7.6799999999887705,-49.95035305113004
7.680999999988768,83.92306469588861
7.681999999988766,209.58425559681237
7.6829999999887635,314.7366860987094
7.683999999988761,389.09076943538935
7.684999999988759,425.37075489801913
7.6859999999887565,420.0266565877547
7.686999999988754,373.58156990276854
7.687999999988752,290.5804156281433
7.6889999999887495,179.1451559509831
7.689999999988747,50.180026209900795
7.690999999988745,-83.69544322151776
7.6919999999887425,-209.3812220199759
7.69299999998874,-314.5785902844439
7.693999999988738,-388.99356412603566
7.6949999999887355,-425.34419743891317
7.695999999988733,-420.0731949497647
7.696999999988731,-373.69608917832323
7.6979999999887285,-290.75088208763077
7.698999999988726,-179.35404768617036
7.699999999988724,-50.40631988811473
7.7009999999887215,83.47402296797009
7.701999999988719,209.1859809667133
7.702999999988717,314.4279031519736
7.7039999999887145,388.9013193740777
7.704999999988712,425.3187111958057
7.70599999998871,420.1166013983273
7.7069999999887076,373.80419569864364
7.707999999988705,290.9134861368605
7.708999999988703,179.5557271989864
7.709999999988701,50.62770553618877
7.710999999988698,-83.25452291457472
7.711999999988696,-208.9901040069402
7.712999999988694,-314.27529287692767
7.713999999988691,-388.80738643020084
7.714999999988689,-425.29289056223547
7.715999999988687,-420.16127133796095
7.716999999988684,-373.9144307554241
7.717999999988682,-291.0776806949451
7.71899999998868,-179.75698132897043
7.719999999988677,-50.84574809517705
7.720999999988675,83.04116014684296
7.721999999988673,208.8019435820191
7.72299999998867,314.13002504694447
7.723999999988668,388.71837807668743
7.724999999988666,425.2681473383193
7.725999999988663,420.20285665634293
7.726999999988661,374.0183277448721
7.727999999988659,291.23409341875606
7.728999999988656,179.95108793654728
7.729999999988654,51.058916872074015
7.730999999988652,-82.82971658682841
7.731999999988649,-208.61317047108682
7.732999999988647,-313.9828649818525
7.733999999988645,-388.62770316037677
7.734999999988642,-425.24307163391063
7.73599999998864,-420.24568792088434
7.736999999988638,-374.12432702530396
7.737999999988635,-291.39207843650263
7.738999999988633,-180.14477463685313
7.739999999988631,-51.26877948564391
7.740999999988628,82.62434599961325
7.741999999988626,208.43203751181483
7.742999999988624,313.84298054182636
7.743999999988621,388.54191602204327
7.744999999988619,425.2190785048003
7.745999999988617,420.2854808679034
7.746999999988614,374.2240622694859
7.747999999988612,291.5423621241501
7.74899999998861,180.33137914100635
7.749999999988607,51.4738038048792
7.750999999988605,-82.42089204294875
7.751999999988603,-208.2503135300377
7.7529999999886,-313.70123360410366
7.753999999988598,-388.4544833984264
7.754999999988596,-425.19475490719145
7.755999999988593,-420.32650281075854
7.756999999988591,-374.3258743587424
7.757999999988589,-291.69420059178844
7.758999999988586,-180.51756960618704
7.759999999988584,-51.675558925579544
7.760999999988582,82.22344694049154
7.761999999988579,208.0761535190036
7.762999999988577,313.56669545381766
7.763999999988575,388.3719013729367
7.764999999988572,425.17151836196365
7.76599999998857,420.36453191365075
7.766999999988568,374.4214957500344
7.767999999988565,291.8384179281809
7.768999999988563,180.69674341955465
7.769999999988561,51.872511940786616
7.770999999988558,-82.02791491696581
7.771999999988556,-207.90142320808786
7.772999999988554,-313.4303239308416
7.773999999988551,-388.28769483196913
7.774999999988549,-425.14795375122173
7.775999999988547,-420.40377376768487
7.776999999988544,-374.51916926781195
7.777999999988542,-291.9841729869212
7.77899999998854,-180.8755090634415
7.779999999988537,-52.06623225842401
7.780999999988535,81.83832839155163
7.781999999988533,207.73418147113577
7.78299999998853,313.30109488099214
7.783999999988528,388.2083017886409
7.784999999988526,425.12548028743754
7.785999999988523,420.4400675638164
7.786999999988521,374.61072467117873
7.787999999988519,292.1223865577348
7.788999999988516,181.04732340512692
7.789999999988514,52.25518683023178
7.790999999988512,-81.65065100823831
7.7919999999885095,-207.56638980081692
7.792999999988507,-313.1700614897103
7.793999999988505,-388.1273054934505
7.7949999999885025,-425.10268180064213
7.7959999999885,-420.47755864906514
7.796999999988498,-374.70430811410955
7.7979999999884955,-292.26212099532006
7.798999999988493,-181.21873506209963
7.799999999988491,-52.440944261120684
7.8009999999884885,81.468857061152
7.801999999988486,207.40601262662923
7.802999999988484,313.0461052683723
7.8039999999884815,388.05108606805413
7.804999999988479,425.08097843079366
7.805999999988477,420.5121458565344
7.8069999999884745,374.79184518880146
7.807999999988472,292.3943927805345
7.80899999998847,181.38326017730546
7.8099999999884675,52.621971983156726
7.810999999988465,-81.28896847185902
7.811999999988463,-207.2451060517752
7.8129999999884605,-312.92037409610214
7.813999999988458,-387.97328528699694
7.814999999988456,-425.05895391541776
7.8159999999884535,-420.5479157132189
7.816999999988451,-374.88138673449015
7.817999999988449,-292.52816853010614
7.8189999999884465,-181.54738734982274
7.819999999988444,-52.79983674428613
7.820999999988442,81.11490301797933
7.8219999999884395,207.0915416737315
7.822999999988437,312.8016562115463
7.823999999988435,387.90022554126523
7.8249999999884325,425.0380285608539
7.82599999998843,420.5808253249289
7.826999999988428,374.9649527232617
7.8279999999884256,292.65455941529467
7.828999999988423,181.7046917954877
7.829999999988421,52.97300707875878
7.830999999988419,-80.94273974906676
7.831999999988416,-206.93746902927836
7.832999999988414,-312.6811934905954
7.833999999988412,-387.82560722834694
7.834999999988409,-425.0167869066286
7.835999999988407,-420.61490376871086
7.836999999988405,-375.0505000087463
7.837999999988402,-292.78243708458166
7.8389999999884,-181.8616019867269
7.839999999988398,-53.14304689450696
7.840999999988395,80.7763414543037
7.841999999988393,206.79066842265865
7.842999999988391,312.5676819093111
7.843999999988388,387.755695144147
7.844999999988386,424.9966486632351
7.845999999988384,420.646165067718
7.846999999988381,375.13014150858896
7.847999999988379,292.9030064151784
7.848999999988377,182.0117520204138
7.849999999988374,53.30842646015838
7.850999999988372,-80.61184314347699
7.85199999998837,-206.64338161396634
7.852999999988367,-312.4524565919212
7.853999999988365,-387.68424834333274
7.854999999988363,-424.9762000001235
7.85599999998836,-420.67858216768457
7.856999999988358,-375.211741396696
7.857999999988356,-293.02504487176134
7.858999999988353,-182.16151018478527
7.859999999988351,-53.47070593856789
7.860999999988349,80.45305405759625
7.861999999988346,206.50329907337462
7.862999999988344,312.3441222038931
7.863999999988342,387.6174741326513
7.864999999988339,424.95685926664413
7.865999999988337,420.7082246682293
7.866999999988335,375.287504124116
7.867999999988332,293.1398500739039
7.86899999998833,182.30456928453108
7.869999999988328,53.62835798314497
7.870999999988325,-80.29616397332782
7.871999999988323,-206.36275353477686
7.872999999988321,-312.2341063146881
7.873999999988318,-387.5491901925076
7.874999999988316,-424.93721502517445
7.875999999988314,-420.7390106527731
7.876999999988311,-375.3652024717905
7.877999999988309,-293.25610610535887
7.878999999988307,-182.4472374214804
7.879999999988304,-53.78293818780356
7.880999999988302,80.14492993284092
7.8819999999883,206.22934701071722
7.882999999988297,312.13092317106174
7.883999999988295,387.48554641535526
7.884999999988293,424.9186834950565
7.88599999998829,420.767063972601
7.886999999988288,375.4371310367851
7.887999999988286,293.365202390516
7.888999999988283,182.58326595743821
7.889999999988281,53.93292226431546
7.890999999988279,-79.99559525757292
7.891999999988276,-206.09550191829007
7.892999999988274,-312.02609192981595
7.893999999988272,-387.42041901223536
7.894999999988269,-424.89985633283015
7.895999999988267,-420.7962490728485
7.896999999988265,-375.5109724779762
7.897999999988262,-293.4757304562608
7.89899999998826,-182.718902862376
7.899999999988258,-54.07986049597686
7.900999999988255,79.85186604894865
7.901999999988253,205.96873310718516
7.902999999988251,311.9280372514614
7.903999999988248,387.35990050653027
7.904999999988246,424.8821468569252
7.905999999988244,420.82274274950134
7.906999999988241,375.5791101785672
7.907999999988239,293.57917062231223
7.908999999988237,182.84795793036577
7.909999999988234,54.22223235106544
7.910999999988232,-79.71003792192764
7.91199999998823,-205.84155134772558
7.9129999999882275,-311.82836897113214
7.913999999988225,-387.29792548560033
7.914999999988223,-424.8641504627702
7.9159999999882205,-420.8503569926156
7.916999999988218,-375.6491379337727
7.917999999988216,-293.68402270518027
7.9189999999882135,-182.97661911019514
7.919999999988211,-54.361582139686234
7.920999999988209,79.5737672083268
7.9219999999882065,205.72138554310135
7.922999999988204,311.7354229405944
7.923999999988202,387.24052912287016
7.9249999999881995,424.8472767983453
7.925999999988197,420.8753202563753
7.926999999988195,375.7135265825373
7.9279999999881925,293.78185704019677
7.92899999998819,183.09875452866686
7.929999999988188,54.49639380815665
7.9309999999881855,-79.43940053905045
7.931999999988183,-205.60083345288044
7.932999999988181,-311.6408987190589
7.9339999999881785,-387.1817041755836
7.934999999988176,-424.8301255923882
7.935999999988174,-420.90139322298455
7.9369999999881715,-375.7797823048824
7.937999999988169,-293.88108260213664
7.938999999988167,-183.22049227696508
7.9399999999881645,-54.62820510535413
7.940999999988162,79.31054556706118
7.94199999998816,205.4872391796141
7.9429999999881575,311.55304407881164
7.943999999988155,387.127428466256
7.944999999988153,424.8141020587031
7.9459999999881505,420.92485474251686
7.946999999988148,375.84046209573506
7.947999999988146,293.97335889138174
7.9489999999881435,183.33575873887472
7.949999999988141,54.75550519586735
7.950999999988139,-79.1835986418226
7.951999999988137,-205.37328608121598
7.952999999988134,-311.46364731266726
7.953999999988132,-387.07175267210874
7.95499999998813,-424.7978108111826
7.955999999988127,-420.94941530578274
7.956999999988125,-375.90298576039373
7.957999999988123,-294.0670049303117
7.95899999998812,-183.45062235911132
7.959999999988118,-54.87982474583719
7.960999999988116,79.06211975687869
7.961999999988113,205.2662345446518
7.962999999988111,311.38086880350494
7.963999999988109,387.0205972511844
7.964999999988106,424.78265187717136
7.965999999988104,420.9714029230622
7.966999999988102,375.9599951820865
7.967999999988099,294.1537685614332
7.968999999988097,183.55906772225012
7.969999999988095,54.999658891248856
7.970999999988092,-78.94255367149515
7.97199999998809,-205.1588521185725
7.972999999988088,-311.29658456154897
7.973999999988085,-386.9680705173634
7.974999999988083,-424.76723527297156
7.975999999988081,-420.994478984764
7.976999999988078,-376.01882502465213
7.977999999988076,-294.24187976169486
7.978999999988074,-183.66710387914938
7.979999999988071,-55.11653075083815
7.980999999988069,78.82841367925715
7.981999999988067,205.05831650979266
7.982999999988064,311.21886824174976
7.983999999988062,386.9200355468098
7.98499999998806,424.75295510472665
7.985999999988057,421.0150194558409
7.986999999988055,376.0722008238318
7.987999999988053,294.3231739177593
7.98899999998805,183.76877357231913
7.989999999988048,55.22894218945375
7.990999999988046,-78.71619163939162
7.991999999988043,-204.9574780451613
7.992999999988041,-311.13968254158056
7.993999999988039,-386.8706579836317
7.994999999988036,-424.73842728188004
7.995999999988034,-421.0366376964639
7.996999999988032,-376.1273733292399
7.997999999988029,-294.4057928814354
7.998999999988027,-183.87002674486519
7.999999999988025,-55.338408359514254
8.000999999988023,78.60935505735279
8.001999999988021,204.8634327501882
8.002999999988019,311.0670150322638
8.003999999988016,386.82574351016785
8.004999999988014,424.7250392783761
8.005999999988012,421.055756453506
8.00699999998801,376.17715052456293
8.007999999988007,294.4816588065577
8.008999999988005,183.9649642614076
8.009999999988002,55.443438607400296
8.010999999988,-78.50444159257806
8.011999999987998,-204.76911232427943
8.012999999987995,-310.9929140664843
8.013999999987993,-386.7795147822988
8.01499999998799,-424.7114133694759
8.015999999987988,-421.07594211020233
8.016999999987986,-376.22870046543864
8.017999999987984,-294.55882634947847
8.018999999987981,-184.0594772676742
8.019999999987979,-55.54553973540016
8.020999999987977,78.40487384003269
8.021999999987974,204.6815320865259
8.022999999987972,310.92528177061723
8.02399999998797,386.73772009068387
8.024999999987967,424.69892971545477
8.025999999987965,421.09366305852194
8.026999999987963,376.2749124094835
8.02799999998796,294.6293036705636
8.028999999987958,184.14772471410623
8.029999999987956,55.64322930859402
8.030999999987953,-78.30723398140935
8.031999999987951,-204.59370372297943
8.032999999987949,-310.85625113034433
8.033999999987946,-386.694638782717
8.034999999987944,-424.6862174185972
8.035999999987942,-421.11243974457506
8.03699999998794,-376.32287293090826
8.037999999987937,-294.70105916381095
8.038999999987935,-184.23553927536938
8.039999999987932,-55.73800541797277
8.04099999998793,78.21490055676432
8.041999999987928,204.5125628099224
8.042999999987925,310.7936394712444
8.043999999987923,386.6559617824188
8.04499999998792,424.67464867932404
8.045999999987918,421.1287851055124
8.046999999987916,376.3655514157059
8.047999999987914,294.7661862470939
8.048999999987911,184.3171379426598
8.049999999987909,55.82839456007897
8.050999999987907,-78.12449902523322
8.051999999987904,-204.43119966521047
8.052999999987902,-310.72966341117325
8.0539999999879,-386.61602481529064
8.054999999987897,-424.66285988310847
8.055999999987895,-421.14617467927053
8.056999999987893,-376.4099541603672
8.05799999998789,-294.83256798354654
8.058999999987888,-184.39829525306706
8.059999999987886,-55.915885765690035
8.060999999987883,78.03936471790439
8.061999999987881,204.35647108608543
8.062999999987879,310.67205613430434
8.063999999987876,386.58046149422984
8.064999999987874,424.65221466359696
8.065999999987872,421.1611648869479
8.06699999998787,376.4491295599004
8.067999999987867,294.8923823060323
8.068999999987865,184.47328617807918
8.069999999987862,55.999015141079454
8.07099999998786,-77.95616516983137
8.071999999987858,-204.28154470899446
8.072999999987855,-310.6131169198516
8.073999999987853,-386.5436636240824
8.07499999998785,-424.6413571457414
8.075999999987848,-421.1771873778487
8.076999999987846,-376.4900048254296
8.077999999987844,-294.9534278710383
8.078999999987841,-184.54782744911572
8.07999999998784,-56.07926231035409
8.080999999987837,77.8781933492024
8.081999999987834,204.2131995258424
8.082999999987832,310.5604954935921
8.08399999998783,386.5112075983532
8.084999999987827,424.6316418319015
8.085999999987825,421.1908410342251
8.086999999987823,376.5257062659773
8.08799999998782,295.00796638576844
8.088999999987818,184.61625193472167
8.089999999987816,56.15517362564783
8.090999999987813,-77.80215771780422
8.091999999987811,-204.14467922839447
8.092999999987809,-310.5065728635792
8.093999999987807,-386.47754102291935
8.094999999987804,-424.6217210456888
8.095999999987802,-421.20551462765735
8.0969999999878,-376.5630831860415
8.097999999987797,-295.06371301244536
8.098999999987795,-184.68421888523383
8.099999999987793,-56.228218951993476
8.10099999998779,77.73130973587506
8.101999999987788,204.08268599454505
8.102999999987786,310.4589160097564
8.103999999987783,386.44818320388094
8.10499999998778,424.61293963823147
8.105999999987779,421.2178485169346
8.106999999987776,376.59533873497287
8.107999999987774,295.11301248875185
8.108999999987772,184.7461189545791
8.10999999998777,56.29695547482314
8.110999999987767,-77.66239770115659
8.111999999987765,-204.02053836462477
8.112999999987762,-310.40998677953473
8.11399999998776,-386.4176372939573
8.114999999987758,-424.6039585963599
8.115999999987755,-421.23118959749684
8.116999999987753,-376.6292454734618
8.11799999998775,-295.16349737870496
8.118999999987748,-184.80755422270877
8.119999999987746,-56.362842935796415
8.120999999987744,77.59863243578212
8.121999999987741,203.9648627164383
8.122999999987739,310.36727015317365
8.123999999987737,386.39136568634757
8.124999999987734,424.5961126444346
8.125999999987732,421.24221875699976
8.12699999998773,376.6580823361375
8.127999999987727,295.20759470056237
8.128999999987725,184.8629729844348
8.129999999987723,56.42444988777658
8.13099999998772,-77.53680104608767
8.131999999987718,-203.9090512920992
8.132999999987716,-310.3233079742138
8.133999999987713,-386.3639268522035
8.134999999987711,-424.5880719021365
8.135999999987709,-421.25424200612497
8.136999999987706,-376.68854628415966
8.137999999987704,-295.25285529624506
8.138999999987702,-184.9179204428821
8.1399999999877,-56.48322556865042
8.140999999987697,77.48007460430371
8.141999999987695,203.8596557090074
8.142999999987692,310.2855040043344
8.14399999998769,386.34072648899144
8.144999999987688,424.58116053542966
8.145999999987685,421.26397984837433
8.146999999987683,376.71399099850464
8.14799999998768,295.29178770515193
8.148999999987678,184.9669023538126
8.149999999987676,56.537750377018014
8.150999999987674,-77.42527806272997
8.151999999987671,-203.81014082565483
8.152999999987669,-310.24647928618066
8.153999999987667,-386.3163781832646
8.154999999987664,-424.5740582705038
8.155999999987662,-421.2746983887259
8.15699999998766,-376.7410389642848
8.157999999987657,-295.33186190089816
8.158999999987655,-185.015407316515
8.159999999987653,-56.589462648816436
8.16099999998765,77.37554365131273
8.161999999987648,203.76698456387854
8.162999999987646,310.2135571780375
8.163999999987643,386.29623119483097
8.164999999987641,424.5680783245062
8.165999999987639,421.2831568661405
8.166999999987636,376.7631175835707
8.167999999987634,295.3656671733506
8.168999999987632,185.05799833151255
8.16999999998763,56.636955050518424
8.170999999987627,-77.32773327050464
8.171999999987625,-203.7237233732897
8.172999999987622,-310.1794371694943
8.17399999998762,-386.2749540454301
8.174999999987618,-424.56191050521596
8.175999999987615,-421.29258244388484
8.176999999987613,-376.7867759658645
8.17799999998761,-295.40059345770607
8.178999999987608,-185.10010764671054
8.179999999987606,-56.68165460037794
8.180999999987604,77.2849412334704
8.181999999987601,203.6867625682118
8.182999999987599,310.1513630614828
8.183999999987597,386.2578398525309
8.184999999987594,424.55685672864143
8.185999999987592,421.29977224542165
8.18699999998759,376.8055142207084
8.187999999987587,295.4293100117245
8.188999999987585,185.13635525463417
8.189999999987583,56.72216660073492
8.19099999998758,-77.24406555253617
8.191999999987578,-203.64970922030568
8.192999999987576,-310.12211207857126
8.193999999987573,-386.23961191213033
8.194999999987571,-424.55161735705457
8.195999999987569,-421.3079154390199
8.196999999987566,-376.8258091575663
8.197999999987564,-295.459127537599
8.198999999987562,-185.17211728493197
8.19999999998756,-56.759906321160514
8.200999999987557,77.20816356418426
8.201999999987555,203.61889714303018
8.202999999987552,310.0988493362054
8.20399999998755,386.225507526831
8.204999999987548,424.5474826863301
8.205999999987545,421.31384620736657
8.206999999987543,376.84123259012085
8.20799999998754,295.4827944664153
8.208999999987538,185.20207043524192
8.209999999987536,56.79349201716579
8.210999999987534,-77.1741686128028
8.211999999987531,-203.58800311190836
8.21299999998753,-310.07442911691527
8.213999999987527,-386.2103046195048
8.214999999987525,-424.5431640996542
8.215999999987522,-421.3207166500465
8.21699999998752,-376.8581900773318
8.217999999987518,-295.5075430492056
8.218999999987515,-185.23153493251183
8.219999999987513,-56.82432676756712
8.22099999998751,77.14510200729235
8.221999999987508,203.5632905582822
8.222999999987506,310.05593874174093
8.223999999987504,386.1991850317395
8.224999999987501,424.5399399821319
8.225999999987499,421.32539720687834
8.226999999987497,376.87032414226127
8.227999999987494,295.5262000850233
8.228999999987492,185.25524386203207
8.22999999998749,56.85104205289487
8.230999999987487,-77.1179316946033
8.231999999987485,-203.53850508669487
8.232999999987483,-310.0363089018447
8.23399999998748,-386.18698117312505
8.234999999987478,-424.53653319325673
8.235999999987476,-421.3310038113906
8.236999999987473,-376.88397011636636
8.237999999987471,-295.54592013334764
8.238999999987469,-185.27846175022134
8.239999999987466,-56.87502831385083
8.240999999987464,77.09564390700392
8.241999999987462,203.51984086991908
8.24299999998746,310.02255002643403
8.243999999987457,386.1788197974268
8.244999999987455,424.5342099397947
8.245999999987452,421.33444237783607
8.24699999998745,376.89284024551705
8.247999999987448,295.5596075470689
8.248999999987445,185.2959777260833
8.249999999987443,56.894930489001354
8.25099999998744,-77.07524050678362
8.251999999987438,-203.5011115017986
8.252999999987436,-310.00766858558444
8.253999999987434,-386.1695876614846
8.254999999987431,-424.53170499659853
8.255999999987429,-421.3387935503986
8.256999999987427,-376.90320062976303
8.257999999987424,-295.5743399339059
8.258999999987422,-185.3130008087069
8.25999999998742,-56.912125934171804
8.260999999987417,77.0596735948943
8.261999999987415,203.48844301615728
8.262999999987413,309.99859902295486
8.26399999998741,386.16435681634493
8.264999999987408,424.5302721421774
8.265999999987406,421.3409979518927
8.266999999987403,376.9088322591529
8.267999999987401,295.583098380474
8.268999999987399,185.3243758060919
8.269999999987396,56.9252732477998
8.270999999987394,-77.04597829506613
8.271999999987392,-203.47571618279184
8.27299999998739,-309.98842296894225
8.273999999987387,-386.1580682206511
8.274999999987385,-424.5286584849557
8.275999999987382,-421.34410178554623
8.27699999998738,-376.9159329719902
8.277999999987378,-295.5928842654588
8.278999999987375,-185.33525641936353
8.279999999987373,-56.93573626209763
8.28099999998737,77.03707350854843
8.281999999987368,203.46899000362237
8.282999999987366,309.98399978283555
8.283999999987364,386.1557396127953
8.284999999987361,424.528105137669
8.285999999987359,421.34507963050123
8.286999999987357,376.9183515323192
8.287999999987354,295.5967545864553
8.288999999987352,185.34054275607366
8.28999999998735,56.94218741348091
8.290999999987347,-77.03002699138486
8.291999999987345,-203.46221162817463
8.292999999987343,-309.97848564045387
8.29399999998734,-386.15236599502583
8.294999999987338,-424.52737193549075
8.295999999987336,-421.346944067848
8.296999999987333,-376.92221846078627
8.297999999987331,-295.6016352023683
8.298999999987329,-185.34533339026532
8.299999999987326,-56.94597658687198
8.300999999987324,77.02772535453788
8.301999999987322,203.461374112719
8.30299999998732,309.9786657049039
8.303999999987317,386.15291118129056
8.304999999987315,424.52768709584683
8.305999999987312,421.3467028927034
8.30699999998731,376.9214493340082
8.307999999987308,295.6006581998823
8.308999999987305,185.3445833402448
8.309999999987303,56.94579021913319
8.3109999999873,-77.027268373175
8.311999999987298,-203.4604901989543
8.312999999987296,-309.9777700781462
8.313999999987294,-386.1524240410509
8.314999999987291,-424.5278235449323
8.31599999998729,-421.34733585162786
8.316999999987287,-376.9221082752067
8.317999999987284,-295.6006746173092
8.318999999987282,-185.34333625159508
8.31999999998728,-56.942963845970056
8.320999999987277,77.0315112478342
8.321999999987275,203.46548805521056
8.322999999987273,309.9825105952327
8.32399999998727,386.1558148444867
8.324999999987268,424.5289963790628
8.325999999987266,421.3458832259165
8.326999999987263,376.91817672262397
8.327999999987261,295.5948908129249
8.328999999987259,185.33660166152117
8.329999999987256,56.936198058729026
8.330999999987254,-77.03758516765929
8.331999999987252,-203.4704452287806
8.33299999998725,-309.986190654323
8.333999999987247,-386.1581861286133
8.334999999987245,-424.52999194902816
8.335999999987243,-421.3452926838214
8.33699999998724,-376.9156532995825
8.337999999987238,-295.59008369755844
8.338999999987236,-185.32936849764383
8.339999999987233,-56.92681366978759
8.34099999998723,77.04831476642322
8.341999999987229,203.4812260223781
8.342999999987226,309.9954496047529
8.343999999987224,386.16439498819096
8.344999999987222,424.5320120046717
8.34599999998722,421.3426362722562
8.346999999987217,376.9085843664725
8.347999999987215,295.5795330919406
8.348999999987212,185.31670042674455
8.34999999998721,56.91352557740472
8.350999999987208,-77.06086204337748
8.351999999987205,-203.49197199699597
8.352999999987203,-310.00366349475837
8.3539999999872,-386.1695974016784
8.354999999987198,-424.5338566221874
8.355999999987196,-421.3408303067949
8.356999999987194,-376.9029039241492
8.357999999987191,-295.5699424693549
8.358999999987189,-185.30353188539402
8.359999999987187,-56.89763952938262
8.360999999987184,77.07802186767537
8.361999999987182,203.50848457229313
8.36299999998718,310.0173999996258
8.363999999987177,386.1785976406692
8.364999999987175,424.5367139784915
8.365999999987173,421.3369778884753
8.36699999998717,376.89272232873157
8.367999999987168,295.5546643150861
8.368999999987166,185.28498028795107
8.369999999987163,56.87788488671915
8.370999999987161,-77.09698644020399
8.371999999987159,-203.52496852047
8.372999999987156,-310.030107152356
8.373999999987154,-386.1866048702763
8.374999999987152,-424.53939814263634
8.37599999998715,-421.33396467558464
8.376999999987147,-376.8839098180006
8.377999999987145,-295.5403293552246
8.378999999987142,-185.26592582696674
8.37999999998714,-56.85555202817039
8.380999999987138,77.12052162277352
8.381999999987135,203.5471633164971
8.382999999987133,310.04828173246506
8.38399999998713,386.1983708732406
8.384999999987128,424.5430834898722
8.385999999987126,421.32892412114506
8.386999999987124,376.8706398322111
8.387999999987121,295.5203619561531
8.388999999987119,185.24153929285055
8.389999999987117,56.82938494122139
8.390999999987114,-77.14584920098035
8.391999999987112,-203.56933612848042
8.39299999998711,-310.06544307040923
8.393999999987107,-386.209157717383
8.394999999987105,-424.5465983170203
8.395999999987103,-421.32471189352265
8.3969999999871,-376.8587196895122
8.397999999987098,-295.501320789268
8.398999999987096,-185.21664690403458
8.399999999987093,-56.80065836973924
8.400999999987091,77.1757067394827
8.401999999987089,203.59716537995573
8.402999999987086,310.0880177935603
8.403999999987084,386.22366501190345
8.404999999987082,424.5511029664587
8.40599999998708,421.3184911053438
8.406999999987077,376.84238501894646
8.407999999987075,295.4767013356187
8.408999999987072,185.1864724691437
8.40999999998707,56.7681311022557
8.410999999987068,-77.2073449811212
8.411999999987065,-203.62497980416018
8.412999999987063,-310.1095958213173
8.41399999998706,-386.2372074148393
8.414999999987058,-424.5554401669913
8.415999999987056,-421.31308807642523
8.416999999987054,-376.8273810488268
8.417999999987051,-295.45299090896145
8.418999999987049,-185.15578852595522
8.419999999987047,-56.73306202140865
8.420999999987044,77.24347385633203
8.421999999987042,203.65839762139473
8.42299999998704,310.1365343379659
8.423999999987037,386.25443265935456
8.424999999987035,424.5607559950936
8.425999999987033,421.3056948981983
8.42699999998703,376.80800471943473
8.427999999987028,295.4237553564324
8.428999999987026,185.11987155874436
8.429999999987023,56.69422490285538
8.430999999987021,-77.28137242653737
8.431999999987019,-203.69180828535363
8.432999999987016,-310.162493122242
8.433999999987014,-386.2707076548429
8.434999999987012,-424.56590778743777
8.43599999998701,-421.2991091589866
8.436999999987007,-376.78993998734916
8.437999999987005,-295.39541133697753
8.438999999987002,-185.08344074217646
8.439999999987,-56.65286258074931
8.440999999986998,77.32372360497173
8.441999999986995,203.7307706178221
8.442999999986993,310.1937605926115
8.44399999998699,386.2906285393869
8.444999999986988,424.572027121958
8.445999999986986,421.29055126097916
8.446999999986984,376.76754424557333
8.447999999986981,295.36159433448074
8.44899999998698,185.04182490909292
8.449999999986977,56.60776401548325
8.450999999986974,-77.36783412292104
8.451999999986972,-203.76973393542937
8.45299999998697,-310.22406564018047
8.453999999986967,-386.3096141116954
8.454999999986965,-424.57798609377306
8.455999999986963,-421.28279065756027
8.45699999998696,-376.7464409870072
8.457999999986958,-295.3286510617156
8.458999999986956,-184.99969021185595
8.459999999986954,-56.56015584182756
8.460999999986951,77.41636045061861
8.461999999986949,203.8141984264256
8.462999999986947,310.2596285654369
8.463999999986944,386.33220918275015
8.464999999986942,424.5849015521447
8.46599999998694,421.2730754076157
8.466999999986937,376.7210472187466
8.467999999986935,295.29028592937976
8.468999999986933,184.95241751922603
8.46999999998693,56.50884241275441
8.470999999986928,-77.46663633326907
8.471999999986926,-203.85867240394546
8.472999999986923,-310.2942466109046
8.47399999998692,-386.353884059504
8.474999999986919,-424.59166047992284
8.475999999986916,-421.2641474079557
8.476999999986914,-376.69692676924967
8.477999999986912,-295.2527764184378
8.47899999998691,-184.90462032342526
8.479999999986907,-56.455034046167434
8.480999999986905,77.52129233342333
8.481999999986902,203.90859815214628
8.4829999999869,310.3340725826374
8.483999999986898,386.37913248397297
8.484999999986895,424.5993647728001
8.485999999986893,421.25328173631976
8.48699999998689,376.66855544167424
8.487999999986888,295.2098951750574
8.488999999986886,184.85173122999072
8.489999999986884,56.397550702073765
8.490999999986881,-77.57768855022898
8.491999999986879,-203.95854210975097
8.492999999986877,-310.37297130481846
8.493999999986874,-386.40347587607613
8.494999999986872,-424.6069164133007
8.49599999998687,-421.2431932957694
8.496999999986867,-376.6414381919906
8.497999999986865,-295.1678511674877
8.498999999986863,-184.79831145082412
8.49999999998686,-56.33758629327773
8.500999999986858,77.63843014102362
8.501999999986856,204.01388935634586
8.502999999986853,310.41702869306704
8.503999999986851,386.43135716169434
8.504999999986849,424.61540212704364
8.505999999986846,421.2311835626797
8.506999999986844,376.61010882167034
8.507999999986842,295.12048460367413
8.50899999998684,184.73984503984238
8.509999999986837,56.273976604898685
8.510999999986835,-77.70090289973069
8.511999999986832,-204.06926358614646
8.51299999998683,-310.46017637985045
8.513999999986828,-386.4583484694317
8.514999999986825,-424.6237389947626
8.515999999986823,-421.219940996258
8.51699999998682,-376.58001419908766
8.517999999986818,-295.073936661189
8.518999999986816,-184.68084132369202
8.519999999986814,-56.207899080058255
8.520999999986811,77.7676870532189
8.521999999986809,204.12999334993177
8.522999999986807,310.5084339806159
8.523999999986804,386.4888421611381
8.524999999986802,424.63299836687673
8.5259999999868,421.2067928706972
8.526999999986797,376.54574534684946
8.527999999986795,295.02211445187487
8.528999999986793,184.6168355233391
8.52999999998679,56.13820554642721
8.530999999986788,-77.8361934372822
8.531999999986786,-204.1907587336514
8.532999999986783,-310.55579916520696
8.533999999986781,-386.5184606653968
8.534999999986779,-424.6421125118065
8.535999999986776,-421.19440174049714
8.536999999986774,-376.51269182346397
8.537999999986772,-294.9710920861991
8.53899999998677,-184.55228548606598
8.539999999986767,-56.066056931332525
8.540999999986765,77.90897780202337
8.541999999986762,204.25683241776412
8.54299999998676,310.60822583076435
8.543999999986758,386.5515460357708
8.544999999986755,424.6521372138583
8.545999999986753,421.1801200968165
8.54699999998675,376.47550111577533
8.547999999986748,294.91484293530493
8.548999999986746,184.48277732274406
8.549999999986744,55.990321316629014
8.550999999986741,-77.98347538376004
8.551999999986739,-204.32295002815812
8.552999999986737,-310.6597769214021
8.553999999986734,-386.58377059337425
8.554999999986732,-424.66202001276855
8.55599999998673,-421.16658511987293
8.556999999986727,-376.43950624309974
8.557999999986725,-294.85937476480404
8.558999999986723,-184.41271781350943
8.55999999998672,-55.91214308092507
8.560999999986718,78.06221789421639
8.561999999986716,204.39432902227728
8.562999999986713,310.71634119526846
8.563999999986711,386.61942634704036
8.564999999986709,424.67280095278113
8.565999999986706,421.1511739582634
8.566999999986704,376.3994104182847
8.567999999986702,294.7987265721231
8.5689999999867,184.33774368255266
8.569999999986697,55.83040676172191
8.570999999986695,-78.1426643458459
8.571999999986692,-204.4657597321471
8.57299999998669,-310.77204612074416
8.573999999986688,-386.6542351078226
8.574999999986685,-424.6834429260218
8.575999999986683,-421.1364989409408
8.57699999998668,-376.3604908844883
8.577999999986679,-294.7388404964566
8.578999999986676,-184.2622110575659
8.579999999986674,-55.746240163611965
8.580999999986672,78.22732284172027
8.58199999998667,204.54240503364636
8.582999999986667,310.832715898205
8.583999999986665,386.69243911501894
8.584999999986662,424.6949700815365
8.58599999998666,421.11996133583983
8.586999999986658,376.3175058605409
8.587999999986655,294.6738205371582
8.588999999986653,184.181806995482
8.58999999998665,55.65854446635266
8.590999999986648,-78.31367556725408
8.591999999986646,-204.6191091536545
8.592999999986644,-310.8925417880903
8.593999999986641,-386.7298092761574
8.594999999986639,-424.7063607446911
8.595999999986637,-421.1041491368142
8.596999999986634,-376.2756775677886
8.597999999986632,-294.6095439194317
8.59899999998663,-184.1008373853811
8.599999999986627,-55.56843087811846
8.600999999986625,78.40420744274178
8.601999999986623,204.70098102747238
8.60299999998662,310.9572840205923
8.603999999986618,386.7705383502109
8.604999999986616,424.7186230349028
8.605999999986613,421.08648721499435
8.606999999986611,376.2298185274003
8.607999999986609,294.5401790261468
8.608999999986606,184.01503932985443
8.609999999986604,55.474817389073394
8.610999999986602,-78.49642324970483
8.6119999999866,-204.7829179923157
8.612999999986597,-311.0211969371319
8.613999999986595,-386.81044595972526
8.614999999986592,-424.7307507930712
8.61599999998659,-421.0695397390982
8.616999999986588,-376.1850966837542
8.617999999986585,-294.47153887232054
8.618999999986583,-183.92866888764777
8.61999999998658,-55.37879858685874
8.620999999986578,78.59278515145226
8.621999999986576,204.86997568727273
8.622999999986574,311.0899773946313
8.623999999986571,386.85367568920185
8.624999999986569,424.74373599555224
8.625999999986567,421.05075468803386
8.626999999986564,376.1363781717174
8.627999999986562,294.3978556100276
8.62899999998656,183.8375129101242
8.629999999986557,55.2793094185089
8.630999999986555,-78.6908199781093
8.631999999986553,-204.95710380493568
8.63299999998655,-311.15794212848874
8.633999999986548,-386.8960955079763
8.634999999986546,-424.7565880836994
8.635999999986543,-421.0326729092327
8.636999999986541,-376.0887773928069
8.637999999986539,-294.32487873705304
8.638999999986536,-183.7457780265602
8.639999999986534,-55.177427822534206
8.640999999986532,78.79296756584479
8.64199999998653,205.04930533860224
8.642999999986527,311.230725230886
8.643999999986525,386.94180014950564
8.644999999986522,424.7702827987844
8.64599999998652,421.01276501453515
8.646999999986518,376.0372134205477
8.647999999986515,294.2469035618997
8.648999999986513,183.64930052807733
8.64999999998651,55.07210582479918
8.650999999986508,-78.89677627683162
8.651999999986506,-205.14158161334962
8.652999999986504,-311.30270516920825
8.653999999986501,-386.98670557658454
8.654999999986499,-424.7838452702435
8.655999999986497,-420.99354902700316
8.656999999986494,-375.9867478355333
8.657999999986492,-294.1696167458121
8.65899999998649,-183.5522380051982
8.659999999986487,-54.96440467924245
8.660999999986485,79.0046640559391
8.661999999986483,205.2388836349991
8.66299999998648,311.3794538919046
8.663999999986478,387.0348580127352
8.664999999986476,424.79823493293156
8.665999999986473,420.97251773550073
8.666999999986471,375.93235198676126
8.667999999986469,294.0873761409426
8.668999999986466,183.45047586630915
8.669999999986464,54.85329358681203
8.670999999986462,-79.11420031342865
8.67199999998646,-205.33626367024146
8.672999999986457,-311.45541096222036
8.673999999986455,-387.0822210749234
8.674999999986452,-424.8124926942591
8.67599999998645,-420.9521668279538
8.676999999986448,-375.8790353428906
8.677999999986445,-294.0058062384813
8.678999999986443,-183.34812304211727
8.67999999998644,-54.739817073103886
8.680999999986438,79.2277815450821
8.681999999986436,205.43862140379093
8.682999999986434,311.5360868181207
8.683999999986431,387.1327928348797
8.68499999998643,424.8275616310465
8.685999999986427,420.9300108323583
8.686999999986424,375.8218208756979
8.687999999986422,293.9193268204976
8.68899999998642,183.24111372128175
8.689999999986417,54.62296158458312
8.690999999986415,-79.3429977580014
8.691999999986413,-205.54105938539593
8.69299999998641,-311.61598150717316
8.693999999986408,-387.1825842382881
8.694999999986406,-424.8424985195333
8.695999999986403,-420.9085235818049
8.696999999986401,-375.765666636365
8.697999999986399,-293.833500859846
8.698999999986397,-183.13350854193058
8.699999999986394,-54.503754866156555
8.700999999986392,79.46222444775954
8.70199999998639,205.64842665261622
8.702999999986387,311.7005446013057
8.703999999986385,387.23554557851224
8.704999999986383,424.8582300445339
8.70599999998638,420.8852409215136
8.706999999986378,375.7056465759804
8.707999999986376,293.742809452766
8.708999999986373,183.0212901209564
8.70999999998637,54.38120065478242
8.710999999986369,-79.58307179794451
8.711999999986366,-205.7558754096179
8.712999999986364,-311.7843360440396
8.713999999986362,-387.2877348159731
8.71499999998636,-424.87382894163073
8.715999999986357,-420.8626152998816
8.716999999986355,-375.6466680078514
8.717999999986352,-293.6527546901983
8.71899999998635,-182.90847115928358
8.719999999986348,-54.256309854464426
8.720999999986345,79.70789475805913
8.721999999986343,205.86820472665448
8.72299999998634,311.8727451945386
8.723999999986338,387.34305485226434
8.724999999986336,424.8902054857187
8.725999999986334,420.83820347191363
8.726999999986331,375.583855227002
8.727999999986329,293.5578783647217
8.728999999986327,182.79108233637825
8.729999999986324,54.128103513698704
8.730999999986322,-79.83432329713774
8.73199999998632,-205.98061586146179
8.732999999986317,-311.96039132434805
8.733999999986315,-387.3976103577057
8.734999999986313,-424.9064484593899
8.73599999998631,-420.8144369601214
8.736999999986308,-375.5220654725443
8.737999999986306,-293.4636223068054
8.738999999986303,-182.67308875990463
8.739999999986301,-53.99757562944899
8.740999999986299,79.96469227581937
8.741999999986296,206.09785859972519
8.742999999986294,312.0526042392328
8.743999999986292,387.4552572392503
8.74499999998629,424.92345172276873
8.745999999986287,420.7888930340555
8.746999999986285,375.4564727553948
8.747999999986282,293.3645883853532
8.74899999998628,182.55056879351665
8.749999999986278,53.863764560958295
8.750999999986275,-80.09665108344194
8.751999999986273,-206.21518267667497
8.75299999998627,-312.14406198788635
8.753999999986268,-387.51214657854035
8.754999999986266,-424.94032018876413
8.755999999986264,-420.763982736353
8.756999999986261,-375.3918848878852
8.757999999986259,-293.26615877740494
8.758999999986257,-182.42744028639314
8.759999999986254,-53.72764732791606
8.760999999986252,80.23251494898534
8.76199999998625,206.33728927594555
8.762999999986247,312.2400354847715
8.763999999986245,387.5720876921675
8.764999999986243,424.957931308524
8.76599999998624,420.73730346722914
8.766999999986238,375.32352497544
8.767999999986236,293.16299480714764
8.768999999986233,182.29982889730445
8.769999999986231,53.588279580928706
8.770999999986229,-80.36995233973423
8.771999999986226,-206.45947605461
8.772999999986224,-312.3352610183231
8.773999999986222,-387.63127777776594
8.77499999998622,-424.9754062015962
8.775999999986217,-420.71124622120004
8.776999999986215,-375.2561520352608
8.777999999986212,-293.06041959135734
8.77899999998621,-182.1716055437707
8.779999999986208,-53.446621291262886
8.780999999986205,80.51125930712884
8.781999999986203,206.58639627294326
8.7829999999862,312.43495127301276
8.783999999986198,387.6934799695917
8.784999999986196,424.9936059240143
8.785999999986194,420.6834281543117
8.786999999986191,375.18503765225125
8.787999999986189,292.9531532882939
8.788999999986187,182.0389427822273
8.789999999986184,53.30174536601582
8.790999999986182,-80.65412307237548
8.79199999998618,-206.71339497057176
8.792999999986177,-312.5339002490865
8.793999999986175,-387.7549372861788
8.794999999986173,-425.0116678690437
8.79599999998617,-420.6562206297937
8.796999999986168,-375.11489266359536
8.797999999986166,-292.8464605360019
8.798999999986163,-181.90566492053208
8.799999999986161,-53.1545946586682
8.800999999986159,80.80082095660796
8.801999999986156,206.8450781553898
8.802999999986154,312.63726305733655
8.803999999986152,387.81936708807757
8.80499999998615,425.0304367173877
8.805999999986147,420.6272601929889
8.806999999986145,375.0410365252262
8.807999999986142,292.7351197066778
8.80899999998614,181.76799100921005
8.809999999986138,53.004259286233605
8.810999999986135,-80.94905862525523
8.811999999986133,-206.97683772271685
8.81299999998613,-312.7398908878868
8.813999999986128,-387.8830579164862
8.814999999986126,-425.04906619193184
8.815999999986124,-420.5988989768838
8.816999999986121,-374.9681324941406
8.81799999998612,-292.6243375300932
8.818999999986117,-181.62969906583658
8.819999999986115,-52.85166492055606
8.820999999986112,81.10109510582967
8.82199999998611,207.11323308732173
8.822999999986108,312.8468819259554
8.823999999986105,387.94968176432576
8.824999999986103,425.06838462104025
8.8259999999861,420.56879255623255
8.826999999986098,374.8915472954661
8.827999999986096,292.50894997512154
8.828999999986094,181.48705422872047
8.829999999986091,52.69591883359918
8.830999999986089,-81.2546542088452
8.831999999986087,-207.24970248137708
8.832999999986084,-312.9531440316388
8.833999999986082,-388.0155723916046
8.83499999998608,-425.0875621006087
8.835999999986077,-420.5392742186057
8.836999999986075,-374.8158971910042
8.837999999986073,-292.39410642534995
8.83899999998607,-181.34378854397826
8.839999999986068,-52.53792946005555
8.840999999986066,81.41197709057184
8.841999999986063,207.39075937083683
8.842999999986061,313.06371910093065
8.843999999986059,388.0843568247067
8.844999999986056,425.1074106311552
8.845999999986054,420.5080182145797
8.846999999986052,374.7365955802745
8.84799999998605,292.2746998334436
8.848999999986047,181.1962128311743
8.849999999986045,52.37682116738799
8.850999999986042,-81.5708054138971
8.85199999998604,-207.53188781053206
8.852999999986038,-313.1735711431724
8.853999999986035,-388.1524137304043
8.854999999986033,-425.12711671114477
8.85599999998603,-420.4773393548646
8.856999999986028,-374.6582123009027
8.857999999986026,-292.15582279144485
8.858999999986024,-181.04801348634004
8.859999999986021,-52.21348510884022
8.860999999986019,81.7333628693754
8.861999999986017,207.67755594357837
8.862999999986014,313.28768638724864
8.863999999986012,388.2233255620903
8.86499999998601,425.1474760378703
8.865999999986007,420.4449302180195
8.866999999986005,374.576206839735
8.867999999986003,292.0324246291152
8.868999999986,180.8955466058464
8.869999999985998,52.047062686237574
8.870999999985996,-81.89740868262969
8.871999999985993,-207.82329313441053
8.872999999985991,-313.40108446730574
8.873999999985989,-388.29351557192246
8.874999999985986,-425.1676915270847
8.875999999985984,-420.41308749025245
8.876999999985982,-374.49510316864496
8.87799999998598,-291.909541696712
8.878999999985977,-180.74245326164015
8.879999999985975,-51.878427740895646
8.880999999985972,82.0651494644063
8.88199999998597,207.97352280893918
8.882999999985968,313.51869655081936
8.883999999985965,388.36652202441667
8.884999999985963,425.18854259680916
8.88599999998596,420.37952173563775
8.886999999985958,374.4104062830546
8.887999999985956,291.78217910179586
8.888999999985954,180.58513442706004
8.889999999985951,51.706738649128674
8.890999999985949,-82.2343617137011
8.891999999985947,-208.12381912723035
8.892999999985944,-313.6355973669795
8.893999999985942,-388.4388124249449
8.89499999998594,-425.2092485799293
8.895999999985937,-420.3465118528787
8.896999999985935,-374.3265948356597
8.897999999985933,-291.65531749870013
8.89899999998593,-180.42718618200513
8.899999999985928,-51.532851925303675
8.900999999985926,82.40723532583729
8.901999999985923,208.2785613813642
8.902999999985921,313.75666360945826
8.903999999985919,388.5138812237012
8.904999999985916,425.2305726374281
8.905999999985914,420.3117860547423
8.906999999985912,374.23921876097273
8.90799999998591,291.52401718289036
8.908999999985907,180.26505398335777
8.909999999985905,51.35594286364934
8.910999999985902,-82.58156378231313
8.9119999999859,-208.4333680100027
8.912999999985898,-313.8770245664303
8.913999999985895,-388.5882398356127
8.914999999985893,-425.2517505048897
8.91599999998589,-420.2776057745157
8.916999999985888,-374.15271192876395
8.917999999985886,-291.39320365618994
8.918999999985884,-180.10228925906492
8.919999999985881,-51.17685065354528
8.92099999998588,82.75952060500656
8.921999999985877,208.5925747316684
8.922999999985874,314.0015030267976
8.923999999985872,388.6653392603372
8.92499999998587,425.27352910708123
8.925999999985867,420.24171654287426
8.926999999985865,374.0626686531821
8.927999999985863,291.25799182209295
8.92899999998586,179.93538156374026
8.929999999985858,50.99476745505643
8.930999999985856,-82.9389159638728
8.931999999985853,-208.75184374308097
8.932999999985851,-314.12528229469996
8.933999999985849,-388.7417344680284
8.934999999985846,-425.29516055378673
8.935999999985844,-420.2063626363755
8.936999999985842,-373.97347854782095
8.93799999998584,-291.123252572354
8.938999999985837,-179.7678380218384
8.939999999985835,-50.810515152040146
8.940999999985833,83.12190732646602
8.94199999998583,208.91546772621464
8.942999999985828,314.25313180504406
8.943999999985826,388.8208333612663
8.944999999985823,425.31737555349366
8.94599999998582,420.16930657903674
8.946999999985819,373.8807797575778
8.947999999985816,290.9841548495755
8.948999999985814,179.59619190888228
8.949999999985812,50.62330272401157
8.95099999998581,-83.3063212539232
8.951999999985807,-209.07915211155344
8.952999999985805,-314.3802883283659
8.953999999985802,-388.8992341010806
8.9549999999858,-425.3394425487867
8.955999999985798,-420.1327757869286
8.956999999985795,-373.7889181587458
8.957999999985793,-290.8455154772836
8.95899999998579,-179.4239064030647
8.959999999985788,-50.43393478594814
8.960999999985786,83.4942994560856
8.961999999985784,209.24714705925433
8.962999999985781,314.51146847846906
8.963999999985779,388.9803018371826
8.964999999985777,425.36207605133984
8.965999999985774,420.09454946009834
8.966999999985772,373.6935751891482
8.96799999998577,290.70255687997167
8.968999999985767,179.24755813277235
8.969999999985765,50.2416370959875
8.970999999985763,-83.6836845847255
8.97199999998576,-209.4152007058141
8.972999999985758,-314.64196193748717
8.973999999985756,-389.0606775479534
8.974999999985753,-425.3845607841278
8.975999999985751,-420.05683843918337
8.976999999985749,-373.5990534993525
8.977999999985746,-290.5600423546328
8.978999999985744,-179.07056669617518
8.979999999985742,-50.04719705344548
8.98099999998574,83.87660286746876
8.981999999985737,209.5875211830945
8.982999999985735,314.7764330151416
8.983999999985732,389.14368396631113
8.98499999998573,425.4075950821733
8.985999999985728,420.01743829110933
8.986999999985725,373.5010772942326
8.987999999985723,290.41324726213855
8.98899999998572,178.88955171542054
8.989999999985718,49.8498571593485
8.990999999985716,-84.07091274386441
8.991999999985714,-209.75989880442643
8.992999999985711,-314.9102237461881
8.993999999985709,-389.22600450770614
8.994999999985707,-425.43047988671964
8.995999999985704,-419.9785435561031
8.996999999985702,-373.40390650357114
8.9979999999857,-290.26688191473943
8.998999999985697,-178.7078895828373
8.999999999985695,-49.650387665995176
9.000999999985693,84.26872521555534
9.00199999998569,209.93650014782924
9.002999999985688,315.0479466387252
9.003999999985686,389.3109198176064
9.004999999985683,425.4538973783353
9.005999999985681,419.93796586733754
9.006999999985679,373.30330758546955
9.007999999985676,290.1162740755079
9.008999999985674,178.52224256333352
9.009999999985672,49.44804778546992
9.01099999998567,-84.4679142060449
9.011999999985667,-210.11315717389087
9.012999999985665,-315.1849955197466
9.013999999985662,-389.3951553633747
9.01499999998566,-425.47716464649
9.015999999985658,-419.89788373178504
9.016999999985655,-373.20349824800763
9.017999999985653,-289.9660816136123
9.01899999998565,-178.33594422437855
9.019999999985648,-49.2435907050094
9.020999999985646,84.67057572989745
9.021999999985644,210.29399536476544
9.022999999985641,315.3259315861819
9.023999999985639,389.4819500279246
9.024999999985637,425.50094774285947
9.025999999985634,419.85612455744723
9.026999999985632,373.1002867006643
9.02799999998563,289.81168417127856
9.028999999985627,178.14569913019716
9.029999999985625,49.036292318451444
9.030999999985623,-84.8745988920597
9.03199999998562,-210.47488780076816
9.032999999985618,-315.46619989731283
9.033999999985616,-389.5680709422467
9.034999999985613,-425.5245798292438
9.035999999985611,-419.8148510776136
9.036999999985609,-372.997848923741
9.037999999985606,-289.6576877154281
9.038999999985604,-177.95479840976844
9.039999999985602,-48.82688884123865
9.0409999999856,85.08206494452341
9.041999999985597,210.65991931238256
9.042999999985595,315.6103108198595
9.043999999985592,389.65671554901206
9.04499999998559,425.54871085854575
9.045999999985588,419.7719061939782
9.046999999985585,372.8920343880865
9.047999999985583,289.4995232546229
9.04899999998558,177.75998858892987
9.049999999985578,48.6146728204478
9.050999999985576,-85.29087787408342
9.051999999985574,-210.8450035768361
9.052999999985571,-315.75376008835514
9.05399999998557,-389.7446922545097
9.054999999985567,-425.5726899848234
9.055999999985564,-419.7294371197298
9.056999999985562,-372.78697783473723
9.05799999998556,-289.3417453926759
9.058999999985557,-177.56451874847028
9.059999999985555,-48.400363601945635
9.060999999985553,85.50310438313309
9.06199999998555,211.03418520556735
9.062999999985548,315.9010077133517
9.063999999985546,389.8351573826359
9.064999999985544,425.59715109830455
9.065999999985541,419.685301979526
9.066999999985539,372.67856951785916
9.067999999985537,289.1798360010574
9.068999999985534,177.36517704224707
9.069999999985532,48.18327035606617
9.07099999998553,-85.71666304651889
9.071999999985527,-211.22341795720402
9.072999999985525,-316.04759955304803
9.073999999985523,-389.92496022798025
9.07499999998552,-425.62145926283335
9.075999999985518,-419.64163271471574
9.076999999985516,-372.57090342235296
9.077999999985513,-289.01829885724345
9.07899999998551,-177.16517089537334
9.079999999985509,-47.96409566751599
9.080999999985506,85.93360622075838
9.081999999985504,211.41670664867394
9.082999999985502,316.1979457312905
9.0839999999855,390.01721631877047
9.084999999985497,425.6462323490694
9.085999999985495,419.5963024131927
9.086999999985492,372.45991011877993
9.08799999998549,288.8526662002327
9.088999999985488,176.9613297587009
9.089999999985485,47.74216529658116
9.090999999985483,-86.15186678290343
9.09199999998548,-211.61004461376837
9.092999999985478,-316.3476416862155
9.093999999985476,-390.10881545461115
9.094999999985474,-425.67085124685815
9.095999999985471,-419.55142798807606
9.096999999985469,-372.3496433138497
9.097999999985467,-288.6873915142592
9.098999999985464,-176.75681979420418
9.099999999985462,-47.51816517949056
9.10099999998546,86.37348294134753
9.101999999985457,211.80739729388478
9.102999999985455,316.5010481222995
9.103999999985453,390.20283269379195
9.10499999998545,425.69591785858705
9.105999999985448,419.5048972417103
9.106999999985446,372.2360734380833
9.107999999985443,288.5180569174729
9.108999999985441,176.54851141972804
9.109999999985439,47.291437627652144
9.110999999985436,-86.59640159952819
9.111999999985434,-212.0047971032605
9.112999999985432,-316.6538095232952
9.11399999998543,-390.29619796307844
9.114999999985427,-425.7208288163975
9.115999999985425,-419.45881229871793
9.116999999985422,-372.1232143920671
9.11799999998542,-288.3490661292261
9.118999999985418,-176.33952992480607
9.119999999985415,-47.06265204294195
9.120999999985413,86.82264701147346
9.12199999998541,212.20617052348538
9.122999999985408,316.8102376414804
9.123999999985406,390.39194618093364
9.124999999985404,425.7461701141831
9.125999999985401,419.4110754375458
9.126999999985399,372.007076020145
9.127999999985397,288.1760506642687
9.128999999985394,176.1267863639525
9.129999999985392,46.831167241919175
9.13099999998539,-87.0501798434229
9.131999999985387,-212.40758856791672
9.132999999985385,-316.9660254834927
9.133999999985383,-390.48704702979904
9.13499999998538,-425.7713540436035
9.135999999985378,-419.3637742303986
9.136999999985376,-371.8916328822215
9.137999999985373,-288.0033649997348
9.138999999985371,-175.9133655414463
9.139999999985369,-46.59763620632052
9.140999999985366,87.28101058731274
9.141999999985364,212.6129391727876
9.142999999985362,317.1254363176054
9.14399999998536,390.5844956238776
9.144999999985357,425.79695075870336
9.145999999985355,419.3148252045103
9.146999999985352,371.77293379939806
9.14799999998535,287.8266895686868
9.148999999985348,175.6962188157831
9.149999999985345,46.361434202916186
9.150999999985343,-87.51311342155593
9.15199999998534,-212.81833148434796
9.152999999985338,-317.2842111631613
9.153999999985336,-390.68130103711593
9.154999999985334,-425.8223881293378
9.155999999985331,-419.2663016111606
9.156999999985329,-371.65491445013436
9.157999999985327,-287.6503301218282
9.158999999985324,-175.4783908891626
9.159999999985322,-46.12319790533042
9.16099999998532,87.74848526845285
9.161999999985317,213.02761530767148
9.162999999985315,317.4465652751245
9.163999999985313,390.780418920805
9.16499999998531,425.8482205473056
9.165999999985308,419.2161340094103
9.166999999985306,371.533662203345
9.167999999985303,287.47001553601774
9.168999999985301,175.2568730879313
9.169999999985299,45.882318966106176
9.170999999985296,-87.9851135828439
9.171999999985294,-213.23693747127936
9.172999999985292,-317.60828718847404
9.17399999998529,-390.8788973844483
9.174999999985287,-425.8738913806529
9.175999999985285,-419.16638155753697
9.176999999985282,-371.41307430771036
9.17799999998528,-287.29000334386154
9.178999999985278,-175.03467038901738
9.179999999985275,-45.63941785963339
9.180999999985273,88.22498191068252
9.18199999998527,213.45011006456687
9.182999999985269,317.773544618451
9.183999999985266,390.9796529634466
9.184999999985264,425.8999393454721
9.185999999985262,419.11498863878194
9.18699999998526,371.28927625868965
9.187999999985257,287.10607039373957
9.188999999985255,174.80881374683736
9.189999999985252,45.39390254887401
9.19099999998525,-88.4660907626017
9.191999999985248,-213.6633171639489
9.192999999985245,-317.93817313216437
9.193999999985243,-391.07977245484125
9.19499999998524,-425.92582322930383
9.195999999985238,-419.064000541603
9.196999999985236,-371.1661273192091
9.197999999985234,-286.92242649990567
9.198999999985231,-174.58226878355194
9.199999999985229,-45.146377414134435
9.200999999985227,88.71041050324425
9.201999999985224,213.8803335600225
9.202999999985222,318.106293381549
9.20399999998522,391.1821336312036
9.204999999985217,425.9520661671808
9.205999999985215,419.01137527463624
9.206999999985213,371.0397906966747
9.20799999998521,286.73489601223525
9.208999999985208,174.35210573695244
9.209999999985206,44.89626664263868
9.210999999985203,-88.95595449364903
9.211999999985201,-214.09738015842711
9.212999999985199,-318.273787495536
9.213999999985196,-391.28386163637435
9.214999999985194,-425.9781422883624
9.215999999985192,-418.9591444753031
9.21699999998519,-370.9140881038551
9.217999999985187,-286.5476415177653
9.218999999985185,-174.12125123772452
9.219999999985182,-44.644158621683836
9.22099999998518,89.20468011426456
9.221999999985178,214.3181948691549
9.222999999985175,318.44472954202
9.223999999985173,391.3877958382525
9.22499999998517,426.00455924897295
9.225999999985168,418.9052795869081
9.226999999985166,370.78522005150154
9.227999999985164,286.3565343989866
9.228999999985161,173.8868144577509
9.229999999985159,44.38949366543532
9.230999999985157,-89.45461338563246
9.231999999985154,-214.53903502415548
9.232999999985152,-318.61504775368655
9.23399999998515,-391.4910993937599
9.234999999985147,-426.03080644245847
9.235999999985145,-418.8517988087545
9.236999999985143,-370.6569711293835
9.23799999998514,-286.1656904976949
9.238999999985138,-173.65168339280322
9.239999999985136,-44.132844265160486
9.240999999985133,89.70769890267988
9.241999999985131,214.76360207148625
9.242999999985129,318.7887700954314
9.243999999985126,391.5965736284389
9.244999999985124,426.05737615456655
9.245999999985122,418.7966868353298
9.24699999998512,370.52557874856905
9.247999999985117,285.97102776125195
9.248999999985115,173.4130057946491
9.249999999985112,43.87366675488219
9.25099999998511,-89.96197516853526
9.251999999985108,-214.98818938064306
9.252999999985105,-318.96187045720484
9.253999999985103,-391.7014193843447
9.2549999999851,-426.0837729649729
9.255999999985098,-418.7419486350383
9.256999999985096,-370.3947907937335
9.257999999985094,-285.7766157594338
9.258999999985091,-173.17363137377885
9.259999999985089,-43.61251782326147
9.260999999985087,90.21937419205891
9.261999999985084,215.21646235661245
9.262999999985082,319.13833118254536
9.26399999998508,391.808400310015
9.264999999985077,426.11047390294283
9.265999999985075,418.6855819765434
9.266999999985073,370.2608811780975
9.26799999998507,285.5784185379668
9.268999999985068,172.9307461035543
9.269999999985066,43.34886970740886
9.270999999985063,-90.47794679472113
9.271999999985061,-215.4447500305402
9.272999999985059,-319.31417138198344
9.273999999985056,-391.91475460945844
9.274999999985054,-426.1369986547832
9.275999999985052,-418.62957879794476
9.27699999998505,-370.12756149012927
9.277999999985047,-285.3804598586449
9.278999999985045,-172.68716175260843
9.279999999985042,-43.08326338422916
9.28099999998504,90.73961259838178
9.281999999985038,215.6766821812007
9.282999999985035,319.49332825899654
9.283999999985033,392.0232086213365
9.28499999998503,426.1638091116132
9.285999999985028,418.5719497703959
9.286999999985026,369.9911417517573
9.287999999985024,285.17874940040514
9.288999999985021,172.44010215443083
9.28999999998502,42.815186869145286
9.290999999985017,-91.0024345898437
9.291999999985014,-215.90862313704088
9.292999999985012,-319.6718657164308
9.29399999998501,-392.1310375914321
9.294999999985007,-426.1904399845492
9.295999999985005,-418.51467399540536
9.296999999985003,-369.8552976552981
9.297999999985,-284.977265572863
9.298999999984998,-172.19234147381053
9.299999999984996,-42.545165516495615
9.300999999984993,91.26832020125259
9.301999999984991,216.14416746482848
9.302999999984989,319.85367629660834
9.303999999984987,392.2409309161322
9.304999999984984,426.21733814788917
9.305999999984982,418.4557748799762
9.30699999998498,369.7163749419794
9.307999999984977,284.7720632246954
9.308999999984975,171.94114103999433
9.309999999984973,42.27270298861519
9.31099999998497,-91.5353444410924
9.311999999984968,-216.37971443517756
9.312999999984966,-320.03486827317073
9.313999999984963,-392.35020056507744
9.31499999998496,-426.24405325215616
9.315999999984959,-418.3972188753171
9.316999999984956,-369.5780137987623
9.317999999984954,-284.5670758613843
9.318999999984952,-171.689237747597
9.31999999998495,-41.998309106426206
9.320999999984947,91.80540274610252
9.321999999984945,216.61882381233383
9.322999999984942,320.2192900027587
9.32399999998494,392.4614993586061
9.324999999984938,426.27101727853534
9.325999999984935,418.33704196161057
9.326999999984933,369.4365953015985
9.32799999998493,284.35840303992853
9.328999999984928,171.43393005606373
9.329999999984926,41.72150304222348
9.330999999984924,-92.0765820104708
9.331999999984921,-216.85792946154785
9.332999999984919,-320.4030937133604
9.333999999984917,-392.57217567277445
9.334999999984914,-426.29779472749385
9.335999999984912,-418.27719811844634
9.33699999998491,-369.2957245141762
9.337999999984907,-284.14993380281965
9.338999999984905,-171.1779179202184
9.339999999984903,-41.44277917372493
9.3409999999849,92.35076586502322
9.341999999984898,217.1005567480795
9.342999999984896,320.59008404584375
9.343999999984893,392.68484611620227
9.344999999984891,426.32480281163345
9.345999999984889,418.21573574044993
9.346999999984886,369.1518174665378
9.347999999984884,283.9378119568284
9.348999999984882,170.91853656390987
9.34999999998488,41.161672043036965
9.350999999984877,-92.62605295922866
9.351999999984875,-217.34317379030105
9.352999999984872,-320.7764567694992
9.35399999998487,-392.7968951532843
9.354999999984868,-426.3516207871721
9.355999999984865,-418.1545965065269
9.356999999984863,-369.0084444730963
9.35799999998486,-283.72588251613786
9.358999999984858,-170.65844933018755
9.359999999984856,-40.87866067721633
9.360999999984854,92.90431530158318
9.361999999984851,217.58927195000152
9.362999999984849,320.9659732732428
9.363999999984847,392.91090354137185
9.364999999984844,426.3786512229776
9.365999999984842,418.09184107012857
9.36699999998484,368.86205614203305
9.367999999984837,283.510333082489
9.368999999984835,170.39502784237612
9.369999999984833,40.59329484590676
9.37099999998483,-93.18366317073514
9.371999999984828,-217.83535326114685
9.372999999984826,-321.154872456657
9.373999999984823,-393.02429151379096
9.374999999984821,-426.40548803154377
9.375999999984819,-418.0293989724773
9.376999999984816,-368.7161884042219
9.377999999984814,-283.2949650711092
9.378999999984812,-170.13089915889603
9.37999999998481,-40.30603832193873
9.380999999984807,93.46595712868377
9.381999999984805,218.084875469005
9.382999999984802,321.34687291232643
9.3839999999848,393.139604332719
9.384999999984798,426.43251926249144
9.385999999984795,417.9653429734791
9.386999999984793,368.56732607488834
9.38799999998479,283.07600942792374
9.388999999984788,169.8634709398331
9.389999999984786,40.01645595938666
9.390999999984784,-93.74931895954563
9.391999999984781,-218.3343741883751
9.392999999984779,-321.53825625998144
9.393999999984777,-393.2542976784156
9.394999999984774,-426.45935337935043
9.395999999984772,-417.9015906321622
9.39699999998477,-368.4189710600526
9.397999999984767,-282.8572243939192
9.398999999984765,-169.59533428603405
9.399999999984763,-39.724996378250474
9.40099999998476,94.03559794615423
9.401999999984758,218.5872739245895
9.402999999984756,321.7326987431427
9.403999999984753,393.37088166892073
9.404999999984751,426.4863640362398
9.405999999984749,417.8362266655092
9.406999999984746,368.267642015823
9.407999999984744,282.6348838136959
9.408999999984742,169.32393253459068
9.40999999998474,39.43123937464151
9.410999999984737,-94.32292725581048
9.411999999984735,-218.8401435400628
9.412999999984732,-321.92652429148467
9.41399999998473,-393.4868471066029
9.414999999984728,-426.5131741367734
9.415999999984725,-417.7711567982766
9.416999999984723,-368.1168071750439
9.41799999998472,-282.4127031748239
9.418999999984718,-169.051821156556
9.419999999984716,-39.135618522757305
9.420999999984714,94.61314504999592
9.421999999984711,219.09637466638077
9.42299999998471,322.123367237236
9.423999999984707,393.6046693105965
9.424999999984705,426.54014306221427
9.425999999984702,417.7044775582657
9.4269999999847,367.9630186741163
9.427999999984698,282.18699878048864
9.428999999984695,168.7764788103708
9.429999999984693,38.837728420132485
9.43099999998469,-94.90439575704828
9.431999999984688,-219.35256908078205
9.432999999984686,-322.3195934090938
9.433999999984684,-393.72187387761556
9.434999999984681,-426.56690803954024
9.435999999984679,-417.6380829770515
9.436999999984677,-367.80971141824443
9.437999999984674,-281.9614437827962
9.438999999984672,-168.5004256667895
9.43999999998467,-38.53798770832097
9.440999999984667,95.19850656490425
9.441999999984665,219.6120858960552
9.442999999984663,322.5187956562403
9.44399999998466,393.84090166728186
9.444999999984658,426.5938142988104
9.445999999984656,417.57008124991256
9.446999999984653,367.6534706691664
9.447999999984651,281.73239650936114
9.448999999984649,168.22117535458153
9.449999999984646,38.23600564807215
9.450999999984644,-95.49363304042987
9.451999999984642,-219.87155947179897
9.45299999998464,-322.71738129485794
9.453999999984637,-393.95931273951237
9.454999999984635,-426.62051326853185
9.455999999984632,-417.5023548499458
9.45699999998463,-367.49769834443737
9.457999999984628,-281.5034881921101
9.458999999984625,-167.94121307534664
9.459999999984623,-37.93218606863858
9.46099999998462,95.79159153584979
9.461999999984618,220.13431674543165
9.462999999984616,322.9189021094571
9.463999999984614,394.0795138280763
9.464999999984611,426.64733614805755
9.465999999984609,417.4330235001288
9.466999999984607,367.3390124822157
9.467999999984604,281.2711187556914
9.468999999984602,167.65808708240158
9.4699999999846,37.62615275810815
9.470999999984597,-96.09054863287724
9.471999999984595,-220.3970243265511
9.472999999984593,-323.1198064910711
9.47399999998459,-394.19909912251484
9.474999999984588,-426.67394844051955
9.475999999984586,-417.3639582435487
9.476999999984583,-367.1807823474122
9.477999999984581,-281.03887792499285
9.478999999984579,-167.3742479419097
9.479999999984576,-37.3182948604293
9.480999999984574,96.39230997580125
9.481999999984572,220.66297730974543
9.48299999998457,323.3236055688983
9.483999999984567,394.3204415587233
9.484999999984565,426.7006674344078
9.485999999984562,417.29329019486386
9.48699999998456,367.0196584119322
9.487999999984558,280.80320680106763
9.488999999984555,167.08727819109114
9.489999999984553,37.008250558667406
9.49099999998455,-96.6950530370595
9.491999999984548,-220.92887422206684
9.492999999984546,-323.5267883956983
9.493999999984544,-394.44116911972816
9.494999999984541,-426.7271725764243
9.495999999984539,-417.22287909054313
9.496999999984537,-366.8589776183702
9.497999999984534,-280.5676540130544
9.498999999984532,-166.79959409639358
9.49999999998453,-36.696394444625525
9.500999999984527,97.00057287085195
9.501999999984525,221.19797863750267
9.502999999984523,323.73282584577566
9.50399999998452,394.5636212667845
9.504999999984518,426.7537673640023
9.505999999984516,417.1508673043111
9.506999999984513,366.69542253630107
9.507999999984511,280.3287014245478
9.508999999984509,166.5088121440096
9.509999999984506,36.38237896661474
9.510999999984504,-97.3070577154957
9.511999999984502,-221.46702066858657
9.5129999999845,-323.93824722048146
9.513999999984497,-394.6854594386414
9.514999999984495,-426.7801450524715
9.515999999984492,-417.07910338497777
9.51699999998449,-366.53229811222957
9.517999999984488,-280.0898569784903
9.518999999984485,-166.21731463850327
9.519999999984483,-36.066564304098385
9.52099999998448,97.61629214433273
9.521999999984478,221.73923268083297
9.522999999984476,324.1464835318237
9.523999999984474,394.80898994081616
9.524999999984471,426.8065954680191
9.52599999998447,417.00574083748177
9.526999999984467,366.36631868381716
9.527999999984464,279.8476428941517
9.528999999984462,165.92275168480205
9.52999999998446,35.74861704336652
9.530999999984457,-97.92647503662258
9.531999999984455,-222.01137604175867
9.532999999984453,-324.3541039174464
9.53399999998445,-394.93190732917515
9.534999999984448,-426.832825537199
9.535999999984446,-416.9326171370699
9.536999999984443,-366.2007575238895
9.537999999984441,-279.60552683612616
9.538999999984439,-165.62747196543714
9.539999999984436,-35.42888309629333
9.540999999984434,98.23938058573255
9.541999999984432,222.28665221214789
9.54299999998443,324.5644999123546
9.543999999984427,395.0564850687678
9.544999999984425,426.8591115354918
9.545999999984423,416.85789679656006
9.54699999998442,366.03236041536337
9.547999999984418,279.3600709789589
9.548999999984416,165.3291588786951
9.549999999984413,35.107043061823035
9.55099999998441,-98.55321818764362
9.551999999984409,-222.56185348547862
9.552999999984406,-324.7742800799394
9.553999999984404,-395.1804504941276
9.554999999984402,-426.8851739210188
9.5559999999844,-416.78340632865746
9.556999999984397,-365.86436927610873
9.557999999984395,-279.11470311491377
9.558999999984392,-165.03012782585736
9.55999999998439,-34.78342873376413
9.560999999984388,98.86975174997262
9.561999999984385,222.84015071387284
9.562999999984383,324.98679685765387
9.56399999998438,395.30604454243905
9.564999999984378,426.9112755405392
9.565999999984376,416.7073211351923
9.566999999984374,365.6935610180031
9.567999999984371,278.86602497955334
9.568999999984369,164.72809517747157
9.569999999984367,34.45773459973164
9.570999999984364,-99.18720106264345
9.571999999984362,-223.11836679110877
9.57299999998436,-325.19869782669866
9.573999999984357,-395.43102698928783
9.574999999984355,-426.9371502427507
9.575999999984353,-416.63145687432484
9.57699999998435,-365.52314651918573
9.577999999984348,-278.6174248967456
9.578999999984346,-164.42534339485027
9.579999999984343,-34.130278488197874
9.580999999984341,99.50731983551123
9.581999999984339,223.39964225029632
9.582999999984336,325.4132967014222
9.583999999984334,395.5576065546736
9.584999999984332,426.96304756952316
9.58599999998433,416.553999723062
9.586999999984327,365.34993351064657
9.587999999984325,278.36554377496964
9.588999999984322,164.1196215032358
9.58999999998432,33.800768651842496
9.590999999984318,-99.82833813221924
9.591999999984315,-223.68083026342183
9.592999999984313,-325.62727967656906
9.59399999998431,-395.68357511957555
9.594999999984308,-426.9887146185282
9.595999999984306,-416.47675458990904
9.596999999984304,-365.1771021427072
9.597999999984301,-278.1137308708117
9.598999999984299,-163.8131793648687
9.599999999984297,-33.46950910926848
9.600999999984294,100.15199954873862
9.601999999984292,223.96504132920666
9.60299999998429,325.84392211380316
9.603999999984287,395.81110949657284
9.604999999984285,427.01438775267144
9.605999999984283,416.39791831847447
9.60699999998428,365.0014906615949
9.607999999984278,277.8586658828718
9.608999999984276,163.50379834512148
9.609999999984273,33.136221754119504
9.610999999984271,-100.47654430516052
9.611999999984269,-224.24915858080814
9.612999999984266,-326.05994842169036
9.613999999984264,-395.9380333389426
9.614999999984262,-427.0398271768955
9.61599999998426,-416.31928517053296
9.616999999984257,-364.82624879826596
9.617999999984255,-277.60365939874214
9.618999999984252,-163.19369604712313
9.61999999998425,-32.80119695193908
9.620999999984248,100.80370596379923
9.621999999984245,224.5362627629491
9.622999999984243,326.27859597708596
9.62399999998424,396.0664918608917
9.624999999984238,427.0652562041211
9.625999999984236,416.23906255232845
9.626999999984234,364.64824501642346
9.627999999984231,277.3454295291468
9.628999999984229,162.88068586377398
9.629999999984227,32.46417011206366
9.630999999984224,-101.1317347886087
9.631999999984222,-224.82326665863235
9.63299999998422,-326.49662700792743
9.633999999984217,-396.19434015837055
9.634999999984215,-427.0904480053823
9.635999999984213,-416.15903417945606
9.63699999998421,-364.47059893221314
9.637999999984208,-277.0872485875939
9.638999999984206,-162.5669534772093
9.639999999984203,-32.1254181042163
9.640999999984201,101.46235438607238
9.641999999984199,225.11322153612966
9.642999999984196,326.7172412717945
9.643999999984194,396.32369215678
9.644999999984192,427.11561297487975
9.64599999998419,416.07741792218735
9.646999999984187,364.2902089347179
9.647999999984185,276.82587272306927
9.648999999984182,162.25034399675818
9.64999999998418,31.78468972590657
9.650999999984178,-101.7938249560893
9.651999999984175,-225.4030695234895
9.652999999984173,-326.9372384276758
9.65399999998417,-396.4524340688068
9.654999999984168,-427.14053710950907
9.655999999984166,-415.9959870483828
9.656999999984164,-364.110164826145
9.657999999984161,-276.56453636606705
9.65899999998416,-161.9330115192717
9.659999999984157,-31.442248508063653
9.660999999984154,102.1278602259352
9.661999999984152,225.6958326880092
9.66299999998415,327.15978097811643
9.663999999984147,396.58264884110446
9.664999999984145,427.1654180194701
9.665999999984143,415.91296979846794
9.66699999998414,363.9273946338697
9.667999999984138,276.3000333337588
9.668999999984136,161.61283256009824
9.669999999984134,31.097856506165996
9.670999999984131,-102.4627302293611
9.671999999984129,-225.98848220485996
9.672999999984127,-327.38170563153614
9.673999999984124,-396.7122534815323
9.674999999984122,-427.1900543882259
9.67599999998412,-415.8301290888921
9.676999999984117,-363.74495864311626
9.677999999984115,-276.0355605603081
9.678999999984113,-161.29192996316362
9.67999999998411,-30.751764068036433
9.680999999984108,102.8001388903865
9.681999999984106,226.2840112141885
9.682999999984103,327.6061379989886
9.6839999999841,396.843300269001
9.684999999984099,427.21463117961036
9.685999999984096,415.74570344094127
9.686999999984094,363.55981423716946
9.687999999984092,275.7679491641767
9.68899999998409,160.96821133984383
9.689999999984087,30.40374637382632
9.690999999984085,-103.13836598054696
9.691999999984082,-226.57941964853407
9.69299999998408,-327.82995146310566
9.693999999984078,-396.9737366895517
9.694999999984075,-427.238959625225
9.695999999984073,-415.66144551424276
9.69699999998407,-363.3749924770362
9.697999999984068,-275.50035896535195
9.698999999984066,-160.6437686100985
9.699999999984064,-30.05404074213324
9.700999999984061,103.47910569636585
9.701999999984059,226.8776719937573
9.702999999984057,328.0562351064467
9.703999999984054,397.10558466624974
9.704999999984052,427.2632121832804
9.70599999998405,415.57560402573057
9.706999999984047,363.18747982391193
9.707999999984045,275.2296580194399
9.708999999984043,160.3165401708404
9.70999999998404,29.702435340846577
9.710999999984038,-103.82064745785726
9.711999999984036,-227.17579665696903
9.712999999984033,-328.28189861822955
9.713999999984031,-397.23682185062455
9.714999999984029,-427.287212496561
9.715999999984026,-415.48992147037126
9.716999999984024,-363.0002784029616
9.717999999984022,-274.9589694090773
9.71899999998402,-159.98858734288987
9.719999999984017,-29.349154610965808
9.720999999984015,104.16467581006259
9.721999999984012,227.4767297423166
9.72299999998401,328.50999491478956
9.723999999984008,397.3694401229478
9.724999999984005,427.311120660813
9.725999999984003,415.40265667986216
9.726999999984,362.81040347929127
9.727999999983998,274.6851977653695
9.728999999983996,159.65787899822482
9.729999999983994,28.993999567443947
9.730999999983991,-104.50948973829024
9.731999999983989,-227.77752785661295
9.732999999983987,-328.73746963095283
9.733999999983984,-397.5014469920832
9.734999999983982,-427.3347725938691
9.73599999998398,-415.31554207419606
9.736999999983977,-362.6208285259227
9.737999999983975,-274.4114298055416
9.738999999983973,-159.32644617874325
9.73999999998397,-28.63718192323332
9.740999999983968,104.85676421290637
9.741999999983966,228.08109899401956
9.742999999983963,328.967339878846
9.743999999983961,397.6348046091923
9.744999999983959,427.35831617469296
9.745999999983956,415.2268465222364
9.746999999983954,362.428597341445
9.747999999983952,274.1346063765211
9.74899999998395,158.99228792007187
9.749999999983947,28.278515395731116
9.750999999983945,-105.20480770773423
9.751999999983942,-228.38452769356164
9.75299999998394,-329.19658688458867
9.753999999983938,-397.76755003654836
9.754999999983935,-427.38159946077684
9.755999999983933,-415.13829245658985
9.75699999998393,-362.23665502576677
9.757999999983928,-273.8577781967018
9.758999999983926,-158.65740530177436
9.759999999983924,-27.91819911671013
9.760999999983921,105.5552856955056
9.761999999983919,228.69069411038527
9.762999999983917,329.42819231745364
9.763999999983914,397.9016160101559
9.764999999983912,427.4047582620274
9.76599999998391,415.0481587090289
9.766999999983907,362.0420736438784
9.767999999983905,273.57792197102594
9.768999999983903,158.31982721101247
9.7699999999839,27.556059357965555
9.770999999983898,-105.90651606797186
9.771999999983896,-228.99671045543323
9.772999999983893,-329.6591726466476
9.773999999983891,-398.0350688452908
9.774999999983889,-427.4276526406872
9.775999999983886,-414.95815780898215
9.776999999983884,-361.84777019671554
9.777999999983882,-273.2980527802626
9.77899999998388,-157.9815250769727
9.779999999983877,-27.192282814933318
9.780999999983875,106.26015487743716
9.781999999983872,229.30542931474218
9.78299999998387,329.8924744588278
9.783999999983868,398.1698121769866
9.784999999983865,427.45040648668737
9.785999999983863,414.8665784799301
9.78699999998386,361.6508447516188
9.787999999983859,273.01518283171225
9.788999999983856,157.64055732565788
9.789999999983854,26.826708162336764
9.790999999983852,-106.6145293682952
9.79199999998385,-229.6139903172365
9.792999999983847,-330.1251491236994
9.793999999983845,-398.3039412767245
9.794999999983842,-427.47289173217905
9.79599999998384,-414.77512342980725
9.796999999983838,-361.45418647979386
9.797999999983835,-272.7322919244304
9.798999999983833,-157.29886604389932
9.79999999998383,-26.4595098019461
9.800999999983828,106.97128624974064
9.801999999983826,229.92521874826625
9.802999999983824,330.36010850394644
9.803999999983821,398.4393309919551
9.804999999983819,427.49522049757417
9.805999999983817,414.6820912047058
9.806999999983814,361.25492318983214
9.807999999983812,272.4464274140311
9.80899999998381,156.95453888426735
9.809999999983807,26.090538657285517
9.810999999983805,-107.32876205869024
9.811999999983803,-230.23628140666875
9.8129999999838,-330.5944385325029
9.813999999983798,-398.5741052561279
9.814999999983796,-427.5172764497172
9.815999999983793,-414.58917476963234
9.816999999983791,-361.05591648760634
9.817999999983789,-272.16053416879765
9.818999999983786,-156.6094888950392
9.819999999983784,-25.719956977722163
9.820999999983782,107.68859423749757
9.82199999998378,230.54997654358633
9.822999999983777,330.83101670448144
9.823999999983775,398.7101104415549
9.824999999983772,427.53916009061186
9.82599999998377,414.4946824265569
9.826999999983768,360.854321664434
9.827999999983765,271.87169434100537
9.828999999983763,156.26183264268272
9.82999999998376,25.347627779022787
9.830999999983758,-108.04912855974541
9.831999999983756,-230.86349788471574
9.832999999983754,-331.06696318290136
9.833999999983751,-398.8454988518127
9.834999999983749,-427.5607666860467
9.835999999983747,-414.4002974727164
9.836999999983744,-360.6529730205227
9.837999999983742,-271.5828182140176
9.83899999998374,-155.91345443783885
9.839999999983737,-24.973701298233014
9.840999999983735,108.41199327636558
9.841999999983733,231.17961691077812
9.84299999998373,331.30512144904526
9.843999999983728,398.9820886949697
9.844999999983726,427.5821852706956
9.845999999983723,414.3043379012115
9.846999999983721,360.44905307412336
9.847999999983719,271.29102238698357
9.848999999983716,155.562499448918
9.849999999983714,24.59805248530965
9.850999999983712,-108.7755433451295
9.85199999998371,-231.49555403577685
9.852999999983707,-331.54264556667914
9.853999999983705,-399.1180603543812
9.854999999983702,-427.60332257270375
9.8559999999837,-414.2084774134066
9.856999999983698,-360.2453690747088
9.857999999983695,-270.9991829001846
9.858999999983693,-155.2108235467695
9.85999999998369,-24.220819704600128
9.860999999983688,109.14139789903464
9.861999999983686,231.81405423049895
9.862999999983684,331.7823453537321
9.863999999983681,399.2552041825983
9.864999999983679,427.62425631041094
9.865999999983677,414.11104363029926
9.866999999983674,360.0391305144951
9.867999999983672,270.70445045218173
9.86899999998367,154.85660019061248
9.869999999983667,23.84188968105655
9.870999999983665,-109.50792103029872
9.871999999983663,-232.1323643622188
9.87299999998366,-332.0214084483192
9.873999999983658,-399.3917283538533
9.874999999983656,-427.64490453662836
9.875999999983653,-414.0137007258447
9.876999999983651,-359.83311784261406
9.877999999983649,-270.4096671775716
9.878999999983646,-154.50165710695887
9.879999999983644,-23.461389045872036
9.880999999983642,109.87672282537405
9.88199999998364,232.45320314855087
9.882999999983637,332.26261135155085
9.883999999983635,399.52939567132177
9.884999999983632,427.66533380376956
9.88599999998363,413.91478588738687
9.886999999983628,359.62456727479906
9.887999999983625,270.1120175299562
9.888999999983623,154.14419573635033
9.88999999998362,23.079216139749903
9.890999999983618,-110.24617646342656
9.891999999983616,-232.77384367787104
9.892999999983614,-332.50317495189876
9.893999999983611,-399.66644181195176
9.89499999998361,-427.68547334994844
9.895999999983607,-413.8159538267754
9.896999999983604,-359.41623270604686
9.897999999983602,-269.81431007174604
9.8989999999836,-153.78601595437323
9.899999999983597,-22.69548600063339
9.900999999983595,110.61788305232716
9.901999999983593,233.09697866713753
9.90299999998359,332.7458427760192
9.903999999983588,399.804602332599
9.904999999983586,427.7053787115411
9.905999999983583,413.7155512373361
9.906999999983581,359.2053768281683
9.907999999983579,269.51376267000035
9.908999999983577,153.42534687550912
9.909999999983574,22.3101084256832
9.910999999983572,-110.99022481206815
9.91199999998357,-233.41990719577785
9.912999999983567,-332.9878686408095
9.913999999983565,-399.9421401253585
9.914999999983563,-427.72499017130866
9.91599999998356,-413.6152234307688
9.916999999983558,-358.9947272241854
9.917999999983556,-269.2131506452006
9.918999999983553,-153.06396081602503
9.91999999998355,-21.923187000898274
9.920999999983549,111.36479393704695
9.921999999983546,233.74529622787287
9.922999999983544,333.23196343582936
9.923999999983542,400.08076380075636
9.92499999998354,427.74435239821554
9.925999999983537,413.5133265473773
9.926999999983535,358.7815728173691
9.927999999983532,268.9097249394579
9.92899999998353,152.70011425921666
9.929999999983528,21.534642821458757
9.930999999983525,-111.73998164260773
9.931999999983523,-234.07047060574882
9.93299999998352,-333.47541358604286
9.933999999983518,-400.21876317843817
9.934999999983516,-427.7634165773988
9.935999999983514,-413.4114965577562
9.936999999983511,-358.5686151170995
9.937999999983509,-268.60622795865464
9.938999999983507,-152.33555225290334
9.939999999983504,-21.144568163777784
9.940999999983502,112.11737127088014
9.9419999999835,234.3980717831822
9.942999999983497,333.72089767648134
9.943999999983495,400.3578202190847
9.944999999983493,427.7822166580532
9.94599999998349,413.3080989915325
9.946999999983488,358.35316903647504
9.947999999983486,268.29994338517923
9.948999999983483,151.96855834680127
9.949999999983481,20.752895263986417
9.950999999983479,-112.49536298763232
9.951999999983476,-234.72545013859093
9.952999999983474,-333.9657344208194
9.953999999983472,-400.49625138275655
9.95499999998347,-427.800714584052
9.955999999983467,-413.204760534101
9.956999999983465,-358.1379102464421
9.957999999983462,-267.99358103465215
9.95899999998346,-151.6008506100573
9.959999999983458,-20.359705232918795
9.960999999983455,112.87553133991119
9.961999999983453,235.0552218529232
9.96299999998345,334.21257042720663
9.963999999983448,400.6357122730964
9.964999999983446,427.8189337312192
9.965999999983444,413.09985604816507
9.966999999983441,357.92017941150914
9.967999999983439,267.6844569986921
9.968999999983437,151.23073935963637
9.969999999983434,19.964941292189064
9.970999999983432,-113.25628539890616
9.97199999998343,-235.38476261469754
9.972999999983427,-334.4587563797964
9.973999999983425,-400.77454570334123
9.974999999983423,-427.8368466571255
9.97599999998342,-412.9950029873332
9.976999999983418,-357.70262659580123
9.977999999983416,-267.3752488246493
9.978999999983413,-150.85991597526078
9.979999999983411,-19.568673532960048
9.980999999983409,113.63919096992154
9.981999999983406,235.716663564219
9.982999999983404,334.7069072322057
9.983999999983402,400.91438120947674
9.9849999999834,427.8544663096271
9.985999999983397,412.88858549248675
9.986999999983395,357.4826179800914
9.987999999983392,267.06330468651856
9.98899999998339,150.48671724506642
9.989999999983388,19.170856008577168
9.990999999983385,-114.02266598437255
9.991999999983383,-236.0483254752719
9.99299999998338,-334.9544053219602
9.993999999983378,-401.0535876710508
9.994999999983376,-427.8717757135396
9.995999999983374,-412.7822118363039
9.996999999983371,-357.26277825076204
9.997999999983369,-266.75127018303016
9.998999999983367,-150.11280814832813
9.999999999983364,-18.77154793839028
