time,value
0.0,1.0
0.0010000000000000002,1.0
0.0019999999999999987,1.0
0.0030000000000000014,1.0
0.0040000000000000036,1.0
0.0049999999999999975,1.0
0.0059999999999999915,1.0
0.006999999999999985,1.0
0.00799999999999998,1.0
0.008999999999999973,1.0
0.009999999999999967,1.0
0.010999999999999961,1.0
0.011999999999999955,1.0
0.012999999999999949,1.0
0.013999999999999943,1.0
0.014999999999999937,1.0
0.015999999999999945,1.0
0.016999999999999973,1.0
0.018000000000000002,1.0
0.01900000000000003,1.0
0.02000000000000006,1.0
0.021000000000000088,1.0
0.022000000000000117,1.0
0.023000000000000145,1.0
0.024000000000000174,1.0
0.025000000000000203,1.0
0.02600000000000023,1.0
0.02700000000000026,1.0
0.02800000000000029,1.0
0.029000000000000317,1.0
0.030000000000000346,1.0
0.031000000000000374,1.0
0.0320000000000004,1.0
0.03300000000000043,1.0
0.03400000000000046,1.0
0.03500000000000049,1.0
0.03600000000000052,1.0
0.037000000000000546,1.0
0.038000000000000575,1.0
0.039000000000000604,1.0
0.04000000000000063,1.0
0.04100000000000066,1.0
0.04200000000000069,1.0
0.04300000000000072,1.0
0.04400000000000075,1.0
0.045000000000000775,1.0
0.046000000000000804,1.0
0.04700000000000083,1.0
0.04800000000000086,1.0
0.04900000000000089,1.0
0.05000000000000092,1.0
0.05100000000000095,1.0
0.052000000000000976,1.0
0.053000000000001005,1.0
0.05400000000000103,1.0
0.05500000000000106,1.0
0.05600000000000109,1.0
0.05700000000000112,1.0
0.05800000000000115,1.0
0.059000000000001177,1.0
0.060000000000001205,1.0
0.061000000000001234,1.0
0.06200000000000126,1.0
0.06300000000000122,1.0
0.06400000000000111,1.0
0.065000000000001,1.0
0.06600000000000089,1.0
0.06700000000000078,1.0
0.06800000000000067,1.0
0.06900000000000056,1.0
0.07000000000000045,1.0
0.07100000000000034,1.0
0.07200000000000023,1.0
0.07300000000000012,1.0
0.07400000000000001,1.0
0.0749999999999999,1.0
0.07599999999999979,1.0
0.07699999999999968,1.0
0.07799999999999957,1.0
0.07899999999999946,1.0
0.07999999999999935,1.0
0.08099999999999924,1.0
0.08199999999999913,1.0
0.08299999999999902,1.0
0.08399999999999891,1.0
0.0849999999999988,1.0
0.08599999999999869,1.0
0.08699999999999858,1.0
0.08799999999999847,1.0
0.08899999999999836,1.0
0.08999999999999825,1.0
0.09099999999999814,1.0
0.09199999999999803,1.0
0.09299999999999792,1.0
0.09399999999999781,1.0
0.0949999999999977,1.0
0.09599999999999759,1.0
0.09699999999999748,1.0
0.09799999999999737,1.0
0.09899999999999726,1.0
0.09999999999999715,1.0
0.10099999999999704,1.0
0.10199999999999693,1.0
0.10299999999999682,1.0
0.1039999999999967,1.0
0.1049999999999966,1.0
0.10599999999999649,1.0
0.10699999999999638,1.0
0.10799999999999627,1.0
0.10899999999999616,1.0
0.10999999999999605,1.0
0.11099999999999594,1.0
0.11199999999999583,1.0
0.11299999999999571,1.0
0.1139999999999956,1.0
0.1149999999999955,1.0
0.11599999999999538,1.0
0.11699999999999527,1.0
0.11799999999999516,1.0
0.11899999999999505,1.0
0.11999999999999494,1.0
0.12099999999999483,1.0
0.12199999999999472,1.0
0.12299999999999461,1.0
0.1239999999999945,1.0
0.1249999999999944,1.0
0.12599999999999428,1.0
0.12699999999999417,1.0
0.12799999999999406,1.0
0.12899999999999395,1.0
0.12999999999999384,1.0
0.13099999999999373,1.0
0.13199999999999362,1.0
0.1329999999999935,1.0
0.1339999999999934,1.0
0.1349999999999933,1.0
0.13599999999999318,1.0
0.13699999999999307,1.0
0.13799999999999296,1.0
0.13899999999999285,1.0
0.13999999999999274,1.0
0.14099999999999263,1.0
0.14199999999999252,1.0
0.1429999999999924,1.0
0.1439999999999923,1.0
0.1449999999999922,1.0
0.14599999999999208,1.0
0.14699999999999197,1.0
0.14799999999999186,1.0
0.14899999999999175,1.0
0.14999999999999164,1.0
0.15099999999999153,1.0
0.15199999999999142,1.0
0.1529999999999913,1.0
0.1539999999999912,1.0
0.1549999999999911,1.0
0.15599999999999098,1.0
0.15699999999999087,1.0
0.15799999999999076,1.0
0.15899999999999065,1.0
0.15999999999999054,1.0
0.16099999999999043,1.0
0.16199999999999032,1.0
0.1629999999999902,1.0
0.1639999999999901,1.0
0.16499999999999,1.0
0.16599999999998988,1.0
0.16699999999998977,1.0
0.16799999999998966,1.0
0.16899999999998955,1.0
0.16999999999998944,1.0
0.17099999999998933,1.0
0.17199999999998922,1.0
0.1729999999999891,1.0
0.173999999999989,1.0
0.1749999999999889,1.0
0.17599999999998878,1.0
0.17699999999998867,1.0
0.17799999999998856,1.0
0.17899999999998845,1.0
0.17999999999998834,1.0
0.18099999999998823,1.0
0.18199999999998812,1.0
0.182999999999988,1.0
0.1839999999999879,1.0
0.18499999999998779,1.0
0.18599999999998768,1.0
0.18699999999998757,1.0
0.18799999999998745,1.0
0.18899999999998734,1.0
0.18999999999998723,1.0
0.19099999999998712,1.0
0.19199999999998701,1.0
0.1929999999999869,1.0
0.1939999999999868,1.0
0.19499999999998668,1.0
0.19599999999998657,1.0
0.19699999999998646,1.0
0.19799999999998635,1.0
0.19899999999998624,1.0
0.19999999999998613,1.0
0.20099999999998602,1.0
0.2019999999999859,1.0
0.2029999999999858,1.0
0.2039999999999857,1.0
0.20499999999998558,1.0
0.20599999999998547,1.0
0.20699999999998536,1.0
0.20799999999998525,1.0
0.20899999999998514,1.0
0.20999999999998503,1.0
0.21099999999998492,1.0
0.2119999999999848,1.0
0.2129999999999847,1.0
0.2139999999999846,1.0
0.21499999999998448,1.0
0.21599999999998437,1.0
0.21699999999998426,1.0
0.21799999999998415,1.0
0.21899999999998404,1.0
0.21999999999998393,1.0
0.22099999999998382,1.0
0.2219999999999837,1.0
0.2229999999999836,1.0
0.2239999999999835,1.0
0.22499999999998338,1.0
0.22599999999998327,1.0
0.22699999999998316,1.0
0.22799999999998305,1.0
0.22899999999998294,1.0
0.22999999999998283,1.0
0.23099999999998272,1.0
0.2319999999999826,1.0
0.2329999999999825,1.0
0.2339999999999824,1.0
0.23499999999998228,1.0
0.23599999999998217,1.0
0.23699999999998206,1.0
0.23799999999998195,1.0
0.23899999999998184,1.0
0.23999999999998173,1.0
0.24099999999998162,1.0
0.2419999999999815,1.0
0.2429999999999814,1.0
0.2439999999999813,1.0
0.24499999999998118,1.0
0.24599999999998107,1.0
0.24699999999998096,1.0
0.24799999999998085,1.0
0.24899999999998074,1.0
0.24999999999998063,1.0
0.2509999999999805,1.0
0.2519999999999804,1.0
0.2529999999999803,1.0
0.2539999999999802,1.0
0.2549999999999801,1.0
0.25599999999997997,1.0
0.25699999999997986,1.0
0.25799999999997975,1.0
0.25899999999997964,1.0
0.2599999999999795,1.0
0.2609999999999794,1.0
0.2619999999999793,1.0
0.2629999999999792,1.0
0.2639999999999791,1.0
0.264999999999979,1.0
0.26599999999997886,1.0
0.26699999999997875,1.0
0.26799999999997864,1.0
0.26899999999997853,1.0
0.2699999999999784,1.0
0.2709999999999783,1.0
0.2719999999999782,1.0
0.2729999999999781,1.0
0.273999999999978,1.0
0.2749999999999779,1.0
0.27599999999997776,1.0
0.27699999999997765,1.0
0.27799999999997754,1.0
0.27899999999997743,1.0
0.2799999999999773,1.0
0.2809999999999772,1.0
0.2819999999999771,1.0
0.282999999999977,1.0
0.2839999999999769,1.0
0.28499999999997677,1.0
0.28599999999997666,1.0
0.28699999999997655,1.0
0.28799999999997644,1.0
0.28899999999997633,1.0
0.2899999999999762,1.0
0.2909999999999761,1.0
0.291999999999976,1.0
0.2929999999999759,1.0
0.2939999999999758,1.0
0.29499999999997567,1.0
0.29599999999997556,1.0
0.29699999999997545,1.0
0.29799999999997534,1.0
0.29899999999997523,1.0
0.2999999999999751,1.0
0.300999999999975,1.0
0.3019999999999749,1.0
0.3029999999999748,1.0
0.3039999999999747,1.0
0.30499999999997457,1.0
0.30599999999997446,1.0
0.30699999999997435,1.0
0.30799999999997424,1.0
0.30899999999997413,1.0
0.309999999999974,1.0
0.3109999999999739,1.0
0.3119999999999738,1.0
0.3129999999999737,1.0
0.3139999999999736,1.0
0.31499999999997347,1.0
0.31599999999997336,1.0
0.31699999999997325,1.0
0.31799999999997314,1.0
0.318999999999973,1.0
0.3199999999999729,1.0
0.3209999999999728,1.0
0.3219999999999727,1.0
0.3229999999999726,1.0
0.3239999999999725,1.0
0.32499999999997237,1.0
0.32599999999997226,1.0
0.32699999999997215,1.0
0.32799999999997204,1.0
0.3289999999999719,1.0
0.3299999999999718,1.0
0.3309999999999717,1.0
0.3319999999999716,1.0
0.3329999999999715,1.0
0.3339999999999714,1.0
0.33499999999997127,1.0
0.33599999999997116,1.0
0.33699999999997104,1.0
0.33799999999997093,1.0
0.3389999999999708,1.0
0.3399999999999707,1.0
0.3409999999999706,1.0
0.3419999999999705,1.0
0.3429999999999704,1.0
0.3439999999999703,1.0
0.34499999999997016,1.0
0.34599999999997005,1.0
0.34699999999996994,1.0
0.34799999999996983,1.0
0.3489999999999697,1.0
0.3499999999999696,1.0
0.3509999999999695,1.0
0.3519999999999694,1.0
0.3529999999999693,1.0
0.3539999999999692,1.0
0.35499999999996906,1.0
0.35599999999996895,1.0
0.35699999999996884,1.0
0.35799999999996873,1.0
0.3589999999999686,1.0
0.3599999999999685,1.0
0.3609999999999684,1.0
0.3619999999999683,1.0
0.3629999999999682,1.0
0.36399999999996807,1.0
0.36499999999996796,1.0
0.36599999999996785,1.0
0.36699999999996774,1.0
0.36799999999996763,1.0
0.3689999999999675,1.0
0.3699999999999674,1.0
0.3709999999999673,1.0
0.3719999999999672,1.0
0.3729999999999671,1.0
0.37399999999996697,1.0
0.37499999999996686,1.0
0.37599999999996675,1.0
0.37699999999996664,1.0
0.37799999999996653,1.0
0.3789999999999664,1.0
0.3799999999999663,1.0
0.3809999999999662,1.0
0.3819999999999661,1.0
0.382999999999966,1.0
0.38399999999996587,1.0
0.38499999999996576,1.0
0.38599999999996565,1.0
0.38699999999996554,1.0
0.38799999999996543,1.0
0.3889999999999653,1.0
0.3899999999999652,1.0
0.3909999999999651,1.0
0.391999999999965,1.0
0.3929999999999649,1.0
0.39399999999996477,1.0
0.39499999999996466,1.0
0.39599999999996455,1.0
0.39699999999996444,1.0
0.3979999999999643,1.0
0.3989999999999642,1.0
0.3999999999999641,1.0
0.400999999999964,1.0
0.4019999999999639,1.0
0.4029999999999638,1.0
0.40399999999996367,1.0
0.40499999999996356,1.0
0.40599999999996345,1.0
0.40699999999996334,1.0
0.4079999999999632,1.0
0.4089999999999631,1.0
0.409999999999963,1.0
0.4109999999999629,1.0
0.4119999999999628,1.0
0.4129999999999627,1.0
0.41399999999996256,1.0
0.41499999999996245,1.0
0.41599999999996234,1.0
0.41699999999996223,1.0
0.4179999999999621,1.0
0.418999999999962,1.0
0.4199999999999619,1.0
0.4209999999999618,1.0
0.4219999999999617,1.0
0.4229999999999616,1.0
0.42399999999996146,1.0
0.42499999999996135,1.0
0.42599999999996124,1.0
0.42699999999996113,1.0
0.427999999999961,1.0
0.4289999999999609,1.0
0.4299999999999608,1.0
0.4309999999999607,1.0
0.4319999999999606,1.0
0.43299999999996047,1.0
0.43399999999996036,1.0
0.43499999999996025,1.0
0.43599999999996014,1.0
0.43699999999996003,1.0
0.4379999999999599,1.0
0.4389999999999598,1.0
0.4399999999999597,1.0
0.4409999999999596,1.0
0.4419999999999595,1.0
0.44299999999995937,1.0
0.44399999999995926,1.0
0.44499999999995915,1.0
0.44599999999995904,1.0
0.44699999999995893,1.0
0.4479999999999588,1.0
0.4489999999999587,1.0
0.4499999999999586,1.0
0.4509999999999585,1.0
0.4519999999999584,1.0
0.45299999999995827,1.0
0.45399999999995816,1.0
0.45499999999995805,1.0
0.45599999999995794,1.0
0.45699999999995783,1.0
0.4579999999999577,1.0
0.4589999999999576,1.0
0.4599999999999575,1.0
0.4609999999999574,1.0
0.4619999999999573,1.0
0.46299999999995717,1.0
0.46399999999995706,1.0
0.46499999999995695,1.0
0.46599999999995684,1.0
0.4669999999999567,1.0
0.4679999999999566,1.0
0.4689999999999565,1.0
0.4699999999999564,1.0
0.4709999999999563,1.0
0.4719999999999562,1.0
0.47299999999995607,1.0
0.47399999999995596,1.0
0.47499999999995585,1.0
0.47599999999995574,1.0
0.4769999999999556,1.0
0.4779999999999555,1.0
0.4789999999999554,1.0
0.4799999999999553,1.0
0.4809999999999552,1.0
0.4819999999999551,1.0
0.48299999999995497,1.0
0.48399999999995486,1.0
0.48499999999995475,1.0
0.48599999999995463,1.0
0.4869999999999545,1.0
0.4879999999999544,1.0
0.4889999999999543,1.0
0.4899999999999542,1.0
0.4909999999999541,1.0
0.491999999999954,1.0
0.49299999999995386,1.0
0.49399999999995375,1.0
0.49499999999995364,1.0
0.49599999999995353,1.0
0.4969999999999534,1.0
0.4979999999999533,1.0
0.4989999999999532,1.0
0.4999999999999531,1.0
0.500999999999953,1.0
0.5019999999999529,1.0
0.5029999999999528,1.0
0.5039999999999527,1.0
0.5049999999999526,1.0
0.5059999999999525,1.0
0.5069999999999524,1.0
0.5079999999999523,1.0
0.5089999999999522,1.0
0.509999999999952,1.0
0.5109999999999519,1.0
0.5119999999999518,1.0
0.5129999999999517,1.0
0.5139999999999516,1.0
0.5149999999999515,1.0
0.5159999999999514,1.0
0.5169999999999513,1.0
0.5179999999999512,1.0
0.5189999999999511,1.0
0.519999999999951,1.0
0.5209999999999508,1.0
0.5219999999999507,1.0
0.5229999999999506,1.0
0.5239999999999505,1.0
0.5249999999999504,1.0
0.5259999999999503,1.0
0.5269999999999502,1.0
0.5279999999999501,1.0
0.52899999999995,1.0
0.5299999999999498,1.0
0.5309999999999497,1.0
0.5319999999999496,1.0
0.5329999999999495,1.0
0.5339999999999494,1.0
0.5349999999999493,1.0
0.5359999999999492,1.0
0.5369999999999491,1.0
0.537999999999949,1.0
0.5389999999999489,1.0
0.5399999999999487,1.0
0.5409999999999486,1.0
0.5419999999999485,1.0
0.5429999999999484,1.0
0.5439999999999483,1.0
0.5449999999999482,1.0
0.5459999999999481,1.0
0.546999999999948,1.0
0.5479999999999479,1.0
0.5489999999999478,1.0
0.5499999999999476,1.0
0.5509999999999475,1.0
0.5519999999999474,1.0
0.5529999999999473,1.0
0.5539999999999472,1.0
0.5549999999999471,1.0
0.555999999999947,1.0
0.5569999999999469,1.0
0.5579999999999468,1.0
0.5589999999999467,1.0
0.5599999999999465,1.0
0.5609999999999464,1.0
0.5619999999999463,1.0
0.5629999999999462,1.0
0.5639999999999461,1.0
0.564999999999946,1.0
0.5659999999999459,1.0
0.5669999999999458,1.0
0.5679999999999457,1.0
0.5689999999999455,1.0
0.5699999999999454,1.0
0.5709999999999453,1.0
0.5719999999999452,1.0
0.5729999999999451,1.0
0.573999999999945,1.0
0.5749999999999449,1.0
0.5759999999999448,1.0
0.5769999999999447,1.0
0.5779999999999446,1.0
0.5789999999999444,1.0
0.5799999999999443,1.0
0.5809999999999442,1.0
0.5819999999999441,1.0
0.582999999999944,1.0
0.5839999999999439,1.0
0.5849999999999438,1.0
0.5859999999999437,1.0
0.5869999999999436,1.0
0.5879999999999435,1.0
0.5889999999999433,1.0
0.5899999999999432,1.0
0.5909999999999431,1.0
0.591999999999943,1.0
0.5929999999999429,1.0
0.5939999999999428,1.0
0.5949999999999427,1.0
0.5959999999999426,1.0
0.5969999999999425,1.0
0.5979999999999424,1.0
0.5989999999999422,1.0
0.5999999999999421,1.0
0.600999999999942,1.0
0.6019999999999419,1.0
0.6029999999999418,1.0
0.6039999999999417,1.0
0.6049999999999416,1.0
0.6059999999999415,1.0
0.6069999999999414,1.0
0.6079999999999413,1.0
0.6089999999999411,1.0
0.609999999999941,1.0
0.6109999999999409,1.0
0.6119999999999408,1.0
0.6129999999999407,1.0
0.6139999999999406,1.0
0.6149999999999405,1.0
0.6159999999999404,1.0
0.6169999999999403,1.0
0.6179999999999402,1.0
0.61899999999994,1.0
0.6199999999999399,1.0
0.6209999999999398,1.0
0.6219999999999397,1.0
0.6229999999999396,1.0
0.6239999999999395,1.0
0.6249999999999394,1.0
0.6259999999999393,1.0
0.6269999999999392,1.0
0.627999999999939,1.0
0.6289999999999389,1.0
0.6299999999999388,1.0
0.6309999999999387,1.0
0.6319999999999386,1.0
0.6329999999999385,1.0
0.6339999999999384,1.0
0.6349999999999383,1.0
0.6359999999999382,1.0
0.6369999999999381,1.0
0.637999999999938,1.0
0.6389999999999378,1.0
0.6399999999999377,1.0
0.6409999999999376,1.0
0.6419999999999375,1.0
0.6429999999999374,1.0
0.6439999999999373,1.0
0.6449999999999372,1.0
0.6459999999999371,1.0
0.646999999999937,1.0
0.6479999999999368,1.0
0.6489999999999367,1.0
0.6499999999999366,1.0
0.6509999999999365,1.0
0.6519999999999364,1.0
0.6529999999999363,1.0
0.6539999999999362,1.0
0.6549999999999361,1.0
0.655999999999936,1.0
0.6569999999999359,1.0
0.6579999999999357,1.0
0.6589999999999356,1.0
0.6599999999999355,1.0
0.6609999999999354,1.0
0.6619999999999353,1.0
0.6629999999999352,1.0
0.6639999999999351,1.0
0.664999999999935,1.0
0.6659999999999349,1.0
0.6669999999999348,1.0
0.6679999999999346,1.0
0.6689999999999345,1.0
0.6699999999999344,1.0
0.6709999999999343,1.0
0.6719999999999342,1.0
0.6729999999999341,1.0
0.673999999999934,1.0
0.6749999999999339,1.0
0.6759999999999338,1.0
0.6769999999999337,1.0
0.6779999999999335,1.0
0.6789999999999334,1.0
0.6799999999999333,1.0
0.6809999999999332,1.0
0.6819999999999331,1.0
0.682999999999933,1.0
0.6839999999999329,1.0
0.6849999999999328,1.0
0.6859999999999327,1.0
0.6869999999999326,1.0
0.6879999999999324,1.0
0.6889999999999323,1.0
0.6899999999999322,1.0
0.6909999999999321,1.0
0.691999999999932,1.0
0.6929999999999319,1.0
0.6939999999999318,1.0
0.6949999999999317,1.0
0.6959999999999316,1.0
0.6969999999999315,1.0
0.6979999999999313,1.0
0.6989999999999312,1.0
0.6999999999999311,1.0
0.700999999999931,1.0
0.7019999999999309,1.0
0.7029999999999308,1.0
0.7039999999999307,1.0
0.7049999999999306,1.0
0.7059999999999305,1.0
0.7069999999999304,1.0
0.7079999999999302,1.0
0.7089999999999301,1.0
0.70999999999993,1.0
0.7109999999999299,1.0
0.7119999999999298,1.0
0.7129999999999297,1.0
0.7139999999999296,1.0
0.7149999999999295,1.0
0.7159999999999294,1.0
0.7169999999999292,1.0
0.7179999999999291,1.0
0.718999999999929,1.0
0.7199999999999289,1.0
0.7209999999999288,1.0
0.7219999999999287,1.0
0.7229999999999286,1.0
0.7239999999999285,1.0
0.7249999999999284,1.0
0.7259999999999283,1.0
0.7269999999999281,1.0
0.727999999999928,1.0
0.7289999999999279,1.0
0.7299999999999278,1.0
0.7309999999999277,1.0
0.7319999999999276,1.0
0.7329999999999275,1.0
0.7339999999999274,1.0
0.7349999999999273,1.0
0.7359999999999272,1.0
0.736999999999927,1.0
0.7379999999999269,1.0
0.7389999999999268,1.0
0.7399999999999267,1.0
0.7409999999999266,1.0
0.7419999999999265,1.0
0.7429999999999264,1.0
0.7439999999999263,1.0
0.7449999999999262,1.0
0.7459999999999261,1.0
0.746999999999926,1.0
0.7479999999999258,1.0
0.7489999999999257,1.0
0.7499999999999256,1.0
0.7509999999999255,1.0
0.7519999999999254,1.0
0.7529999999999253,1.0
0.7539999999999252,1.0
0.7549999999999251,1.0
0.755999999999925,1.0
0.7569999999999248,1.0
0.7579999999999247,1.0
0.7589999999999246,1.0
0.7599999999999245,1.0
0.7609999999999244,1.0
0.7619999999999243,1.0
0.7629999999999242,1.0
0.7639999999999241,1.0
0.764999999999924,1.0
0.7659999999999239,1.0
0.7669999999999237,1.0
0.7679999999999236,1.0
0.7689999999999235,1.0
0.7699999999999234,1.0
0.7709999999999233,1.0
0.7719999999999232,1.0
0.7729999999999231,1.0
0.773999999999923,1.0
0.7749999999999229,1.0
0.7759999999999228,1.0
0.7769999999999226,1.0
0.7779999999999225,1.0
0.7789999999999224,1.0
0.7799999999999223,1.0
0.7809999999999222,1.0
0.7819999999999221,1.0
0.782999999999922,1.0
0.7839999999999219,1.0
0.7849999999999218,1.0
0.7859999999999217,1.0
0.7869999999999215,1.0
0.7879999999999214,1.0
0.7889999999999213,1.0
0.7899999999999212,1.0
0.7909999999999211,1.0
0.791999999999921,1.0
0.7929999999999209,1.0
0.7939999999999208,1.0
0.7949999999999207,1.0
0.7959999999999205,1.0
0.7969999999999204,1.0
0.7979999999999203,1.0
0.7989999999999202,1.0
0.7999999999999201,1.0
0.80099999999992,1.0
0.8019999999999199,1.0
0.8029999999999198,1.0
0.8039999999999197,1.0
0.8049999999999196,1.0
0.8059999999999194,1.0
0.8069999999999193,1.0
0.8079999999999192,1.0
0.8089999999999191,1.0
0.809999999999919,1.0
0.8109999999999189,1.0
0.8119999999999188,1.0
0.8129999999999187,1.0
0.8139999999999186,1.0
0.8149999999999185,1.0
0.8159999999999183,1.0
0.8169999999999182,1.0
0.8179999999999181,1.0
0.818999999999918,1.0
0.8199999999999179,1.0
0.8209999999999178,1.0
0.8219999999999177,1.0
0.8229999999999176,1.0
0.8239999999999175,1.0
0.8249999999999174,1.0
0.8259999999999172,1.0
0.8269999999999171,1.0
0.827999999999917,1.0
0.8289999999999169,1.0
0.8299999999999168,1.0
0.8309999999999167,1.0
0.8319999999999166,1.0
0.8329999999999165,1.0
0.8339999999999164,1.0
0.8349999999999163,1.0
0.8359999999999161,1.0
0.836999999999916,1.0
0.8379999999999159,1.0
0.8389999999999158,1.0
0.8399999999999157,1.0
0.8409999999999156,1.0
0.8419999999999155,1.0
0.8429999999999154,1.0
0.8439999999999153,1.0
0.8449999999999152,1.0
0.845999999999915,1.0
0.8469999999999149,1.0
0.8479999999999148,1.0
0.8489999999999147,1.0
0.8499999999999146,1.0
0.8509999999999145,1.0
0.8519999999999144,1.0
0.8529999999999143,1.0
0.8539999999999142,1.0
0.854999999999914,1.0
0.8559999999999139,1.0
0.8569999999999138,1.0
0.8579999999999137,1.0
0.8589999999999136,1.0
0.8599999999999135,1.0
0.8609999999999134,1.0
0.8619999999999133,1.0
0.8629999999999132,1.0
0.8639999999999131,1.0
0.864999999999913,1.0
0.8659999999999128,1.0
0.8669999999999127,1.0
0.8679999999999126,1.0
0.8689999999999125,1.0
0.8699999999999124,1.0
0.8709999999999123,1.0
0.8719999999999122,1.0
0.8729999999999121,1.0
0.873999999999912,1.0
0.8749999999999118,1.0
0.8759999999999117,1.0
0.8769999999999116,1.0
0.8779999999999115,1.0
0.8789999999999114,1.0
0.8799999999999113,1.0
0.8809999999999112,1.0
0.8819999999999111,1.0
0.882999999999911,1.0
0.8839999999999109,1.0
0.8849999999999107,1.0
0.8859999999999106,1.0
0.8869999999999105,1.0
0.8879999999999104,1.0
0.8889999999999103,1.0
0.8899999999999102,1.0
0.8909999999999101,1.0
0.89199999999991,1.0
0.8929999999999099,1.0
0.8939999999999098,1.0
0.8949999999999096,1.0
0.8959999999999095,1.0
0.8969999999999094,1.0
0.8979999999999093,1.0
0.8989999999999092,1.0
0.8999999999999091,1.0
0.900999999999909,1.0
0.9019999999999089,1.0
0.9029999999999088,1.0
0.9039999999999087,1.0
0.9049999999999085,1.0
0.9059999999999084,1.0
0.9069999999999083,1.0
0.9079999999999082,1.0
0.9089999999999081,1.0
0.909999999999908,1.0
0.9109999999999079,1.0
0.9119999999999078,1.0
0.9129999999999077,1.0
0.9139999999999076,1.0
0.9149999999999074,1.0
0.9159999999999073,1.0
0.9169999999999072,1.0
0.9179999999999071,1.0
0.918999999999907,1.0
0.9199999999999069,1.0
0.9209999999999068,1.0
0.9219999999999067,1.0
0.9229999999999066,1.0
0.9239999999999065,1.0
0.9249999999999063,1.0
0.9259999999999062,1.0
0.9269999999999061,1.0
0.927999999999906,1.0
0.9289999999999059,1.0
0.9299999999999058,1.0
0.9309999999999057,1.0
0.9319999999999056,1.0
0.9329999999999055,1.0
0.9339999999999054,1.0
0.9349999999999052,1.0
0.9359999999999051,1.0
0.936999999999905,1.0
0.9379999999999049,1.0
0.9389999999999048,1.0
0.9399999999999047,1.0
0.9409999999999046,1.0
0.9419999999999045,1.0
0.9429999999999044,1.0
0.9439999999999042,1.0
0.9449999999999041,1.0
0.945999999999904,1.0
0.9469999999999039,1.0
0.9479999999999038,1.0
0.9489999999999037,1.0
0.9499999999999036,1.0
0.9509999999999035,1.0
0.9519999999999034,1.0
0.9529999999999033,1.0
0.9539999999999031,1.0
0.954999999999903,1.0
0.9559999999999029,1.0
0.9569999999999028,1.0
0.9579999999999027,1.0
0.9589999999999026,1.0
0.9599999999999025,1.0
0.9609999999999024,1.0
0.9619999999999023,1.0
0.9629999999999022,1.0
0.963999999999902,1.0
0.9649999999999019,1.0
0.9659999999999018,1.0
0.9669999999999017,1.0
0.9679999999999016,1.0
0.9689999999999015,1.0
0.9699999999999014,1.0
0.9709999999999013,1.0
0.9719999999999012,1.0
0.972999999999901,1.0
0.973999999999901,1.0
0.9749999999999008,1.0
0.9759999999999007,1.0
0.9769999999999006,1.0
0.9779999999999005,1.0
0.9789999999999004,1.0
0.9799999999999003,1.0
0.9809999999999002,1.0
0.9819999999999001,1.0
0.9829999999999,1.0
0.9839999999998998,1.0
0.9849999999998997,1.0
0.9859999999998996,1.0
0.9869999999998995,1.0
0.9879999999998994,1.0
0.9889999999998993,1.0
0.9899999999998992,1.0
0.9909999999998991,1.0
0.991999999999899,1.0
0.9929999999998989,1.0
0.9939999999998987,1.0
0.9949999999998986,1.0
0.9959999999998985,1.0
0.9969999999998984,1.0
0.9979999999998983,1.0
0.9989999999998982,1.0
0.9999999999998981,1.0
1.0009999999999002,1.0
1.0019999999999023,1.0
1.0029999999999044,1.0
1.0039999999999065,1.0
1.0049999999999086,1.0
1.0059999999999107,1.0
1.0069999999999129,1.0
1.007999999999915,1.0
1.008999999999917,1.0
1.0099999999999192,1.0
1.0109999999999213,1.0
1.0119999999999234,1.0
1.0129999999999255,1.0
1.0139999999999276,1.0
1.0149999999999297,1.0
1.0159999999999318,1.0
1.016999999999934,1.0
1.017999999999936,1.0
1.0189999999999382,1.0
1.0199999999999403,1.0
1.0209999999999424,1.0
1.0219999999999445,1.0
1.0229999999999466,1.0
1.0239999999999487,1.0
1.0249999999999508,1.0
1.025999999999953,1.0
1.026999999999955,1.0
1.0279999999999572,1.0
1.0289999999999593,1.0
1.0299999999999614,1.0
1.0309999999999635,1.0
1.0319999999999656,1.0
1.0329999999999677,1.0
1.0339999999999698,1.0
1.034999999999972,1.0
1.035999999999974,1.0
1.0369999999999762,1.0
1.0379999999999783,1.0
1.0389999999999804,1.0
1.0399999999999825,1.0
1.0409999999999846,1.0
1.0419999999999867,1.0
1.0429999999999888,1.0
1.043999999999991,1.0
1.044999999999993,1.0
1.0459999999999952,1.0
1.0469999999999973,1.0
1.0479999999999994,1.0
1.0490000000000015,1.0
1.0500000000000036,1.0
1.0510000000000057,1.0
1.0520000000000078,1.0
1.05300000000001,1.0
1.054000000000012,1.0
1.0550000000000141,1.0
1.0560000000000163,1.0
1.0570000000000184,1.0
1.0580000000000205,1.0
1.0590000000000226,1.0
1.0600000000000247,1.0
1.0610000000000268,1.0
1.062000000000029,1.0
1.063000000000031,1.0
1.0640000000000331,1.0
1.0650000000000353,1.0
1.0660000000000374,1.0
1.0670000000000395,1.0
1.0680000000000416,1.0
1.0690000000000437,1.0
1.0700000000000458,1.0
1.071000000000048,1.0
1.07200000000005,1.0
1.0730000000000521,1.0
1.0740000000000542,1.0
1.0750000000000564,1.0
1.0760000000000585,1.0
1.0770000000000606,1.0
1.0780000000000627,1.0
1.0790000000000648,1.0
1.080000000000067,1.0
1.081000000000069,1.0
1.0820000000000711,1.0
1.0830000000000732,1.0
1.0840000000000753,1.0
1.0850000000000775,1.0
1.0860000000000796,1.0
1.0870000000000817,1.0
1.0880000000000838,1.0
1.089000000000086,1.0
1.090000000000088,1.0
1.0910000000000901,1.0
1.0920000000000922,1.0
1.0930000000000943,1.0
1.0940000000000965,1.0
1.0950000000000986,1.0
1.0960000000001007,1.0
1.0970000000001028,1.0
1.098000000000105,1.0
1.099000000000107,1.0
1.1000000000001091,1.0
1.1010000000001112,1.0
1.1020000000001133,1.0
1.1030000000001154,1.0
1.1040000000001176,1.0
1.1050000000001197,1.0
1.1060000000001218,1.0
1.1070000000001239,1.0
1.108000000000126,1.0
1.109000000000128,1.0
1.1100000000001302,1.0
1.1110000000001323,1.0
1.1120000000001344,1.0
1.1130000000001365,1.0
1.1140000000001387,1.0
1.1150000000001408,1.0
1.1160000000001429,1.0
1.117000000000145,1.0
1.118000000000147,1.0
1.1190000000001492,1.0
1.1200000000001513,1.0
1.1210000000001534,1.0
1.1220000000001555,1.0
1.1230000000001576,1.0
1.1240000000001598,1.0
1.1250000000001619,1.0
1.126000000000164,1.0
1.127000000000166,1.0
1.1280000000001682,1.0
1.1290000000001703,1.0
1.1300000000001724,1.0
1.1310000000001745,1.0
1.1320000000001766,1.0
1.1330000000001788,1.0
1.1340000000001809,1.0
1.135000000000183,1.0
1.136000000000185,1.0
1.1370000000001872,1.0
1.1380000000001893,1.0
1.1390000000001914,1.0
1.1400000000001935,1.0
1.1410000000001956,1.0
1.1420000000001977,1.0
1.1430000000001999,1.0
1.144000000000202,1.0
1.145000000000204,1.0
1.1460000000002062,1.0
1.1470000000002083,1.0
1.1480000000002104,1.0
1.1490000000002125,1.0
1.1500000000002146,1.0
1.1510000000002167,1.0
1.1520000000002188,1.0
1.153000000000221,1.0
1.154000000000223,1.0
1.1550000000002252,1.0
1.1560000000002273,1.0
1.1570000000002294,1.0
1.1580000000002315,1.0
1.1590000000002336,1.0
1.1600000000002357,1.0
1.1610000000002378,1.0
1.16200000000024,1.0
1.163000000000242,1.0
1.1640000000002442,1.0
1.1650000000002463,1.0
1.1660000000002484,1.0
1.1670000000002505,1.0
1.1680000000002526,1.0
1.1690000000002547,1.0
1.1700000000002568,1.0
1.171000000000259,1.0
1.172000000000261,1.0
1.1730000000002632,1.0
1.1740000000002653,1.0
1.1750000000002674,1.0
1.1760000000002695,1.0
1.1770000000002716,1.0
1.1780000000002737,1.0
1.1790000000002758,1.0
1.180000000000278,1.0
1.18100000000028,1.0
1.1820000000002822,1.0
1.1830000000002843,1.0
1.1840000000002864,1.0
1.1850000000002885,1.0
1.1860000000002906,1.0
1.1870000000002927,1.0
1.1880000000002948,1.0
1.189000000000297,1.0
1.190000000000299,1.0
1.1910000000003012,1.0
1.1920000000003033,1.0
1.1930000000003054,1.0
1.1940000000003075,1.0
1.1950000000003096,1.0
1.1960000000003117,1.0
1.1970000000003138,1.0
1.198000000000316,1.0
1.199000000000318,1.0
1.2000000000003201,1.0
1.2010000000003223,1.0
1.2020000000003244,1.0
1.2030000000003265,1.0
1.2040000000003286,1.0
1.2050000000003307,1.0
1.2060000000003328,1.0
1.207000000000335,1.0
1.208000000000337,1.0
1.2090000000003391,1.0
1.2100000000003412,1.0
1.2110000000003434,1.0
1.2120000000003455,1.0
1.2130000000003476,1.0
1.2140000000003497,1.0
1.2150000000003518,1.0
1.216000000000354,1.0
1.217000000000356,1.0
1.2180000000003581,1.0
1.2190000000003602,1.0
1.2200000000003624,1.0
1.2210000000003645,1.0
1.2220000000003666,1.0
1.2230000000003687,1.0
1.2240000000003708,1.0
1.225000000000373,1.0
1.226000000000375,1.0
1.2270000000003771,1.0
1.2280000000003792,1.0
1.2290000000003813,1.0
1.2300000000003835,1.0
1.2310000000003856,1.0
1.2320000000003877,1.0
1.2330000000003898,1.0
1.234000000000392,1.0
1.235000000000394,1.0
1.2360000000003961,1.0
1.2370000000003982,1.0
1.2380000000004003,1.0
1.2390000000004024,1.0
1.2400000000004046,1.0
1.2410000000004067,1.0
1.2420000000004088,1.0
1.2430000000004109,1.0
1.244000000000413,1.0
1.245000000000415,1.0
1.2460000000004172,1.0
1.2470000000004193,1.0
1.2480000000004214,1.0
1.2490000000004235,1.0
1.2500000000004257,1.0
1.2510000000004278,1.0
1.2520000000004299,1.0
1.253000000000432,1.0
1.254000000000434,1.0
1.2550000000004362,1.0
1.2560000000004383,1.0
1.2570000000004404,1.0
1.2580000000004425,1.0
1.2590000000004447,1.0
1.2600000000004468,1.0
1.2610000000004489,1.0
1.262000000000451,1.0
1.263000000000453,1.0
1.2640000000004552,1.0
1.2650000000004573,1.0
1.2660000000004594,1.0
1.2670000000004615,1.0
1.2680000000004636,1.0
1.2690000000004658,1.0
1.2700000000004679,1.0
1.27100000000047,1.0
1.272000000000472,1.0
1.2730000000004742,1.0
1.2740000000004763,1.0
1.2750000000004784,1.0
1.2760000000004805,1.0
1.2770000000004826,1.0
1.2780000000004847,1.0
1.2790000000004869,1.0
1.280000000000489,1.0
1.281000000000491,1.0
1.2820000000004932,1.0
1.2830000000004953,1.0
1.2840000000004974,1.0
1.2850000000004995,1.0
1.2860000000005016,1.0
1.2870000000005037,1.0
1.2880000000005059,1.0
1.289000000000508,1.0
1.29000000000051,1.0
1.2910000000005122,1.0
1.2920000000005143,1.0
1.2930000000005164,1.0
1.2940000000005185,1.0
1.2950000000005206,1.0
1.2960000000005227,1.0
1.2970000000005248,1.0
1.298000000000527,1.0
1.299000000000529,1.0
1.3000000000005312,1.0
1.3010000000005333,1.0
1.3020000000005354,1.0
1.3030000000005375,1.0
1.3040000000005396,1.0
1.3050000000005417,1.0
1.3060000000005438,1.0
1.307000000000546,1.0
1.308000000000548,1.0
1.3090000000005502,1.0
1.3100000000005523,1.0
1.3110000000005544,1.0
1.3120000000005565,1.0
1.3130000000005586,1.0
1.3140000000005607,1.0
1.3150000000005628,1.0
1.316000000000565,1.0
1.317000000000567,1.0
1.3180000000005692,1.0
1.3190000000005713,1.0
1.3200000000005734,1.0
1.3210000000005755,1.0
1.3220000000005776,1.0
1.3230000000005797,1.0
1.3240000000005818,1.0
1.325000000000584,1.0
1.326000000000586,1.0
1.3270000000005882,1.0
1.3280000000005903,1.0
1.3290000000005924,1.0
1.3300000000005945,1.0
1.3310000000005966,1.0
1.3320000000005987,1.0
1.3330000000006008,1.0
1.334000000000603,1.0
1.335000000000605,1.0
1.3360000000006071,1.0
1.3370000000006093,1.0
1.3380000000006114,1.0
1.3390000000006135,1.0
1.3400000000006156,1.0
1.3410000000006177,1.0
1.3420000000006198,1.0
1.343000000000622,1.0
1.344000000000624,1.0
1.3450000000006261,1.0
1.3460000000006282,1.0
1.3470000000006304,1.0
1.3480000000006325,1.0
1.3490000000006346,1.0
1.3500000000006367,1.0
1.3510000000006388,1.0
1.352000000000641,1.0
1.353000000000643,1.0
1.3540000000006451,1.0
1.3550000000006472,1.0
1.3560000000006494,1.0
1.3570000000006515,1.0
1.3580000000006536,1.0
1.3590000000006557,1.0
1.3600000000006578,1.0
1.36100000000066,1.0
1.362000000000662,1.0
1.3630000000006641,1.0
1.3640000000006662,1.0
1.3650000000006683,1.0
1.3660000000006705,1.0
1.3670000000006726,1.0
1.3680000000006747,1.0
1.3690000000006768,1.0
1.370000000000679,1.0
1.371000000000681,1.0
1.3720000000006831,1.0
1.3730000000006852,1.0
1.3740000000006873,1.0
1.3750000000006894,1.0
1.3760000000006916,1.0
1.3770000000006937,1.0
1.3780000000006958,1.0
1.379000000000698,1.0
1.3800000000007,1.0
1.381000000000702,1.0
1.3820000000007042,1.0
1.3830000000007063,1.0
1.3840000000007084,1.0
1.3850000000007106,1.0
1.3860000000007127,1.0
1.3870000000007148,1.0
1.3880000000007169,1.0
1.389000000000719,1.0
1.390000000000721,1.0
1.3910000000007232,1.0
1.3920000000007253,1.0
1.3930000000007274,1.0
1.3940000000007295,1.0
1.3950000000007317,1.0
1.3960000000007338,1.0
1.3970000000007359,1.0
1.398000000000738,1.0
1.39900000000074,1.0
1.4000000000007422,1.0
1.4010000000007443,1.0
1.4020000000007464,1.0
1.4030000000007485,1.0
1.4040000000007506,1.0
1.4050000000007528,1.0
1.4060000000007549,1.0
1.407000000000757,1.0
1.408000000000759,1.0
1.4090000000007612,1.0
1.4100000000007633,1.0
1.4110000000007654,1.0
1.4120000000007675,1.0
1.4130000000007696,1.0
1.4140000000007718,1.0
1.4150000000007739,1.0
1.416000000000776,1.0
1.417000000000778,1.0
1.4180000000007802,1.0
1.4190000000007823,1.0
1.4200000000007844,1.0
1.4210000000007865,1.0
1.4220000000007886,1.0
1.4230000000007907,1.0
1.4240000000007929,1.0
1.425000000000795,1.0
1.426000000000797,1.0
1.4270000000007992,1.0
1.4280000000008013,1.0
1.4290000000008034,1.0
1.4300000000008055,1.0
1.4310000000008076,1.0
1.4320000000008097,1.0
1.4330000000008118,1.0
1.434000000000814,1.0
1.435000000000816,1.0
1.4360000000008182,1.0
1.4370000000008203,1.0
1.4380000000008224,1.0
1.4390000000008245,1.0
1.4400000000008266,1.0
1.4410000000008287,1.0
1.4420000000008308,1.0
1.443000000000833,1.0
1.444000000000835,1.0
1.4450000000008372,1.0
1.4460000000008393,1.0
1.4470000000008414,1.0
1.4480000000008435,1.0
1.4490000000008456,1.0
1.4500000000008477,1.0
1.4510000000008498,1.0
1.452000000000852,1.0
1.453000000000854,1.0
1.4540000000008562,1.0
1.4550000000008583,1.0
1.4560000000008604,1.0
1.4570000000008625,1.0
1.4580000000008646,1.0
1.4590000000008667,1.0
1.4600000000008688,1.0
1.461000000000871,1.0
1.462000000000873,1.0
1.4630000000008752,1.0
1.4640000000008773,1.0
1.4650000000008794,1.0
1.4660000000008815,1.0
1.4670000000008836,1.0
1.4680000000008857,1.0
1.4690000000008878,1.0
1.47000000000089,1.0
1.471000000000892,1.0
1.4720000000008941,1.0
1.4730000000008963,1.0
1.4740000000008984,1.0
1.4750000000009005,1.0
1.4760000000009026,1.0
1.4770000000009047,1.0
1.4780000000009068,1.0
1.479000000000909,1.0
1.480000000000911,1.0
1.4810000000009131,1.0
1.4820000000009153,1.0
1.4830000000009174,1.0
1.4840000000009195,1.0
1.4850000000009216,1.0
1.4860000000009237,1.0
1.4870000000009258,1.0
1.488000000000928,1.0
1.48900000000093,1.0
1.4900000000009321,1.0
1.4910000000009342,1.0
1.4920000000009364,1.0
1.4930000000009385,1.0
1.4940000000009406,1.0
1.4950000000009427,1.0
1.4960000000009448,1.0
1.497000000000947,1.0
1.498000000000949,1.0
1.4990000000009511,1.0
1.5000000000009532,1.0
1.5010000000009553,1.0
1.5020000000009575,1.0
1.5030000000009596,1.0
1.5040000000009617,1.0
1.5050000000009638,1.0
1.506000000000966,1.0
1.507000000000968,1.0
1.5080000000009701,1.0
1.5090000000009722,1.0
1.5100000000009743,1.0
1.5110000000009765,1.0
1.5120000000009786,1.0
1.5130000000009807,1.0
1.5140000000009828,1.0
1.515000000000985,1.0
1.516000000000987,1.0
1.5170000000009891,1.0
1.5180000000009912,1.0
1.5190000000009933,1.0
1.5200000000009954,1.0
1.5210000000009976,1.0
1.5220000000009997,1.0
1.5230000000010018,1.0
1.5240000000010039,1.0
1.525000000001006,1.0
1.526000000001008,1.0
1.5270000000010102,1.0
1.5280000000010123,1.0
1.5290000000010144,1.0
1.5300000000010165,1.0
1.5310000000010187,1.0
1.5320000000010208,1.0
1.5330000000010229,1.0
1.534000000001025,1.0
1.535000000001027,1.0
1.5360000000010292,1.0
1.5370000000010313,1.0
1.5380000000010334,1.0
1.5390000000010355,1.0
1.5400000000010376,1.0
1.5410000000010398,1.0
1.5420000000010419,1.0
1.543000000001044,1.0
1.544000000001046,1.0
1.5450000000010482,1.0
1.5460000000010503,1.0
1.5470000000010524,1.0
1.5480000000010545,1.0
1.5490000000010566,1.0
1.5500000000010588,1.0
1.5510000000010609,1.0
1.552000000001063,1.0
1.553000000001065,1.0
1.5540000000010672,1.0
1.5550000000010693,1.0
1.5560000000010714,1.0
1.5570000000010735,1.0
1.5580000000010756,1.0
1.5590000000010777,1.0
1.5600000000010799,1.0
1.561000000001082,1.0
1.562000000001084,1.0
1.5630000000010862,1.0
1.5640000000010883,1.0
1.5650000000010904,1.0
1.5660000000010925,1.0
1.5670000000010946,1.0
1.5680000000010967,1.0
1.5690000000010988,1.0
1.570000000001101,1.0
1.571000000001103,1.0
1.5720000000011052,1.0
1.5730000000011073,1.0
1.5740000000011094,1.0
1.5750000000011115,1.0
1.5760000000011136,1.0
1.5770000000011157,1.0
1.5780000000011178,1.0
1.57900000000112,1.0
1.580000000001122,1.0
1.5810000000011242,1.0
1.5820000000011263,1.0
1.5830000000011284,1.0
1.5840000000011305,1.0
1.5850000000011326,1.0
1.5860000000011347,1.0
1.5870000000011368,1.0
1.588000000001139,1.0
1.589000000001141,1.0
1.5900000000011432,1.0
1.5910000000011453,1.0
1.5920000000011474,1.0
1.5930000000011495,1.0
1.5940000000011516,1.0
1.5950000000011537,1.0
1.5960000000011558,1.0
1.597000000001158,1.0
1.59800000000116,1.0
1.5990000000011622,1.0
1.6000000000011643,1.0
1.6010000000011664,1.0
1.6020000000011685,1.0
1.6030000000011706,1.0
1.6040000000011727,1.0
1.6050000000011748,1.0
1.606000000001177,1.0
1.607000000001179,1.0
1.6080000000011812,1.0
1.6090000000011833,1.0
1.6100000000011854,1.0
1.6110000000011875,1.0
1.6120000000011896,1.0
1.6130000000011917,1.0
1.6140000000011938,1.0
1.615000000001196,1.0
1.616000000001198,1.0
1.6170000000012001,1.0
1.6180000000012023,1.0
1.6190000000012044,1.0
1.6200000000012065,1.0
1.6210000000012086,1.0
1.6220000000012107,1.0
1.6230000000012128,1.0
1.624000000001215,1.0
1.625000000001217,1.0
1.6260000000012191,1.0
1.6270000000012212,1.0
1.6280000000012234,1.0
1.6290000000012255,1.0
1.6300000000012276,1.0
1.6310000000012297,1.0
1.6320000000012318,1.0
1.633000000001234,1.0
1.634000000001236,1.0
1.6350000000012381,1.0
1.6360000000012402,1.0
1.6370000000012424,1.0
1.6380000000012445,1.0
1.6390000000012466,1.0
1.6400000000012487,1.0
1.6410000000012508,1.0
1.642000000001253,1.0
1.643000000001255,1.0
1.6440000000012571,1.0
1.6450000000012592,1.0
1.6460000000012613,1.0
1.6470000000012635,1.0
1.6480000000012656,1.0
1.6490000000012677,1.0
1.6500000000012698,1.0
1.651000000001272,1.0
1.652000000001274,1.0
1.6530000000012761,1.0
1.6540000000012782,1.0
1.6550000000012803,1.0
1.6560000000012824,1.0
1.6570000000012846,1.0
1.6580000000012867,1.0
1.6590000000012888,1.0
1.6600000000012909,1.0
1.661000000001293,1.0
1.662000000001295,1.0
1.6630000000012972,1.0
1.6640000000012993,1.0
1.6650000000013014,1.0
1.6660000000013035,1.0
1.6670000000013057,1.0
1.6680000000013078,1.0
1.6690000000013099,1.0
1.670000000001312,1.0
1.671000000001314,1.0
1.6720000000013162,1.0
1.6730000000013183,1.0
1.6740000000013204,1.0
1.6750000000013225,1.0
1.6760000000013247,1.0
1.6770000000013268,1.0
1.6780000000013289,1.0
1.679000000001331,1.0
1.680000000001333,1.0
1.6810000000013352,1.0
1.6820000000013373,1.0
1.6830000000013394,1.0
1.6840000000013415,1.0
1.6850000000013436,1.0
1.6860000000013458,1.0
1.6870000000013479,1.0
1.68800000000135,1.0
1.689000000001352,1.0
1.6900000000013542,1.0
1.6910000000013563,1.0
1.6920000000013584,1.0
1.6930000000013605,1.0
1.6940000000013626,1.0
1.6950000000013647,1.0
1.6960000000013669,1.0
1.697000000001369,1.0
1.698000000001371,1.0
1.6990000000013732,1.0
1.7000000000013753,1.0
1.7010000000013774,1.0
1.7020000000013795,1.0
1.7030000000013816,1.0
1.7040000000013837,1.0
1.7050000000013859,1.0
1.706000000001388,1.0
1.70700000000139,1.0
1.7080000000013922,1.0
1.7090000000013943,1.0
1.7100000000013964,1.0
1.7110000000013985,1.0
1.7120000000014006,1.0
1.7130000000014027,1.0
1.7140000000014048,1.0
1.715000000001407,1.0
1.716000000001409,1.0
1.7170000000014112,1.0
1.7180000000014133,1.0
1.7190000000014154,1.0
1.7200000000014175,1.0
1.7210000000014196,1.0
1.7220000000014217,1.0
1.7230000000014238,1.0
1.724000000001426,1.0
1.725000000001428,1.0
1.7260000000014302,1.0
1.7270000000014323,1.0
1.7280000000014344,1.0
1.7290000000014365,1.0
1.7300000000014386,1.0
1.7310000000014407,1.0
1.7320000000014428,1.0
1.733000000001445,1.0
1.734000000001447,1.0
1.7350000000014492,1.0
1.7360000000014513,1.0
1.7370000000014534,1.0
1.7380000000014555,1.0
1.7390000000014576,1.0
1.7400000000014597,1.0
1.7410000000014618,1.0
1.742000000001464,1.0
1.743000000001466,1.0
1.7440000000014682,1.0
1.7450000000014703,1.0
1.7460000000014724,1.0
1.7470000000014745,1.0
1.7480000000014766,1.0
1.7490000000014787,1.0
1.7500000000014808,1.0
1.751000000001483,1.0
1.752000000001485,1.0
1.7530000000014871,1.0
1.7540000000014893,1.0
1.7550000000014914,1.0
1.7560000000014935,1.0
1.7570000000014956,1.0
1.7580000000014977,1.0
1.7590000000014998,1.0
1.760000000001502,1.0
1.761000000001504,1.0
1.7620000000015061,1.0
1.7630000000015082,1.0
1.7640000000015104,1.0
1.7650000000015125,1.0
1.7660000000015146,1.0
1.7670000000015167,1.0
1.7680000000015188,1.0
1.769000000001521,1.0
1.770000000001523,1.0
1.7710000000015251,1.0
1.7720000000015272,1.0
1.7730000000015294,1.0
1.7740000000015315,1.0
1.7750000000015336,1.0
1.7760000000015357,1.0
1.7770000000015378,1.0
1.77800000000154,1.0
1.779000000001542,1.0
1.7800000000015441,1.0
1.7810000000015462,1.0
1.7820000000015483,1.0
1.7830000000015505,1.0
1.7840000000015526,1.0
1.7850000000015547,1.0
1.7860000000015568,1.0
1.787000000001559,1.0
1.788000000001561,1.0
1.7890000000015631,1.0
1.7900000000015652,1.0
1.7910000000015673,1.0
1.7920000000015694,1.0
1.7930000000015716,1.0
1.7940000000015737,1.0
1.7950000000015758,1.0
1.796000000001578,1.0
1.79700000000158,1.0
1.798000000001582,1.0
1.7990000000015842,1.0
1.8000000000015863,1.0
1.8010000000015884,1.0
1.8020000000015906,1.0
1.8030000000015927,1.0
1.8040000000015948,1.0
1.8050000000015969,1.0
1.806000000001599,1.0
1.807000000001601,1.0
1.8080000000016032,1.0
1.8090000000016053,1.0
1.8100000000016074,1.0
1.8110000000016095,1.0
1.8120000000016117,1.0
1.8130000000016138,1.0
1.8140000000016159,1.0
1.815000000001618,1.0
1.81600000000162,1.0
1.8170000000016222,1.0
1.8180000000016243,1.0
1.8190000000016264,1.0
1.8200000000016285,1.0
1.8210000000016306,1.0
1.8220000000016328,1.0
1.8230000000016349,1.0
1.824000000001637,1.0
1.825000000001639,1.0
1.8260000000016412,1.0
1.8270000000016433,1.0
1.8280000000016454,1.0
1.8290000000016475,1.0
1.8300000000016496,1.0
1.8310000000016518,1.0
1.8320000000016539,1.0
1.833000000001656,1.0
1.834000000001658,1.0
1.8350000000016602,1.0
1.8360000000016623,1.0
1.8370000000016644,1.0
1.8380000000016665,1.0
1.8390000000016686,1.0
1.8400000000016707,1.0
1.8410000000016729,1.0
1.842000000001675,1.0
1.843000000001677,1.0
1.8440000000016792,1.0
1.8450000000016813,1.0
1.8460000000016834,1.0
1.8470000000016855,1.0
1.8480000000016876,1.0
1.8490000000016897,1.0
1.8500000000016918,1.0
1.851000000001694,1.0
1.852000000001696,1.0
1.8530000000016982,1.0
1.8540000000017003,1.0
1.8550000000017024,1.0
1.8560000000017045,1.0
1.8570000000017066,1.0
1.8580000000017087,1.0
1.8590000000017108,1.0
1.860000000001713,1.0
1.861000000001715,1.0
1.8620000000017172,1.0
1.8630000000017193,1.0
1.8640000000017214,1.0
1.8650000000017235,1.0
1.8660000000017256,1.0
1.8670000000017277,1.0
1.8680000000017298,1.0
1.869000000001732,1.0
1.870000000001734,1.0
1.8710000000017362,1.0
1.8720000000017383,1.0
1.8730000000017404,1.0
1.8740000000017425,1.0
1.8750000000017446,1.0
1.8760000000017467,1.0
1.8770000000017488,1.0
1.878000000001751,1.0
1.879000000001753,1.0
1.8800000000017552,1.0
1.8810000000017573,1.0
1.8820000000017594,1.0
1.8830000000017615,1.0
1.8840000000017636,1.0
1.8850000000017657,1.0
1.8860000000017678,1.0
1.88700000000177,1.0
1.888000000001772,1.0
1.8890000000017741,1.0
1.8900000000017763,1.0
1.8910000000017784,1.0
1.8920000000017805,1.0
1.8930000000017826,1.0
1.8940000000017847,1.0
1.8950000000017868,1.0
1.896000000001789,1.0
1.897000000001791,1.0
1.8980000000017931,1.0
1.8990000000017953,1.0
1.9000000000017974,1.0
1.9010000000017995,1.0
1.9020000000018016,1.0
1.9030000000018037,1.0
1.9040000000018058,1.0
1.905000000001808,1.0
1.90600000000181,1.0
1.9070000000018121,1.0
1.9080000000018142,1.0
1.9090000000018164,1.0
1.9100000000018185,1.0
1.9110000000018206,1.0
1.9120000000018227,1.0
1.9130000000018248,1.0
1.914000000001827,1.0
1.915000000001829,1.0
1.9160000000018311,1.0
1.9170000000018332,1.0
1.9180000000018353,1.0
1.9190000000018375,1.0
1.9200000000018396,1.0
1.9210000000018417,1.0
1.9220000000018438,1.0
1.923000000001846,1.0
1.924000000001848,1.0
1.9250000000018501,1.0
1.9260000000018522,1.0
1.9270000000018543,1.0
1.9280000000018565,1.0
1.9290000000018586,1.0
1.9300000000018607,1.0
1.9310000000018628,1.0
1.932000000001865,1.0
1.933000000001867,1.0
1.9340000000018691,1.0
1.9350000000018712,1.0
1.9360000000018733,1.0
1.9370000000018754,1.0
1.9380000000018776,1.0
1.9390000000018797,1.0
1.9400000000018818,1.0
1.9410000000018839,1.0
1.942000000001886,1.0
1.943000000001888,1.0
1.9440000000018902,1.0
1.9450000000018923,1.0
1.9460000000018944,1.0
1.9470000000018965,1.0
1.9480000000018987,1.0
1.9490000000019008,1.0
1.9500000000019029,1.0
1.951000000001905,1.0
1.952000000001907,1.0
1.9530000000019092,1.0
1.9540000000019113,1.0
1.9550000000019134,1.0
1.9560000000019155,1.0
1.9570000000019177,1.0
1.9580000000019198,1.0
1.9590000000019219,1.0
1.960000000001924,1.0
1.961000000001926,1.0
1.9620000000019282,1.0
1.9630000000019303,1.0
1.9640000000019324,1.0
1.9650000000019345,1.0
1.9660000000019366,1.0
1.9670000000019388,1.0
1.9680000000019409,1.0
1.969000000001943,1.0
1.970000000001945,1.0
1.9710000000019472,1.0
1.9720000000019493,1.0
1.9730000000019514,1.0
1.9740000000019535,1.0
1.9750000000019556,1.0
1.9760000000019577,1.0
1.9770000000019599,1.0
1.978000000001962,1.0
1.979000000001964,1.0
1.9800000000019662,1.0
1.9810000000019683,1.0
1.9820000000019704,1.0
1.9830000000019725,1.0
1.9840000000019746,1.0
1.9850000000019767,1.0
1.9860000000019788,1.0
1.987000000001981,1.0
1.988000000001983,1.0
1.9890000000019852,1.0
1.9900000000019873,1.0
1.9910000000019894,1.0
1.9920000000019915,1.0
1.9930000000019936,1.0
1.9940000000019957,1.0
1.9950000000019978,1.0
1.996000000002,1.0
1.997000000002002,1.0
1.9980000000020042,1.0
1.9990000000020063,1.0
2.000000000002008,1.000000001075858
2.001000000002006,1.0000000226601418
2.0020000000020035,1.0000000452514213
2.003000000002001,1.0000000700414415
2.004000000001999,1.0000000980038506
2.0050000000019965,1.0000001297986854
2.006000000001994,1.0000001657086863
2.007000000001992,1.0000002056124642
2.0080000000019895,1.000000248997164
2.009000000001987,1.000000295009369
2.010000000001985,1.0000003425391333
2.0110000000019825,1.0000003903288943
2.01200000000198,1.0000004370966196
2.013000000001978,1.0000004816610453
2.0140000000019755,1.0000005230567575
2.015000000001973,1.000000560627891
2.016000000001971,1.0000005940913492
2.0170000000019686,1.0000006235634316
2.018000000001966,1.0000006495473464
2.019000000001964,1.000000672882925
2.0200000000019616,1.0000006946635331
2.0210000000019592,1.0000007161283928
2.022000000001957,1.0000007385408922
2.0230000000019546,1.000000763064816
2.0240000000019522,1.0000007906506028
2.02500000000195,1.0000008219427265
2.0260000000019476,1.000000857217209
2.0270000000019452,1.0000008963553064
2.028000000001943,1.0000009388558553
2.0290000000019406,1.000000983884979
2.0300000000019383,1.0000010303582125
2.031000000001936,1.0000010770469383
2.0320000000019336,1.0000011226986636
2.0330000000019313,1.0000011661593575
2.034000000001929,1.0000012064858752
2.0350000000019266,1.0000012430374976
2.0360000000019243,1.0000012755376912
2.037000000001922,1.0000013041001206
2.0380000000019196,1.000001329216447
2.0390000000019173,1.0000013517071968
2.040000000001915,1.0000013726405956
2.0410000000019126,1.0000013932273701
2.0420000000019103,1.000001414701864
2.043000000001908,1.0000014382011257
2.0440000000019056,1.000001464653784
2.0450000000019033,1.0000014946895697
2.046000000001901,1.0000015285782686
2.0470000000018986,1.0000015662040136
2.0480000000018963,1.0000016070773448
2.049000000001894,1.0000016503837719
2.0500000000018916,1.000001695064004
2.0510000000018893,1.000001739917929
2.052000000001887,1.0000017837221244
2.0530000000018847,1.000001825349366
2.0540000000018823,1.0000018638784658
2.05500000000188,1.0000018986836978
2.0560000000018777,1.0000019294951383
2.0570000000018753,1.000001956424075
2.058000000001873,1.0000019799510855
2.0590000000018707,1.000002000878043
2.0600000000018683,1.0000020202488153
2.061000000001866,1.0000020392464941
2.0620000000018637,1.0000020590772494
2.0630000000018613,1.0000020808522005
2.064000000001859,1.0000021054788573
2.0650000000018567,1.0000021335727205
2.0660000000018544,1.000002165397643
2.067000000001852,1.0000022008407152
2.0680000000018497,1.0000022394240462
2.0690000000018474,1.0000022803522057
2.070000000001845,1.000002322590609
2.0710000000018427,1.0000023649670966
2.0720000000018404,1.0000024062867392
2.073000000001838,1.0000024454485976
2.0740000000018357,1.0000024815530242
2.0750000000018334,1.000002513989034
2.076000000001831,1.000002542493254
2.0770000000018287,1.000002567174745
2.0780000000018264,1.0000025885033585
2.079000000001824,1.000002607262845
2.0800000000018217,1.0000026244733786
2.0810000000018194,1.0000026412911562
2.082000000001817,1.0000026588949231
2.0830000000018147,1.0000026783705662
2.0840000000018124,1.0000027006050527
2.08500000000181,1.000002726200068
2.0860000000018077,1.0000027554137494
2.0870000000018054,1.0000027881361495
2.088000000001803,1.0000028239007441
2.0890000000018007,1.0000028619307841
2.0900000000017984,1.0000029012158742
2.091000000001796,1.000002940611215
2.0920000000017938,1.0000029789497626
2.0930000000017914,1.0000030151563017
2.094000000001789,1.0000030483522764
2.0950000000017868,1.000003077941151
2.0960000000017844,1.000003103665999
2.097000000001782,1.0000031256337587
2.0980000000017798,1.0000031443038528
2.0990000000017774,1.000003160442379
2.100000000001775,1.0000031750464184
2.101000000001773,1.0000031892459433
2.1020000000017705,1.0000032041929574
2.103000000001768,1.0000032209487442
2.104000000001766,1.0000032403802472
2.1050000000017635,1.000003263075694
2.106000000001761,1.0000032892876767
2.107000000001759,1.0000033189091708
2.1080000000017565,1.000003351484787
2.109000000001754,1.0000033862560511
2.110000000001752,1.0000034222362215
2.1110000000017495,1.000003458307248
2.112000000001747,1.000003493329348
2.113000000001745,1.0000035262524554
2.1140000000017425,1.0000035562186391
2.11500000000174,1.0000035826454978
2.116000000001738,1.0000036052824237
2.1170000000017355,1.0000036242343002
2.118000000001733,1.0000036399503833
2.119000000001731,1.0000036531795444
2.1200000000017285,1.0000036648963253
2.121000000001726,1.0000036762050972
2.122000000001724,1.0000036882317553
2.1230000000017215,1.0000037020135626
2.124000000001719,1.000003718397912
2.125000000001717,1.0000037379598967
2.1260000000017145,1.0000037609466923
2.127000000001712,1.0000037872541379
2.12800000000171,1.0000038164377223
2.1290000000017075,1.0000038477568263
2.130000000001705,1.000003880247814
2.131000000001703,1.0000039128187639
2.1320000000017005,1.0000039443565232
2.133000000001698,1.0000039738355921
2.134000000001696,1.0000040004181832
2.1350000000016935,1.0000040235356997
2.136000000001691,1.000004042943704
2.137000000001689,1.000004058745068
2.1380000000016866,1.0000040713791127
2.139000000001684,1.0000040815778772
2.140000000001682,1.0000040902938758
2.1410000000016796,1.0000040986064636
2.1420000000016772,1.0000041076160229
2.143000000001675,1.0000041183363377
2.1440000000016726,1.0000041315956911
2.1450000000016702,1.000004147956328
2.146000000001668,1.0000041676601201
2.1470000000016656,1.000004190605685
2.1480000000016632,1.0000042163591192
2.149000000001661,1.0000042441972248
2.1500000000016586,1.0000042731789178
2.1510000000016563,1.0000043022377816
2.152000000001654,1.0000043302866561
2.1530000000016516,1.0000043563240162
2.1540000000016493,1.0000043795317324
2.155000000001647,1.0000043993546714
2.1560000000016446,1.0000044155544
2.1570000000016423,1.0000044282318015
2.15800000000164,1.0000044378164648
2.1590000000016376,1.000004445023962
2.1600000000016353,1.0000044507852626
2.161000000001633,1.000004456155255
2.1620000000016306,1.000004462209368
2.1630000000016283,1.0000044699384187
2.164000000001626,1.00000448015199
2.1650000000016236,1.0000044933997418
2.1660000000016213,1.0000045099183303
2.167000000001619,1.0000045296090514
2.1680000000016166,1.0000045520483276
2.1690000000016143,1.000004576529943
2.170000000001612,1.0000046021348072
2.1710000000016096,1.0000046278213803
2.1720000000016073,1.0000046525278565
2.173000000001605,1.000004675276096
2.1740000000016027,1.000004695267132
2.1750000000016003,1.0000047119589457
2.176000000001598,1.000004725118929
2.1770000000015957,1.0000047348459833
2.1780000000015933,1.0000047415601507
2.179000000001591,1.0000047459608723
2.1800000000015887,1.0000047489580268
2.1810000000015863,1.0000047515825587
2.182000000001584,1.000004754885473
2.1830000000015817,1.0000047598351056
2.1840000000015793,1.000004767222721
2.185000000001577,1.000004777585638
2.1860000000015747,1.0000047911553662
2.1870000000015724,1.0000048078357686
2.18800000000157,1.000004827213307
2.1890000000015677,1.000004848598303
2.1900000000015654,1.0000048710931013
2.191000000001563,1.0000048936804131
2.1920000000015607,1.0000049153231498
2.1930000000015584,1.0000049350659637
2.194000000001556,1.0000049521285592
2.1950000000015537,1.0000049659816748
2.1960000000015514,1.0000049763983416
2.197000000001549,1.000004983475471
2.1980000000015467,1.000004987623723
2.1990000000015444,1.0000049895267265
2.200000000001542,1.0000049900737022
2.2010000000015397,1.0000049902721446
2.2020000000015374,1.0000049911491409
2.203000000001535,1.0000049936510076
2.2040000000015327,1.0000049985510548
2.2050000000015304,1.000005006374484
2.206000000001528,1.000005017347719
2.2070000000015257,1.000005031377068
2.2080000000015234,1.0000050480587392
2.209000000001521,1.0000050667191502
2.2100000000015187,1.0000050864815242
2.2110000000015164,1.0000051063522015
2.212000000001514,1.0000051253181799
2.2130000000015118,1.0000051424463166
2.2140000000015094,1.000005156974492
2.215000000001507,1.0000051683858466
2.2160000000015048,1.0000051764588578
2.2170000000015024,1.0000051812884299
2.2180000000015,1.0000051832759957
2.2190000000014978,1.0000051830896712
2.2200000000014954,1.000005181598431
2.221000000001493,1.000005179786796
2.222000000001491,1.0000051786584225
2.2230000000014885,1.0000051791380489
2.224000000001486,1.0000051819813776
2.225000000001484,1.000005187701706
2.2260000000014815,1.0000051965204215
2.227000000001479,1.0000052083461544
2.228000000001477,1.0000052227845657
2.2290000000014745,1.000005239177728
2.230000000001472,1.000005256669195
2.23100000000147,1.0000052742883239
2.2320000000014675,1.0000052910455732
2.233000000001465,1.0000053060294238
2.234000000001463,1.0000053184954483
2.2350000000014605,1.0000053279388326
2.236000000001458,1.0000053341433068
2.237000000001456,1.000005337201745
2.2380000000014535,1.0000053375064968
2.239000000001451,1.0000053357104546
2.240000000001449,1.000005332662744
2.2410000000014465,1.0000053293253723
2.242000000001444,1.0000053266790367
2.243000000001442,1.0000053256273214
2.2440000000014395,1.0000053269086597
2.245000000001437,1.0000053310246473
2.246000000001435,1.0000053381916794
2.2470000000014325,1.000005348320585
2.24800000000143,1.0000053610261879
2.249000000001428,1.000005375665785
2.2500000000014255,1.0000053914027183
2.251000000001423,1.0000054072887612
2.252000000001421,1.0000054223572206
2.2530000000014185,1.0000054357176336
2.254000000001416,1.0000054466427826
2.255000000001414,1.0000054546395536
2.2560000000014115,1.000005459496736
2.257000000001409,1.0000054613051514
2.258000000001407,1.0000054604482034
2.2590000000014046,1.000005457563843
2.260000000001402,1.0000054534817324
2.2610000000014,1.0000054491418144
2.2620000000013976,1.0000054455022835
2.2630000000013952,1.0000054434459893
2.264000000001393,1.0000054436944215
2.2650000000013906,1.000005446737673
2.2660000000013882,1.0000054527871918
2.267000000001386,1.0000054617558822
2.2680000000013836,1.0000054732674504
2.2690000000013812,1.0000054866939942
2.270000000001379,1.0000055012181188
2.2710000000013766,1.0000055159134256
2.2720000000013743,1.0000055298354749
2.273000000001372,1.0000055421143008
2.2740000000013696,1.0000055520394333
2.2750000000013673,1.0000055591291164
2.276000000001365,1.0000055631770137
2.2770000000013626,1.0000055642718737
2.2780000000013603,1.0000055627882911
2.279000000001358,1.0000055593495494
2.2800000000013556,1.000005554766231
2.2810000000013533,1.0000055499566518
2.282000000001351,1.000005545856956
2.2830000000013486,1.0000055433296673
2.2840000000013463,1.000005543079655
2.285000000001344,1.0000055455857078
2.2860000000013416,1.0000055510543708
2.2870000000013393,1.0000055594005102
2.288000000001337,1.00000557025644
2.2890000000013346,1.0000055830086543
2.2900000000013323,1.0000055968585084
2.29100000000133,1.0000056109008617
2.2920000000013276,1.0000056242129491
2.2930000000013253,1.0000056359447673
2.294000000001323,1.0000056454021364
2.2950000000013207,1.0000056521143361
2.2960000000013183,1.0000056558797275
2.297000000001316,1.000005656784967
2.2980000000013137,1.0000056551959813
2.2990000000013113,1.0000056517216624
2.300000000001309,1.0000056471538865
2.3010000000013067,1.000005642389782
2.3020000000013043,1.0000056383438878
2.303000000001302,1.0000056358588076
2.3040000000012997,1.000005635623111
2.3050000000012973,1.000005638104482
2.306000000001295,1.0000056435046156
2.3070000000012927,1.0000056517402334
2.3080000000012904,1.0000056624519988
2.309000000001288,1.0000056750404078
2.3100000000012857,1.0000056887250757
2.3110000000012834,1.0000057026215703
2.312000000001281,1.0000057158282416
2.3130000000012787,1.000005727514529
2.3140000000012764,1.0000057370021138
2.315000000001274,1.000005743830995
2.3160000000012717,1.0000057478040676
2.3170000000012694,1.0000057490058885
2.318000000001267,1.0000057477938609
2.3190000000012647,1.0000057447627608
2.3200000000012624,1.0000057406861358
2.32100000000126,1.0000057364403592
2.3220000000012577,1.0000057329188088
2.3230000000012554,1.0000057309445751
2.324000000001253,1.0000057311902526
2.3250000000012507,1.000005734112621
2.3260000000012484,1.000005739908586
2.327000000001246,1.000005748496628
2.3280000000012437,1.000005759525517
2.3290000000012414,1.0000057724093776
2.330000000001239,1.0000057863856129
2.3310000000012367,1.000005800589972
2.3320000000012344,1.000005814141383
2.333000000001232,1.000005826228232
2.3340000000012298,1.0000058361876454
2.3350000000012274,1.0000058435700496
2.336000000001225,1.0000058481827208
2.3370000000012228,1.0000058501081186
2.3380000000012204,1.0000058496952733
2.339000000001218,1.000005847525126
2.3400000000012158,1.000005844353273
2.3410000000012134,1.000005841035769
2.342000000001211,1.0000058384452744
2.343000000001209,1.0000058373857748
2.3440000000012065,1.0000058385142114
2.345000000001204,1.0000058422766727
2.346000000001202,1.000005848865342
2.3470000000011995,1.000005858200379
2.348000000001197,1.0000058699384318
2.349000000001195,1.0000058835068986
2.3500000000011925,1.00000589816052
2.35100000000119,1.0000059130547225
2.352000000001188,1.0000059273285022
2.3530000000011855,1.0000059401887145
2.354000000001183,1.0000059509875394
2.355000000001181,1.0000059592855535
2.3560000000011785,1.0000059648942774
2.357000000001176,1.0000059678940891
2.358000000001174,1.000005968625804
2.3590000000011715,1.0000059676568136
2.360000000001169,1.0000059657251468
2.361000000001167,1.000005963666974
2.3620000000011645,1.000005962334685
2.363000000001162,1.0000059625135693
2.36400000000116,1.0000059648452484
2.3650000000011575,1.000005969765333
2.366000000001155,1.000005977461365
2.367000000001153,1.0000059878551142
2.3680000000011505,1.000006000610898
2.369000000001148,1.0000060151690535
2.370000000001146,1.000006030801233
2.3710000000011435,1.0000060466820604
2.372000000001141,1.0000060619701072
2.373000000001139,1.0000060758902496
2.3740000000011365,1.0000060878093504
2.375000000001134,1.0000060972978784
2.376000000001132,1.0000061041714785
2.3770000000011295,1.0000061085084717
2.378000000001127,1.000006110641628
2.379000000001125,1.0000061111250818
2.3800000000011226,1.000006110679678
2.38100000000112,1.0000061101221434
2.382000000001118,1.000006110285047
2.3830000000011156,1.000006111935394
2.3840000000011132,1.000006115699821
2.385000000001111,1.0000061220036867
2.3860000000011086,1.000006131029982
2.3870000000011062,1.0000061427020324
2.388000000001104,1.000006156691632
2.3890000000011016,1.0000061724517435
2.3900000000010992,1.000006189270525
2.391000000001097,1.0000062063413417
2.3920000000010946,1.0000062228418767
2.3930000000010923,1.0000062380145998
2.39400000000109,1.0000062512407049
2.3950000000010876,1.0000062621003154
2.3960000000010853,1.0000062704130945
2.397000000001083,1.0000062762553452
2.3980000000010806,1.000006279951969
2.3990000000010783,1.0000062820441429
2.400000000001076,1.0000062832359171
2.4010000000010736,1.0000062843250161
2.4020000000010713,1.0000062861246382
2.403000000001069,1.0000062893839219
2.4040000000010666,1.0000062947148598
2.4050000000010643,1.0000063025327899
2.406000000001062,1.0000063130162515
2.4070000000010596,1.0000063260900893
2.4080000000010573,1.0000063414333953
2.409000000001055,1.0000063585114658
2.4100000000010526,1.0000063766285827
2.4110000000010503,1.000006394996416
2.412000000001048,1.0000064128113222
2.4130000000010456,1.0000064293329565
2.4140000000010433,1.0000064439565164
2.415000000001041,1.0000064562715567
2.4160000000010387,1.0000064661016717
2.4170000000010363,1.000006473521196
2.418000000001034,1.0000064788473486
2.4190000000010317,1.000006482608651
2.4200000000010293,1.000006485492752
2.421000000001027,1.0000064882788193
2.4220000000010247,1.000006491761134
2.4230000000010223,1.000006496671386
2.42400000000102,1.000006503607268
2.4250000000010177,1.000006512974336
2.4260000000010153,1.0000065249467902
2.427000000001013,1.000006539450964
2.4280000000010107,1.0000065561730904
2.4290000000010084,1.0000065745905231
2.430000000001006,1.000006594023304
2.4310000000010037,1.0000066137009986
2.4320000000010014,1.000006632838215
2.433000000000999,1.0000066507114111
2.4340000000009967,1.000006666729476
2.4350000000009944,1.0000066804911947
2.436000000000992,1.0000066918240142
2.4370000000009897,1.0000067008003606
2.4380000000009874,1.0000067077299644
2.439000000000985,1.000006713128999
2.4400000000009827,1.0000067176691088
2.4410000000009804,1.000006722111348
2.442000000000978,1.000006727231535
2.4430000000009757,1.000006733744331
2.4440000000009734,1.0000067422334782
2.445000000000971,1.0000067530949934
2.4460000000009687,1.000006766498855
2.4470000000009664,1.0000067823728715
2.448000000000964,1.000006800410271
2.4490000000009617,1.0000068201002035
2.4500000000009594,1.0000068407781304
2.451000000000957,1.0000068616911193
2.4520000000009547,1.000006882071631
2.4530000000009524,1.0000069012125608
2.45400000000095,1.000006918536196
2.4550000000009478,1.0000069336503619
2.4560000000009454,1.0000069463862944
2.457000000000943,1.000006956814582
2.4580000000009408,1.0000069652376626
2.4590000000009384,1.0000069721596752
2.460000000000936,1.000006978236652
2.4610000000009338,1.000006984211981
2.4620000000009314,1.000006990843469
2.463000000000929,1.0000069988291707
2.464000000000927,1.0000070087392234
2.4650000000009245,1.0000070209603555
2.466000000000922,1.0000070356584465
2.46700000000092,1.0000070527627736
2.4680000000009175,1.0000070719734264
2.469000000000915,1.0000070927911093
2.470000000000913,1.000007114566375
2.4710000000009105,1.0000071365634196
2.472000000000908,1.0000071580321745
2.473000000000906,1.000007178281623
2.4740000000009035,1.0000071967471744
2.475000000000901,1.000007213045517
2.476000000000899,1.0000072270116214
2.4770000000008965,1.0000072387143117
2.478000000000894,1.0000072484489382
2.479000000000892,1.0000072567079146
2.4800000000008895,1.0000072641320585
2.481000000000887,1.0000072714475297
2.482000000000885,1.0000072793945762
2.4830000000008825,1.000007288655061
2.48400000000088,1.0000072997858689
2.485000000000878,1.0000073131646843
2.4860000000008755,1.0000073289534188
2.487000000000873,1.00000734708282
2.488000000000871,1.0000073672597134
2.4890000000008685,1.000007388996128
2.490000000000866,1.0000074116573943
2.491000000000864,1.0000074345244778
2.4920000000008615,1.0000074568644133
2.493000000000859,1.0000074780019381
2.494000000000857,1.0000074973853188
2.4950000000008545,1.0000075146399412
2.496000000000852,1.000007529604462
2.49700000000085,1.0000075423460222
2.4980000000008475,1.0000075531530856
2.499000000000845,1.0000075625066522
2.500000000000843,1.0000075710327136
2.5010000000008406,1.0000075794406411
2.502000000000838,1.000007588453567
2.503000000000836,1.000007598737577
2.5040000000008336,1.0000076108366451
2.5050000000008312,1.000007625119663
2.506000000000829,1.0000076417447052
2.5070000000008266,1.0000076606439938
2.5080000000008242,1.000007681530976
2.509000000000822,1.000007703928781
2.5100000000008196,1.0000077272172172
2.5110000000008172,1.000007750693673
2.512000000000815,1.000007773641933
2.5130000000008126,1.0000077954021673
2.5140000000008103,1.0000078154352416
2.515000000000808,1.0000078333750813
2.5160000000008056,1.0000078490639865
2.5170000000008033,1.0000078625674977
2.518000000000801,1.0000078741673932
2.5190000000007986,1.0000078843335647
2.5200000000007963,1.0000078936775636
2.521000000000794,1.000007902892403
2.5220000000007916,1.0000079126845358
2.5230000000007893,1.000007923704677
2.524000000000787,1.0000079364842318
2.5250000000007846,1.000007951383542
2.5260000000007823,1.0000079685569752
2.52700000000078,1.0000079879382338
2.5280000000007776,1.0000080092472778
2.5290000000007753,1.0000080320181222
2.530000000000773,1.0000080556447617
2.5310000000007706,1.000008079440669
2.5320000000007683,1.0000081027060355
2.533000000000766,1.0000081247961485
2.5340000000007636,1.00000814518423
2.5350000000007613,1.0000081635125881
2.536000000000759,1.0000081796271278
2.5370000000007566,1.0000081935918674
2.5380000000007543,1.0000082056820994
2.539000000000752,1.000008216356906
2.5400000000007497,1.0000082262137755
2.5410000000007473,1.0000082359297833
2.542000000000745,1.0000082461951314
2.5430000000007427,1.0000082576455604
2.5440000000007403,1.000008270800239
2.545000000000738,1.0000082860111987
2.5460000000007357,1.000008303429228
2.5470000000007333,1.0000083229895183
2.548000000000731,1.0000083444184305
2.5490000000007287,1.0000083672606594
2.5500000000007264,1.0000083909240967
2.551000000000724,1.000008414737972
2.5520000000007217,1.0000084380185463
2.5530000000007194,1.0000084601359196
2.554000000000717,1.0000084805754232
2.5550000000007147,1.000008498987601
2.5560000000007124,1.00000851522192
2.55700000000071,1.0000085293409546
2.5580000000007077,1.0000085416137023
2.5590000000007054,1.00000855248873
2.560000000000703,1.0000085625498283
2.5610000000007007,1.0000085724585435
2.5620000000006984,1.000008582889244
2.563000000000696,1.0000085944630825
2.5640000000006937,1.0000086076873131
2.5650000000006914,1.0000086229058898
2.566000000000689,1.0000086402661423
2.5670000000006867,1.0000086597047584
2.5680000000006844,1.0000086809543913
2.569000000000682,1.0000087035702057
2.5700000000006797,1.0000087269737112
2.5710000000006774,1.000008750509571
2.572000000000675,1.000008773509782
2.5730000000006727,1.000008795358956
2.5740000000006704,1.0000088155542943
2.575000000000668,1.000008833754424
2.5760000000006658,1.0000088498123318
2.5770000000006634,1.0000088637892215
2.578000000000661,1.0000088759479806
2.5790000000006588,1.0000088867269414
2.5800000000006564,1.000008896696551
2.581000000000654,1.0000089065032227
2.5820000000006518,1.0000089168058943
2.5830000000006494,1.0000089282115046
2.584000000000647,1.0000089412157045
2.585000000000645,1.0000089561545922
2.5860000000006425,1.0000089731721562
2.58700000000064,1.0000089922065802
2.588000000000638,1.0000090129967
2.5890000000006355,1.0000090351079434
2.590000000000633,1.000009057975161
2.591000000000631,1.0000090809581244
2.5920000000006285,1.0000091034042422
2.593000000000626,1.000009124712334
2.594000000000624,1.000009144391235
2.5950000000006215,1.0000091621075025
2.596000000000619,1.0000091777175961
2.597000000000617,1.0000091912814164
2.5980000000006145,1.0000092030559145
2.599000000000612,1.000009213469457
2.60000000000061,1.0000092230794895
2.6010000000006075,1.0000092325176761
2.602000000000605,1.0000092424279101
2.603000000000603,1.0000092534032747
2.6040000000006005,1.0000092659281186
2.605000000000598,1.0000092803308953
2.606000000000596,1.00000929675236
2.6070000000005935,1.000009315132186
2.608000000000591,1.00000933521528
2.609000000000589,1.0000093565771262
2.6100000000005865,1.0000093786656346
2.611000000000584,1.0000094008553695
2.612000000000582,1.0000094225088216
2.6130000000005795,1.0000094430387219
2.614000000000577,1.0000094619652973
2.615000000000575,1.000009478962882
2.6160000000005725,1.000009493891358
2.61700000000057,1.000009506809377
2.618000000000568,1.0000095179681199
2.6190000000005655,1.0000095277862455
2.620000000000563,1.0000095368085236
2.621000000000561,1.0000095456522333
2.6220000000005586,1.0000095549465984
2.623000000000556,1.0000095652711916
2.624000000000554,1.0000095770993436
2.6250000000005516,1.0000095907520643
2.6260000000005492,1.000009606366972
2.627000000000547,1.0000096238852185
2.6280000000005446,1.000009643057666
2.6290000000005422,1.0000096634696436
2.63000000000054,1.0000096845818436
2.6310000000005376,1.000009705783302
2.6320000000005352,1.0000097264512664
2.633000000000533,1.0000097460120796
2.6340000000005306,1.000009763997118
2.6350000000005283,1.0000097800883352
2.636000000000526,1.0000097941489765
2.6370000000005236,1.0000098062364964
2.6380000000005213,1.000009816596457
2.639000000000519,1.000009825638053
2.6400000000005166,1.0000098338936896
2.6410000000005143,1.0000098419666124
2.642000000000512,1.0000098504717299
2.6430000000005096,1.0000098599754348
2.6440000000005073,1.0000098709403102
2.645000000000505,1.0000098836801106
2.6460000000005026,1.0000098983294046
2.6470000000005003,1.0000099148308081
2.648000000000498,1.0000099329410124
2.6490000000004956,1.0000099522549817
2.6500000000004933,1.0000099722459088
2.651000000000491,1.0000099923169823
2.6520000000004886,1.0000100118598814
2.6530000000004863,1.0000100303142592
2.654000000000484,1.000010047222399
2.6550000000004816,1.0000100622737111
2.6560000000004793,1.0000100753347392
2.657000000000477,1.0000100864617796
2.6580000000004746,1.0000100958949183
2.6590000000004723,1.000010104034115
2.66000000000047,1.0000101113997075
2.6610000000004677,1.0000101185812411
2.6620000000004653,1.0000101261796508
2.663000000000463,1.0000101347484613
2.6640000000004607,1.0000101447397651
2.6650000000004583,1.0000101564602368
2.666000000000456,1.0000101700414765
2.6670000000004537,1.0000101854275336
2.6680000000004513,1.0000102023808033
2.669000000000449,1.000010220505671
2.6700000000004467,1.0000102392875476
2.6710000000004444,1.0000102581434551
2.672000000000442,1.0000102764791752
2.6730000000004397,1.0000102937473718
2.6740000000004374,1.0000103095009893
2.675000000000435,1.0000103234367272
2.6760000000004327,1.0000103354243566
2.6770000000004304,1.0000103455190466
2.678000000000428,1.0000103539555376
2.6790000000004257,1.0000103611247706
2.6800000000004234,1.000010367535297
2.681000000000421,1.0000103737632808
2.6820000000004187,1.0000103803960063
2.6830000000004164,1.0000103879744309
2.684000000000414,1.000010396940397
2.6850000000004117,1.0000104075936653
2.6860000000004094,1.0000104200629345
2.687000000000407,1.0000104342936562
2.6880000000004047,1.000010450053797
2.6890000000004024,1.0000104669569438
2.6900000000004,1.0000104845004443
2.6910000000003977,1.0000105021148324
2.6920000000003954,1.0000105192196675
2.693000000000393,1.0000105352803208
2.6940000000003907,1.0000105498601508
2.6950000000003884,1.000010562662975
2.696000000000386,1.0000105735617133
2.6970000000003838,1.0000105826104306
2.6980000000003814,1.000010590038642
2.699000000000379,1.0000105962284727
2.7000000000003768,1.0000106016769552
2.7010000000003744,1.0000106069471755
2.702000000000372,1.0000106126130777
2.7030000000003698,1.0000106192033331
2.7040000000003674,1.000010627149767
2.705000000000365,1.0000106367453774
2.706000000000363,1.0000106481160218
2.7070000000003605,1.0000106612085133
2.708000000000358,1.000010675796257
2.709000000000356,1.000010691501818
2.7100000000003535,1.000010707834198
2.711000000000351,1.0000107242371232
2.712000000000349,1.000010740143604
2.7130000000003465,1.000010755031417
2.714000000000344,1.0000107684740835
2.715000000000342,1.0000107801823663
2.7160000000003395,1.0000107900322526
2.717000000000337,1.000010798076718
2.718000000000335,1.0000108045401603
2.7190000000003325,1.0000108097960825
2.72000000000033,1.000010814330251
2.721000000000328,1.0000108186929635
2.7220000000003255,1.0000108234451188
2.723000000000323,1.0000108291033738
2.724000000000321,1.0000108360897544
2.7250000000003185,1.0000108446906386
2.726000000000316,1.0000108550290945
2.727000000000314,1.0000108670532528
2.7280000000003115,1.0000108805418142
2.729000000000309,1.0000108951261044
2.730000000000307,1.0000109103264954
2.7310000000003045,1.0000109255995853
2.732000000000302,1.0000109403915107
2.7330000000003,1.000010954192153
2.7340000000002975,1.0000109665849457
2.735000000000295,1.0000109772874213
2.736000000000293,1.0000109861785462
2.7370000000002905,1.0000109933102166
2.738000000000288,1.0000109989018127
2.739000000000286,1.0000110033183969
2.7400000000002835,1.0000110070347135
2.741000000000281,1.000011010588548
2.742000000000279,1.0000110145280379
2.7430000000002766,1.0000110193580827
2.744000000000274,1.0000110254911174
2.745000000000272,1.0000110332070333
2.7460000000002696,1.0000110426261548
2.7470000000002672,1.0000110536978815
2.748000000000265,1.0000110662060675
2.7490000000002626,1.000011079790578
2.7500000000002602,1.0000110939828724
2.751000000000258,1.0000111082521055
2.7520000000002556,1.0000111220572168
2.7530000000002532,1.000011134899892
2.754000000000251,1.0000111463732306
2.7550000000002486,1.0000111562013545
2.7560000000002463,1.0000111642661207
2.757000000000244,1.0000111706183492
2.7580000000002416,1.0000111754724983
2.7590000000002393,1.0000111791853619
2.760000000000237,1.0000111822208921
2.7610000000002346,1.0000111851046318
2.7620000000002323,1.0000111883722256
2.76300000000023,1.000011192517067
2.7640000000002276,1.0000111979421966
2.7650000000002253,1.0000112049211463
2.766000000000223,1.0000112135715378
2.7670000000002206,1.0000112238439856
2.7680000000002183,1.0000112355273572
2.769000000000216,1.0000112482698356
2.7700000000002136,1.0000112616136898
2.7710000000002113,1.0000112750403176
2.772000000000209,1.0000112880211416
2.7730000000002066,1.0000113000693573
2.7740000000002043,1.00001131078748
2.775000000000202,1.0000113199060476
2.7760000000001996,1.0000113273097173
2.7770000000001973,1.0000113330482303
2.778000000000195,1.000011337331213
2.7790000000001926,1.0000113405073554
2.7800000000001903,1.0000113430300428
2.781000000000188,1.000011345412829
2.7820000000001857,1.0000113481791322
2.7830000000001833,1.0000113518110776
2.784000000000181,1.000011356702504
2.7850000000001787,1.000011363120704
2.7860000000001763,1.0000113711806327
2.787000000000174,1.0000113808340667
2.7880000000001717,1.0000113918747453
2.7890000000001693,1.0000114039589523
2.790000000000167,1.0000114166394896
2.7910000000001647,1.0000114294096913
2.7920000000001624,1.0000114417531498
2.79300000000016,1.0000114531942772
2.7940000000001577,1.0000114633447632
2.7950000000001554,1.0000114719413868
2.796000000000153,1.0000114788715122
2.7970000000001507,1.0000114841838021
2.7980000000001484,1.0000114880831337
2.799000000000146,1.0000114909102553
2.8000000000001437,1.0000114931082007
2.8010000000001414,1.0000114951787862
2.802000000000139,1.0000114976334558
2.8030000000001367,1.0000115009433008
2.8040000000001344,1.0000115054931427
2.805000000000132,1.0000115115441535
2.8060000000001297,1.0000115192086556
2.8070000000001274,1.0000115284395337
2.808000000000125,1.0000115390352609
2.8090000000001227,1.0000115506600085
2.8100000000001204,1.0000115628768413
2.811000000000118,1.000011575190728
2.8120000000001157,1.0000115870971213
2.8130000000001134,1.0000115981313673
2.814000000000111,1.00001160791409
2.8150000000001087,1.0000116161881394
2.8160000000001064,1.0000116228434972
2.817000000000104,1.0000116279277453
2.8180000000001018,1.0000116316410959
2.8190000000000994,1.0000116343165084
2.820000000000097,1.0000116363868794
2.8210000000000948,1.0000116383425302
2.8220000000000924,1.0000116406831798
2.82300000000009,1.0000116438691131
2.8240000000000878,1.0000116482763155
2.8250000000000854,1.0000116541599529
2.826000000000083,1.0000116616297499
2.827000000000081,1.0000116706396476
2.8280000000000785,1.0000116809927164
2.829000000000076,1.0000116923608062
2.830000000000074,1.000011704316984
2.8310000000000715,1.000011716377558
2.832000000000069,1.0000117280495437
2.833000000000067,1.000011738878941
2.8340000000000645,1.0000117484950768
2.835000000000062,1.0000117566467042
2.83600000000006,1.0000117632263383
2.8370000000000575,1.0000117682804788
2.838000000000055,1.000011772004752
2.839000000000053,1.000011774724486
2.8400000000000505,1.0000117768626458
2.841000000000048,1.0000117788982958
2.842000000000046,1.0000117813196778
2.8430000000000435,1.0000117845764933
2.844000000000041,1.0000117890360698
2.845000000000039,1.0000117949476797
2.8460000000000365,1.0000118024184863
2.847000000000034,1.000011811403438
2.848000000000032,1.0000118217100704
2.8490000000000295,1.0000118330177123
2.850000000000027,1.000011844909179
2.851000000000025,1.0000118569118308
2.8520000000000225,1.000011868543956
2.85300000000002,1.0000118793619373
2.854000000000018,1.000011889003581
2.8550000000000155,1.0000118972233847
2.856000000000013,1.0000119039163131
2.857000000000011,1.0000119091277846
2.8580000000000085,1.0000119130489242
2.859000000000006,1.000011915997578
2.860000000000004,1.000011918386985
2.8610000000000015,1.0000119206851927
2.861999999999999,1.000011923369205
2.862999999999997,1.0000119268783576
2.8639999999999946,1.0000119315714602
2.864999999999992,1.0000119376919252
2.86599999999999,1.0000119453442886
2.8669999999999876,1.0000119544843953
2.8679999999999852,1.0000119649240555
2.868999999999983,1.0000119763497604
2.8699999999999806,1.0000119883537562
2.8709999999999782,1.0000120004740758
2.871999999999976,1.000012012239889
2.8729999999999736,1.0000120232176235
2.8739999999999712,1.0000120330532427
2.874999999999969,1.0000120415067262
2.8759999999999666,1.0000120484753345
2.8769999999999643,1.0000120540033062
2.877999999999962,1.0000120582772416
2.8789999999999596,1.0000120616075974
2.8799999999999573,1.000012064397977
2.880999999999955,1.0000120671055635
2.8819999999999526,1.0000120701962907
2.8829999999999503,1.0000120740992593
2.883999999999948,1.0000120791649767
2.8849999999999456,1.0000120856312835
2.8859999999999433,1.0000120936003392
2.886999999999941,1.0000121030289741
2.8879999999999386,1.0000121137333022
2.8889999999999363,1.0000121254070546
2.889999999999934,1.0000121376518372
2.8909999999999316,1.0000121500163286
2.8919999999999293,1.0000121620405622
2.892999999999927,1.0000121733009535
2.8939999999999246,1.0000121834516627
2.8949999999999223,1.0000121922582632
2.89599999999992,1.000012199620434
2.8969999999999176,1.0000122055814886
2.8979999999999153,1.000012210323841
2.898999999999913,1.000012214150874
2.8999999999999106,1.0000122174570307
2.9009999999999083,1.0000122206890616
2.901999999999906,1.0000122243022536
2.9029999999999037,1.000012228715922
2.9039999999999013,1.0000122342725222
2.904999999999899,1.000012241204373
2.9059999999998967,1.0000122496112216
2.9069999999998943,1.0000122594508256
2.907999999999892,1.0000122705434378
2.9089999999998897,1.0000122825897257
2.9099999999998873,1.0000122952003416
2.910999999999885,1.000012307934224
2.9119999999998827,1.0000123203418674
2.9129999999998804,1.0000123320093168
2.913999999999878,1.000012342598583
2.9149999999998757,1.0000123518805362
2.9159999999998734,1.00001235975708
2.916999999999871,1.0000123662704616
2.9179999999998687,1.0000123715988336
2.9189999999998664,1.0000123760385438
2.919999999999864,1.0000123799749039
2.9209999999998617,1.000012383844329
2.9219999999998594,1.0000123880915666
2.922999999999857,1.0000123931262102
2.9239999999998547,1.0000123992827477
2.9249999999998524,1.0000124067880494
2.92599999999985,1.0000124157394492
2.9269999999998477,1.000012426095544
2.9279999999998454,1.0000124376805795
2.928999999999843,1.0000124502019587
2.9299999999998407,1.0000124632791378
2.9309999999998384,1.0000124764810499
2.931999999999836,1.0000124893683857
2.9329999999998337,1.0000125015365773
2.9339999999998314,1.0000125126552886
2.934999999999829,1.0000125225005543
2.9359999999998267,1.0000125309764414
2.9369999999998244,1.0000125381241447
2.937999999999822,1.0000125441176522
2.9389999999998198,1.0000125492464331
2.9399999999998174,1.0000125538868785
2.940999999999815,1.000012558465305
2.9419999999998128,1.0000125634161652
2.9429999999998104,1.0000125691395565
2.943999999999808,1.000012575962187
2.9449999999998058,1.0000125841056067
2.9459999999998034,1.000012593664797
2.946999999999801,1.0000126045991813
2.947999999999799,1.0000126167369099
2.9489999999997965,1.0000126297919718
2.949999999999794,1.0000126433924317
2.950999999999792,1.0000126571169932
2.9519999999997895,1.000012670536315
2.952999999999787,1.0000126832550078
2.953999999999785,1.0000126949502186
2.9549999999997825,1.0000127054030328
2.95599999999978,1.000012714519639
2.956999999999778,1.0000127223402118
2.9579999999997755,1.0000127290346754
2.958999999999773,1.0000127348857877
2.959999999999771,1.0000127402612307
2.9609999999997685,1.0000127455774634
2.961999999999766,1.000012751258887
2.962999999999764,1.000012757696329
2.9639999999997615,1.0000127652089024
2.964999999999759,1.00001277401297
2.965999999999757,1.0000127842012212
2.9669999999997545,1.000012795733892
2.967999999999752,1.0000128084429565
2.96899999999975,1.0000128220488465
2.9699999999997475,1.000012836188041
2.970999999999745,1.000012850448799
2.971999999999743,1.0000128644115234
2.9729999999997405,1.000012877689799
2.973999999999738,1.000012889968091
2.974999999999736,1.0000129010324277
2.9759999999997335,1.0000129107910765
2.976999999999731,1.0000129192832248
2.977999999999729,1.0000129266748332
2.9789999999997265,1.0000129332421093
2.979999999999724,1.0000129393442356
2.980999999999722,1.000012945388048
2.9819999999997195,1.0000129517881362
2.982999999999717,1.0000129589262783
2.983999999999715,1.0000129671141778
2.9849999999997125,1.0000129765631351
2.98599999999971,1.0000129873636094
2.986999999999708,1.000012999476641
2.9879999999997056,1.0000130127379467
2.9889999999997032,1.0000130268742606
2.989999999999701,1.0000130415302941
2.9909999999996986,1.000013056303647
2.9919999999996962,1.0000130707842516
2.992999999999694,1.0000130845944697
2.9939999999996916,1.0000130974259263
2.9949999999996892,1.0000131090694864
2.995999999999687,1.0000131194354587
2.9969999999996846,1.0000131285620733
2.9979999999996823,1.0000131366114304
2.99899999999968,1.000013143853348
2.9999999999996776,1.0000131506763277
3.0009999999996753,1.000012761471183
3.001999999999673,0.9999945100612044
3.0029999999996706,0.99996006662636
3.0039999999996683,0.999936831055454
3.004999999999666,0.999929716540572
3.0059999999996636,0.9999335626630935
3.0069999999996613,0.9999407301893968
3.007999999999659,0.9999393605234956
3.0089999999996566,0.9999241932471454
3.0099999999996543,0.9998936082266983
3.010999999999652,0.999851483000704
3.0119999999996496,0.9998063713619008
3.0129999999996473,0.9997679130511209
3.013999999999645,0.9997434236797466
3.0149999999996426,0.999735293871183
3.0159999999996403,0.9997391556553678
3.016999999999638,0.9997462624499874
3.0179999999996356,0.9997463033452963
3.0189999999996333,0.9997326670777543
3.019999999999631,0.9997033381799242
3.0209999999996286,0.9996626585059515
3.0219999999996263,0.9996185428438663
3.022999999999624,0.9995807204178498
3.0239999999996217,0.9995563728399612
3.0249999999996193,0.9995478179456156
3.025999999999617,0.9995508991551142
3.0269999999996147,0.9995567616638366
3.0279999999996123,0.9995555202422179
3.02899999999961,0.9995402182342721
3.0299999999996077,0.9995093127861666
3.0309999999996053,0.9994668945305292
3.031999999999603,0.9994212055184696
3.0329999999996007,0.9993818194324534
3.0339999999995984,0.9993561816000015
3.034999999999596,0.9993466065088551
3.0359999999995937,0.9993490620127546
3.0369999999995914,0.9993547024674743
3.037999999999589,0.9993535893320931
3.0389999999995867,0.9993386449683571
3.0399999999995844,0.9993081754805896
3.040999999999582,0.9992660949555603
3.0419999999995797,0.9992205126173365
3.0429999999995774,0.999180897639261
3.043999999999575,0.999154699054113
3.0449999999995727,0.9991442795052029
3.0459999999995704,0.9991457127923876
3.046999999999568,0.9991502593993863
3.0479999999995657,0.9991480287208011
3.0489999999995634,0.9991319702266908
3.049999999999561,0.9991003455825587
3.0509999999995587,0.9990570544841695
3.0519999999995564,0.9990101716043063
3.052999999999554,0.9989691999582891
3.0539999999995517,0.9989416530556925
3.0549999999995494,0.9989300114553635
3.055999999999547,0.998930466326573
3.0569999999995447,0.9989343496714478
3.0579999999995424,0.9989317580915472
3.05899999999954,0.9989155455057853
3.0599999999995378,0.9988838250940507
3.0609999999995354,0.9988403406305468
3.061999999999533,0.9987930349267453
3.0629999999995308,0.9987513453866298
3.0639999999995284,0.9987228028857283
3.064999999999526,0.9987099893330935
3.0659999999995238,0.9987092374863352
3.0669999999995214,0.9987119982477118
3.067999999999519,0.9987084157317577
3.068999999999517,0.9986913089898556
3.0699999999995145,0.9986587059272262
3.070999999999512,0.9986142503937863
3.07199999999951,0.9985658116050116
3.0729999999995075,0.9985228106717677
3.073999999999505,0.9984928433077557
3.074999999999503,0.9984786273378018
3.0759999999995005,0.9984766551490848
3.076999999999498,0.9984784901191373
3.077999999999496,0.998474289503469
3.0789999999994935,0.9984567825364874
3.079999999999491,0.9984238428652713
3.080999999999489,0.998378945117825
3.0819999999994865,0.9983298212414243
3.082999999999484,0.9982858285978934
3.083999999999482,0.9982546016179173
3.0849999999994795,0.9982389931672948
3.085999999999477,0.998235675471188
3.086999999999475,0.998236356441904
3.0879999999994725,0.9982312394914858
3.08899999999947,0.9982129924004229
3.089999999999468,0.998179357504061
3.0909999999994655,0.9981336609182401
3.091999999999463,0.9980835175680616
3.092999999999461,0.9980382433270988
3.0939999999994585,0.9980055355315133
3.094999999999456,0.9979884062638261
3.095999999999454,0.9979837255401073
3.0969999999994515,0.9979833502161338
3.097999999999449,0.9979775163263712
3.098999999999447,0.9979588002640717
3.0999999999994445,0.9979247735429209
3.100999999999442,0.9978785722090503
3.10199999999944,0.9978276571269324
3.1029999999994375,0.9977812757143601
3.103999999999435,0.9977471761633405
3.104999999999433,0.9977285344573341
3.1059999999994305,0.9977224365868315
3.106999999999428,0.9977209119664991
3.107999999999426,0.997714227119372
3.1089999999994236,0.9976957506185913
3.1099999999994212,0.9976762888265243
3.110999999999419,0.997665536284623
3.1119999999994166,0.9976528782478148
3.1129999999994142,0.9976392872393547
3.113999999999412,0.9976272482350954
3.1149999999994096,0.9976164716799523
3.1159999999994072,0.997606829974503
3.116999999999405,0.9975983164482007
3.1179999999994026,0.9975906531059591
3.1189999999994003,0.9975834300164963
3.119999999999398,0.9975764807548723
3.1209999999993956,0.9975694819873251
3.1219999999993933,0.9975620681919407
3.122999999999391,0.9975540103569855
3.1239999999993886,0.9975450949092314
3.1249999999993863,0.9975352579491394
3.125999999999384,0.9975244842114347
3.1269999999993816,0.9975128481483914
3.1279999999993793,0.9975005001710737
3.128999999999377,0.9974876456996319
3.1299999999993746,0.9974745173013236
3.1309999999993723,0.9974613645044391
3.13199999999937,0.9974483967657478
3.1329999999993676,0.9974358130716123
3.1339999999993653,0.9974237422485673
3.134999999999363,0.9974122647814266
3.1359999999993606,0.9974013876571145
3.1369999999993583,0.9973910597642205
3.137999999999356,0.997381177725562
3.1389999999993536,0.9973716014736795
3.1399999999993513,0.9973621635564964
3.140999999999349,0.9973526965831147
3.1419999999993466,0.9973430385369536
3.1429999999993443,0.9973330598130351
3.143999999999342,0.9973226631460212
3.1449999999993397,0.9973117976764572
3.1459999999993373,0.9973004573047185
3.146999999999335,0.9972886808389573
3.1479999999993327,0.9972765442086444
3.1489999999993303,0.997264152310525
3.149999999999328,0.9972516252412283
3.1509999999993257,0.997239089049638
3.1519999999993233,0.9972266605738421
3.152999999999321,0.9972144396160911
3.1539999999993187,0.9972024986484171
3.1549999999993164,0.9971908791516176
3.155999999999314,0.9971795892156432
3.1569999999993117,0.9971686053996895
3.1579999999993094,0.997157876788158
3.158999999999307,0.9971473322080734
3.1599999999993047,0.9971368879154804
3.1609999999993024,0.9971264572164499
3.1619999999993,0.9971159584028257
3.1629999999992977,0.9971053228628604
3.1639999999992954,0.9970945006109669
3.164999999999293,0.9970834642035414
3.1659999999992907,0.9970722099824625
3.1669999999992884,0.9970607570985147
3.167999999999286,0.997049144326406
3.1689999999992837,0.9970374253966784
3.1699999999992814,0.9970256629607436
3.170999999999279,0.9970139223553803
3.1719999999992767,0.9970022652585648
3.1729999999992744,0.9969907442995416
3.173999999999272,0.9969793987539687
3.1749999999992697,0.9969682518347965
3.1759999999992674,0.9969573096670247
3.176999999999265,0.9969465619609478
3.1779999999992627,0.9969359841903007
3.1789999999992604,0.9969255410164738
3.179999999999258,0.9969151904721079
3.1809999999992558,0.9969048885543403
3.1819999999992534,0.9968945936764035
3.182999999999251,0.9968842706268811
3.1839999999992488,0.996873893656422
3.1849999999992464,0.9968634484632932
3.185999999999244,0.996852932967659
3.1869999999992418,0.9968423568701232
3.1879999999992394,0.9968317401167194
3.188999999999237,0.9968211104926836
3.189999999999235,0.9968105006171489
3.1909999999992325,0.9967999446778397
3.19199999999923,0.9967894752213798
3.192999999999228,0.9967791203060301
3.1939999999992255,0.9967689012651249
3.194999999999223,0.9967588312505001
3.195999999999221,0.9967489146499532
3.1969999999992185,0.9967391473734218
3.197999999999216,0.9967295179264007
3.198999999999214,0.9967200091179768
3.1999999999992115,0.9967106001983803
3.200999999999209,0.9967012691961682
3.201999999999207,0.9966919952191092
3.2029999999992045,0.9966827605013859
3.203999999999202,0.9966735520205527
3.2049999999992,0.9966643625562386
3.2059999999991975,0.9966551911279138
3.206999999999195,0.996646042809102
3.207999999999193,0.9966369279767693
3.2089999999991905,0.9966278611038377
3.209999999999188,0.9966188592393166
3.210999999999186,0.9966099403408555
3.2119999999991835,0.9966011216283142
3.212999999999181,0.9965924181131792
3.213999999999179,0.9965838414330392
3.2149999999991765,0.9965753990816321
3.215999999999174,0.9965670940824787
3.216999999999172,0.9965589251079479
3.2179999999991695,0.996550887003448
3.218999999999167,0.996542971640245
3.219999999999165,0.9965351689941522
3.2209999999991625,0.9965274683324155
3.22199999999916,0.9965198593887283
3.222999999999158,0.9965123334150245
3.2239999999991555,0.9965048840180983
3.224999999999153,0.9964975077153466
3.225999999999151,0.9964902041752888
3.2269999999991485,0.9964829761406729
3.227999999999146,0.9964758290624863
3.228999999999144,0.9964687704988311
3.2299999999991416,0.9964618093515618
3.2309999999991392,0.9964549550241778
3.231999999999137,0.9964482165865471
3.2329999999991346,0.9964416020256353
3.2339999999991322,0.9964351176480428
3.23499999999913,0.9964287676812198
3.2359999999991276,0.9964225540981598
3.2369999999991252,0.9964164766673603
3.237999999999123,0.9964105332081646
3.2389999999991206,0.9964047200132957
3.2399999999991183,0.9963990323869599
3.240999999999116,0.9963934652392973
3.2419999999991136,0.9963880136765555
3.2429999999991113,0.996382673530846
3.243999999999109,0.9963774417829331
3.2449999999991066,0.9963723168448899
3.2459999999991043,0.9963672986851216
3.246999999999102,0.9963623887945668
3.2479999999990996,0.9963575900081797
3.2489999999990973,0.9963529062087121
3.249999999999095,0.9963483419492692
3.2509999999990926,0.9963439020363936
3.2519999999990903,0.9963395911163809
3.252999999999088,0.9963354133042553
3.2539999999990856,0.9963313718880319
3.2549999999990833,0.9963274691313775
3.255999999999081,0.9963237061867306
3.2569999999990786,0.9963200831194403
3.2579999999990763,0.996316599032768
3.258999999999074,0.9963132522745902
3.2599999999990716,0.9963100407000832
3.2609999999990693,0.9963069619611149
3.261999999999067,0.9963040137925432
3.2629999999990646,0.9963011942680458
3.2639999999990623,0.9962985020030073
3.26499999999906,0.9962959362887253
3.2659999999990577,0.9962934971499802
3.2669999999990553,0.9962911853260179
3.267999999999053,0.9962890021824307
3.2689999999990507,0.9962869495675722
3.2699999999990483,0.9962850296315531
3.270999999999046,0.996283244628185
3.2719999999990437,0.9962815967203705
3.2729999999990413,0.9962800878076177
3.273999999999039,0.9962787193907626
3.2749999999990367,0.9962774924842445
3.2759999999990344,0.9962764075808176
3.276999999999032,0.9962754646680817
3.2779999999990297,0.9962746632911471
3.2789999999990274,0.9962740026516783
3.279999999999025,0.9962734817306862
3.2809999999990227,0.9962730994211073
3.2819999999990204,0.9962728546563144
3.282999999999018,0.9962727465221991
3.2839999999990157,0.9962727743430873
3.2849999999990134,0.9962729377351227
3.285999999999011,0.996273236624529
3.2869999999990087,0.9962736712318826
3.2879999999990064,0.9962742420268528
3.288999999999004,0.9962749496604829
3.2899999999990017,0.9962757948837682
3.2909999999989994,0.9962767784619537
3.291999999998997,0.9962779010936169
3.2929999999989947,0.9962791633423468
3.2939999999989924,0.9962805655868687
3.29499999999899,0.9962821079930695
3.2959999999989877,0.9962837905087819
3.2969999999989854,0.9962856128797695
3.297999999998983,0.9962875746832425
3.2989999999989807,0.9962896753737222
3.2999999999989784,0.996291914335214
3.300999999998976,0.9962942909335081
3.3019999999989738,0.9962968045629882
3.3029999999989714,0.9962994546833994
3.303999999998969,0.9963022408435572
3.3049999999989668,0.9963051626906883
3.3059999999989644,0.9963082199658118
3.306999999998962,0.9963114124871129
3.3079999999989598,0.9963147401244352
3.3089999999989574,0.9963182027687895
3.309999999998955,0.9963218003009947
3.310999999998953,0.9963255325633202
3.3119999999989505,0.9963293993373122
3.312999999998948,0.9963334003299856
3.313999999998946,0.9963375351693483
3.3149999999989435,0.9963418034090141
3.315999999998941,0.9963462045405206
3.316999999998939,0.9963507380111045
3.3179999999989365,0.9963554032441113
3.318999999998934,0.996360199659069
3.319999999998932,0.996365126688632
3.3209999999989295,0.9963701837901601
3.321999999998927,0.9963753704505107
3.322999999998925,0.9963806861835396
3.3239999999989225,0.9963861305208394
3.32499999999892,0.9963917029970969
3.325999999998918,0.9963974031321613
3.3269999999989155,0.9964032304123486
3.327999999998913,0.9964091842735702
3.328999999998911,0.996415264088676
3.3299999999989085,0.9964214691608588
3.330999999998906,0.9964277987241965
3.331999999998904,0.9964342519515378
3.3329999999989015,0.9964408279690046
3.333999999998899,0.9964475258755271
3.334999999998897,0.9964543447651979
3.3359999999988945,0.9964612837498069
3.336999999998892,0.9964683419788406
3.33799999999889,0.9964755186544537
3.3389999999988875,0.9964828130394441
3.339999999998885,0.9964902244570379
3.340999999998883,0.9964977522821842
3.3419999999988805,0.9965053959250605
3.342999999998878,0.9965131548083539
3.343999999998876,0.9965210283406719
3.3449999999988735,0.996529015888906
3.345999999998871,0.9965371167525808
3.346999999998869,0.9965453301430601
3.3479999999988665,0.9965536551700677
3.348999999998864,0.9965620908371859
3.349999999998862,0.9965706360471175
3.3509999999988596,0.9965792896164348
3.3519999999988572,0.9965880502985217
3.352999999998855,0.9965969168125219
3.3539999999988526,0.9966058878754102
3.3549999999988502,0.9966149622339171
3.355999999998848,0.9966241386929976
3.3569999999988456,0.9966334161378054
3.3579999999988432,0.996642793546781
3.358999999998841,0.9966522699943304
3.3599999999988386,0.9966618446426264
3.3609999999988363,0.9966715167231724
3.361999999998834,0.996681285509848
3.3629999999988316,0.9966911502860509
3.3639999999988293,0.9967011103091938
3.364999999998827,0.9967111647761374
3.3659999999988246,0.9967213127930893
3.3669999999988223,0.9967315533531014
3.36799999999882,0.9967418853235602
3.3689999999988176,0.996752307445086
3.3699999999988153,0.9967628183421154
3.370999999998813,0.9967734165442715
3.3719999999988106,0.9967841005165251
3.3729999999988083,0.9967948686952379
3.373999999998806,0.9968057195265736
3.3749999999988036,0.9968166515034685
3.3759999999988013,0.996827663197481
3.376999999998799,0.9968387532823024
3.3779999999987966,0.996849920546533
3.3789999999987943,0.9968611638943596
3.379999999998792,0.9968724823339918
3.3809999999987896,0.9968838749549018
3.3819999999987873,0.9968953408960737
3.382999999998785,0.9969068793083359
3.3839999999987826,0.9969184893144927
3.3849999999987803,0.9969301699711983
3.385999999998778,0.9969419202363733
3.3869999999987757,0.9969537389454314
3.3879999999987733,0.9969656247987347
3.388999999998771,0.9969775763616014
3.3899999999987687,0.9969895920769534
3.3909999999987663,0.9970016702894272
3.391999999998764,0.9970138092786621
3.3929999999987617,0.9970260072985473
3.3939999999987593,0.9970382626185994
3.394999999998757,0.9970505735634315
3.3959999999987547,0.9970629385464439
3.3969999999987524,0.9970753560944153
3.39799999999875,0.9970878248605597
3.3989999999987477,0.9971003436247443
3.3999999999987454,0.9971129112808222
3.400999999998743,0.9971255268122969
3.4019999999987407,0.9971381892586868
3.4029999999987384,0.9971508976758863
3.403999999998736,0.9971636510944033
3.4049999999987337,0.9971764484795838
3.4059999999987314,0.9971892886977377
3.406999999998729,0.9972021704915274
3.4079999999987267,0.9972150924670466
3.4089999999987244,0.9972280530939107
3.409999999998722,0.9972410507183793
3.4109999999987197,0.9972540835882779
3.4119999999987174,0.997267149887303
3.412999999998715,0.9972802477753889
3.4139999999987127,0.997293375431215
3.4149999999987104,0.9973065310927147
3.415999999998708,0.99731971309164
3.4169999999987057,0.9973329198788118
3.4179999999987034,0.9973461500375921
3.418999999998701,0.9973594022842904
3.4199999999986987,0.997372675455445
3.4209999999986964,0.9973859684832466
3.421999999998694,0.9973992803615267
3.4229999999986918,0.9974126101056272
3.4239999999986894,0.9974259567100957
3.424999999998687,0.9974393191083724
3.4259999999986848,0.9974526961383849
3.4269999999986824,0.9974660865174709
3.42799999999868,0.99747948882906
3.4289999999986778,0.9974929015224528
3.4299999999986754,0.9975063229257205
3.430999999998673,0.997519751270488
3.431999999998671,0.9975331847261912
3.4329999999986685,0.9975466214404712
3.433999999998666,0.997560059581791
3.434999999998664,0.9975734973801188
3.4359999999986615,0.9975869331617311
3.436999999998659,0.9976003653747578
3.437999999998657,0.9976137926029988
3.4389999999986545,0.997627213566693
3.439999999998652,0.9976406271101886
3.44099999999865,0.9976540321777503
3.4419999999986475,0.9976674277798879
3.442999999998645,0.9976808129535225
3.443999999998643,0.9976941867198978
3.4449999999986405,0.9977075480443607
3.445999999998638,0.9977208958019558
3.446999999998636,0.9977342287521962
3.4479999999986335,0.9977475455254743
3.448999999998631,0.9977608446224483
3.449999999998629,0.9977741244264589
3.4509999999986265,0.9977873832277632
3.451999999998624,0.9978006192572203
3.452999999998622,0.9978138307261489
3.4539999999986195,0.9978270158684726
3.454999999998617,0.9978401729810514
3.455999999998615,0.9978533004582832
3.4569999999986125,0.9978663968176291
3.45799999999861,0.9978794607135957
3.458999999998608,0.9978924909388476
3.4599999999986055,0.9979054864123802
3.460999999998603,0.9979184461559433
3.461999999998601,0.9979313692610573
3.4629999999985985,0.9979442548498606
3.463999999998596,0.9979571020336545
3.464999999998594,0.9979699098731951
3.4659999999985915,0.9979826773446284
3.466999999998589,0.9979954033143935
3.467999999998587,0.998008086525546
3.4689999999985845,0.9980207255968141
3.469999999998582,0.9980333190344987
3.47099999999858,0.9980458652560071
3.4719999999985776,0.9980583626227493
3.4729999999985752,0.9980708094791528
3.473999999998573,0.9980832041940113
3.4749999999985706,0.9980955452001233
3.4759999999985682,0.9981078310283844
3.476999999998566,0.9981200603330113
3.4779999999985636,0.9981322319054865
3.4789999999985612,0.9981443446758933
3.479999999998559,0.9981563977015505
3.4809999999985566,0.9981683901441036
3.4819999999985543,0.9981803212373542
3.482999999998552,0.9981921902489819
3.4839999999985496,0.9982039964399627
3.4849999999985473,0.9982157390256289
3.485999999998545,0.9982274171422038
3.4869999999985426,0.9982390298220735
3.4879999999985403,0.9982505759802034
3.488999999998538,0.9982620544130177
3.4899999999985356,0.9982734638098181
3.4909999999985333,0.99828480277563
3.491999999998531,0.9982960698632063
3.4929999999985286,0.9983072636110694
3.4939999999985263,0.9983183825838626
3.494999999998524,0.9983294254110747
3.4959999999985216,0.9983403908203732
3.4969999999985193,0.9983512776623086
3.497999999998517,0.9983620849240178
3.4989999999985146,0.9983728117306205
3.4999999999985123,0.9983834573342181
3.50099999999851,0.9983940210916105
3.5019999999985076,0.9984045024329611
3.5029999999985053,0.9984149008244896
3.503999999998503,0.9984252157288875
3.5049999999985006,0.9984354465673214
3.5059999999984983,0.9984455926867604
3.506999999998496,0.9984556533358128
3.5079999999984937,0.9984656276514173
3.5089999999984913,0.9984755146576728
3.509999999998489,0.9984853132769022
3.5109999999984867,0.9984950223518329
3.5119999999984843,0.9985046406767142
3.512999999998482,0.9985141670343093
3.5139999999984797,0.9985236002351332
3.5149999999984773,0.9985329391551081
3.515999999998475,0.9985421827679596
3.5169999999984727,0.9985513301692134
3.5179999999984704,0.9985603805894742
3.518999999998468,0.9985693333957327
3.5199999999984657,0.9985781880806064
3.5209999999984634,0.9985869442406147
3.521999999998461,0.9985956015456602
3.5229999999984587,0.9986041597027174
3.5239999999984564,0.9986126184173292
3.524999999998454,0.998620977356672
3.5259999999984517,0.9986292361178187
3.5269999999984494,0.9986373942042904
3.527999999998447,0.9986454510131733
3.5289999999984447,0.9986534058340415
3.5299999999984424,0.9986612578597522
3.53099999999844,0.9986690062080419
3.5319999999984377,0.9986766499517621
3.5329999999984354,0.9986841881547952
3.533999999998433,0.9986916199101112
3.5349999999984307,0.99869894437624
3.5359999999984284,0.9987061608086015
3.536999999998426,0.998713268582648
3.5379999999984237,0.998720267206573
3.5389999999984214,0.9987271563223952
3.539999999998419,0.9987339356953355
3.5409999999984167,0.9987406051925825
3.5419999999984144,0.9987471647535484
3.542999999998412,0.9987536143545713
3.5439999999984098,0.9987599539715346
3.5449999999984074,0.9987661835440735
3.545999999998405,0.9987723029448763
3.5469999999984028,0.9987783119570686
3.5479999999984004,0.998784210261876
3.548999999998398,0.9987899974377388
3.5499999999983958,0.9987956729709374
3.5509999999983934,0.9988012362766446
3.551999999998391,0.9988066867283192
3.552999999998389,0.9988120236925282
3.5539999999983864,0.9988172465657754
3.554999999998384,0.9988223548097263
3.555999999998382,0.998827347981377
3.5569999999983795,0.9988322257552309
3.557999999998377,0.9988369879353431
3.558999999998375,0.9988416344560771
3.5599999999983725,0.9988461653715465
3.56099999999837,0.9988505808348027
3.561999999998368,0.9988548810688542
3.5629999999983655,0.9988590663323694
3.563999999998363,0.998863136883456
3.564999999998361,0.9988670929450579
3.5659999999983585,0.9988709346753681
3.566999999998356,0.998874662146123
3.567999999998354,0.9988782753308852
3.5689999999983515,0.9988817741044344
3.569999999998349,0.99888515825327
3.570999999998347,0.9988884274961738
3.5719999999983445,0.9988915815127657
3.572999999998342,0.9988946199772397
3.57399999999834,0.9988975425939369
3.5749999999983375,0.9989003491312731
3.575999999998335,0.9989030394506943
3.576999999998333,0.9989056135278336
3.5779999999983305,0.9989080714638156
3.578999999998328,0.9989104134856455
3.579999999998326,0.9989126399356519
3.5809999999983235,0.9989147512510881
3.581999999998321,0.9989167479358844
3.582999999998319,0.9989186305273653
3.5839999999983165,0.9989203995612059
3.584999999998314,0.9989220555380544
3.585999999998312,0.9989235988950883
3.5869999999983095,0.9989250299852686
3.587999999998307,0.9989263490662893
3.588999999998305,0.9989275563002693
3.5899999999983025,0.9989286517641769
3.5909999999983,0.9989296354699064
3.591999999998298,0.9989305073920149
3.5929999999982956,0.9989312675003595
3.5939999999982932,0.9989319157944059
3.594999999998291,0.9989324523358435
3.5959999999982886,0.9989328772763056
3.5969999999982862,0.9989331908774735
3.597999999998284,0.9989333935216388
3.5989999999982816,0.9989334857116923
3.5999999999982792,0.9989334680605849
3.600999999998277,0.9989333412713159
3.6019999999982746,0.9989331061094434
3.6029999999982723,0.9989327633708236
3.60399999999827,0.998932313847752
3.6049999999982676,0.9989317582968327
3.6059999999982653,0.9989310974116913
3.606999999998263,0.9989303318032001
3.6079999999982606,0.998929461989098
3.6089999999982583,0.9989284883939938
3.609999999998256,0.9989274113596988
3.6109999999982536,0.9989262311648243
3.6119999999982513,0.9989249480516823
3.612999999998249,0.9989235622578264
3.6139999999982466,0.9989220740490895
3.6149999999982443,0.9989204837508888
3.615999999998242,0.9989187917747133
3.6169999999982396,0.9989169986372056
3.6179999999982373,0.9989151049699849
3.618999999998235,0.9989131115192774
3.6199999999982326,0.9989110191354085
3.6209999999982303,0.9989088287532251
3.621999999998228,0.9989065413653738
3.6229999999982256,0.9989041579910866
3.6239999999982233,0.9989016796435289
3.624999999998221,0.9988991072989029
3.6259999999982186,0.9988964418703217
3.6269999999982163,0.9988936841889783
3.627999999998214,0.9988908349944171
3.6289999999982117,0.9988878949348151
3.6299999999982093,0.9988848645771917
3.630999999998207,0.9988817444265008
3.6319999999982047,0.9988785349516802
3.6329999999982023,0.9988752366160782
3.6339999999982,0.9988718499092308
3.6349999999981977,0.9988683753768747
3.6359999999981953,0.998864813646237
3.636999999998193,0.9988611654441357
3.6379999999981907,0.9988574316061297
3.6389999999981884,0.9988536130758406
3.639999999998186,0.9988497108945448
3.6409999999981837,0.9988457261820749
3.6419999999981814,0.9988416601109199
3.642999999998179,0.9988375138760807
3.6439999999981767,0.998833288663629
3.6449999999981744,0.9988289856210449
3.645999999998172,0.9988246058322179
3.6469999999981697,0.9988201502995245
3.6479999999981674,0.9988156199346953
3.648999999998165,0.9988110155593147
3.6499999999981627,0.9988063379148614
3.6509999999981604,0.9988015876812388
3.651999999998158,0.9987967655019476
3.6529999999981557,0.9987918720133835
3.6539999999981534,0.9987869078753658
3.654999999998151,0.9987818737998885
3.6559999999981487,0.9987767705752726
3.6569999999981464,0.9987715990833503
3.657999999998144,0.998766360308026
3.6589999999981417,0.998761055334385
3.6599999999981394,0.9987556853384589
3.660999999998137,0.9987502515686916
3.6619999999981347,0.9987447553209117
3.6629999999981324,0.9987391979092881
3.66399999999813,0.9987335806361155
3.6649999999981278,0.9987279047633655
3.6659999999981254,0.9987221714887712
3.666999999998123,0.9987163819287534
3.6679999999981208,0.9987105371098081
3.6689999999981184,0.9987046379691493
3.669999999998116,0.9986986853645042
3.6709999999981138,0.9986926800920282
3.6719999999981114,0.9986866229105473
3.672999999998109,0.9986805145697273
3.673999999998107,0.9986743558393592
3.6749999999981044,0.9986681475368953
3.675999999998102,0.9986618905505257
3.6769999999981,0.9986555858555499
3.6779999999980975,0.998649234522438
3.678999999998095,0.9986428377158382
3.679999999998093,0.998636396684625
3.6809999999980905,0.9986299127440013
3.681999999998088,0.9986233872514145
3.682999999998086,0.9986168215786542
3.6839999999980835,0.9986102170828608
3.684999999998081,0.9986035750792681
3.685999999998079,0.9985968968183205
3.6869999999980765,0.9985901834693685
3.687999999998074,0.9985834361124891
3.688999999998072,0.9985766557391899
3.6899999999980695,0.9985698432618584
3.690999999998067,0.9985629995310001
3.691999999998065,0.9985561253585122
3.6929999999980625,0.9985492215446973
3.69399999999806,0.9985422889063282
3.694999999998058,0.9985353283030204
3.6959999999980555,0.9985283406593137
3.696999999998053,0.998521326980319
3.697999999998051,0.9985142883594084
3.6989999999980485,0.9985072259772274
3.699999999998046,0.9985001410921357
3.700999999998044,0.9984930350230441
3.7019999999980415,0.9984859091263375
3.702999999998039,0.9984787647691443
3.703999999998037,0.9984716033015792
3.7049999999980345,0.9984644260306381
3.705999999998032,0.9984572341982878
3.70699999999803,0.9984500289658534
3.7079999999980275,0.9984428114061762
3.708999999998025,0.9984355825042671
3.709999999998023,0.9984283431663442
3.7109999999980205,0.9984210942362985
3.711999999998018,0.9984138365179692
3.712999999998016,0.9984065708009761
3.7139999999980136,0.9983992978875967
3.7149999999980112,0.9983920186180149
3.715999999998009,0.9983847338914961
3.7169999999980066,0.9983774446814161
3.7179999999980042,0.9983701520426876
3.718999999998002,0.9983628571108998
3.7199999999979996,0.9983555610932594
3.7209999999979972,0.9983482652522496
3.721999999997995,0.9983409708836216
3.7229999999979926,0.9983336792908725
3.7239999999979903,0.9983263917587102
3.724999999997988,0.9983191095280717
3.7259999999979856,0.99831183377512
3.7269999999979833,0.9983045655962333
3.727999999997981,0.9982973060004087
3.7289999999979786,0.9982900559097684
3.7299999999979763,0.998282816168086
3.730999999997974,0.9982755875564326
3.7319999999979716,0.9982683708143829
3.7329999999979693,0.9982611666646865
3.733999999997967,0.9982539758389504
3.7349999999979646,0.9982467991018387
3.7359999999979623,0.9982396372714107
3.73699999999796,0.9982324912336304
3.7379999999979576,0.9982253619496515
3.7389999999979553,0.9982182504551832
3.739999999997953,0.9982111578520309
3.7409999999979506,0.9982040852926626
3.7419999999979483,0.9981970339593226
3.742999999997946,0.998190005039735
3.7439999999979436,0.998182999701787
3.7449999999979413,0.9981760190696308
3.745999999997939,0.998169064203519
3.7469999999979366,0.9981621360853183
3.7479999999979343,0.9981552356110609
3.748999999997932,0.9981483635912191
3.7499999999979297,0.9981415207586376
3.7509999999979273,0.9981347077832934
3.751999999997925,0.9981279252924146
3.7529999999979227,0.9981211738939576
3.7539999999979203,0.9981144542011452
3.754999999997918,0.9981077668556514
3.7559999999979157,0.9981011125471879
3.7569999999979133,0.998094492027582
3.757999999997911,0.9980879061180123
3.7589999999979087,0.9980813557087027
3.7599999999979064,0.9980748417511485
3.760999999997904,0.9980683652436527
3.7619999999979017,0.9980619272115988
3.7629999999978994,0.9980555286844005
3.763999999997897,0.998049170671384
3.7649999999978947,0.9980428541389275
3.7659999999978924,0.9980365799910803
3.76699999999789,0.9980303490555198
3.7679999999978877,0.9980241620761734
3.7689999999978854,0.9980180197131763
3.769999999997883,0.9980119225501523
3.7709999999978807,0.9980058711080305
3.7719999999978784,0.9979998658640509
3.772999999997876,0.9979939072740582
3.7739999999978737,0.997987995795907
3.7749999999978714,0.9979821319116924
3.775999999997869,0.9979763161466421
3.7769999999978667,0.99797054908285
3.7779999999978644,0.9979648313665334
3.778999999997862,0.9979591637081396
3.7799999999978597,0.9979535468753201
3.7809999999978574,0.9979479816794757
3.781999999997855,0.9979424689572256
3.7829999999978527,0.9979370095485954
3.7839999999978504,0.9979316042740765
3.784999999997848,0.9979262539127652
3.7859999999978458,0.9979209591837047
3.7869999999978434,0.9979157207322206
3.787999999997841,0.9979105391225438
3.7889999999978388,0.9979054148373949
3.7899999999978364,0.9979003482845514
3.790999999997834,0.9978953398097036
3.7919999999978318,0.9978903897143218
3.7929999999978294,0.997885498276777
3.793999999997827,0.9978806657746474
3.794999999997825,0.9978758925060306
3.7959999999978224,0.9978711788078017
3.79699999999782,0.9978665250690614
3.797999999997818,0.9978619317384808
3.7989999999978155,0.9978573993248704
3.799999999997813,0.9978529283909374
3.800999999997811,0.9978485195408819
3.8019999999978085,0.9978441734030521
3.802999999997806,0.9978398906093678
3.803999999997804,0.997835671773526
3.8049999999978015,0.9978315174700972
3.805999999997799,0.9978274282165401
3.806999999997797,0.9978234044598633
3.8079999999977945,0.9978194465691906
3.808999999997792,0.9978155548349413
3.80999999999779,0.9978117294746468
3.8109999999977875,0.997807970644823
3.811999999997785,0.9978042784577092
3.812999999997783,0.9978006530012327
3.8139999999977805,0.9977970943602367
3.814999999997778,0.9977936026369191
3.815999999997776,0.9977901779685049
3.8169999999977735,0.9977868205404414
3.817999999997771,0.9977835305938803
3.818999999997769,0.9977803084267338
3.8199999999977665,0.997777154388237
3.820999999997764,0.9977740688675896
3.821999999997762,0.9977710522777941
3.8229999999977595,0.9977681050362882
3.823999999997757,0.9977652275442608
3.824999999997755,0.9977624201666648
3.8259999999977525,0.9977596832148631
3.82699999999775,0.9977570169335715
3.827999999997748,0.9977544214933496
3.8289999999977455,0.9977518969893279
3.829999999997743,0.9977494434462864
3.830999999997741,0.9977470608295367
3.8319999999977385,0.9977447490605488
3.832999999997736,0.997742508035778
3.833999999997734,0.9977403376468531
3.8349999999977316,0.9977382378001765
3.8359999999977292,0.997736208434034
3.836999999997727,0.9977342495315763
3.8379999999977246,0.9977323611284434
3.8389999999977222,0.9977305433143199
3.83999999999772,0.9977287962282956
3.8409999999977176,0.9977271200485379
3.8419999999977152,0.9977255149772792
3.842999999997713,0.9977239812226201
3.8439999999977106,0.9977225189789234
3.8449999999977083,0.9977211284077019
3.845999999997706,0.9977198096208595
3.8469999999977036,0.9977185626678987
3.8479999999977013,0.9977173875283043
3.848999999997699,0.9977162841098381
3.8499999999976966,0.9977152522528664
3.8509999999976943,0.9977142917402881
3.851999999997692,0.9977134023120714
3.8529999999976896,0.9977125836829775
3.8539999999976873,0.9977118355617443
3.854999999997685,0.997711157669868
3.8559999999976826,0.9977105497581804
3.8569999999976803,0.9977100116196209
3.857999999997678,0.9977095430970063
3.8589999999976756,0.9977091440850613
3.8599999999976733,0.9977088145265569
3.860999999997671,0.9977085544029668
3.8619999999976686,0.9977083637205659
3.8629999999976663,0.997708242493359
3.863999999997664,0.997708190724507
3.8649999999976616,0.9977082083880559
3.8659999999976593,0.9977082954127483
3.866999999997657,0.997708451669474
3.8679999999976546,0.9977086769635706
3.8689999999976523,0.997708971032677
3.86999999999765,0.9977093335503623
3.8709999999976477,0.9977097641351199
3.8719999999976453,0.9977102623638613
3.872999999997643,0.9977108277885794
3.8739999999976407,0.9977114599545562
3.8749999999976383,0.997712158418356
3.875999999997636,0.9977129227638781
3.8769999999976337,0.9977137526149158
3.8779999999976313,0.9977146476430433
3.878999999997629,0.9977156075700985
3.8799999999976267,0.9977166321650404
3.8809999999976244,0.9977177212355396
3.881999999997622,0.9977188746151333
3.8829999999976197,0.9977200921472181
3.8839999999976174,0.9977213736674703
3.884999999997615,0.9977227189863793
3.8859999999976127,0.9977241278736116
3.8869999999976104,0.9977256000457186
3.887999999997608,0.997727135158348
3.8889999999976057,0.9977287328037185
3.8899999999976034,0.9977303925135711
3.890999999997601,0.9977321137672979
3.8919999999975987,0.9977338960044365
3.8929999999975964,0.9977357386403222
3.893999999997594,0.9977376410833528
3.8949999999975917,0.9977396027522196
3.8959999999975894,0.9977416230914298
3.896999999997587,0.9977437015836392
3.8979999999975847,0.9977458377576243
3.8989999999975824,0.9977480311911564
3.89999999999758,0.9977502815085204
3.9009999999975777,0.9977525883729707
3.9019999999975754,0.9977549514748701
3.902999999997573,0.9977573705167009
3.9039999999975707,0.9977598451964135
3.9049999999975684,0.9977623751907462
3.905999999997566,0.9977649601401372
3.9069999999975638,0.9977675996366876
3.9079999999975614,0.9977702932163318
3.908999999997559,0.9977730403559685
3.9099999999975568,0.9977758404758056
3.9109999999975544,0.9977786929466751
3.911999999997552,0.9977815971015978
3.9129999999975498,0.9977845522504697
3.9139999999975474,0.9977875576964295
3.914999999997545,0.997790612752337
3.915999999997543,0.9977937167557637
3.9169999999975404,0.9977968690810685
3.917999999997538,0.9978000691474092
3.918999999997536,0.9978033164219412
3.9199999999975335,0.9978066104179294
3.920999999997531,0.9978099506879845
3.921999999997529,0.9978133368131168
3.9229999999975265,0.9978167683886896
3.923999999997524,0.9978202450086645
3.924999999997522,0.9978237662496767
3.9259999999975195,0.9978273316564849
3.926999999997517,0.9978309407302209
3.927999999997515,0.9978345929205623
3.9289999999975125,0.9978382876225714
3.92999999999751,0.9978420241785048
3.930999999997508,0.9978458018843936
3.9319999999975055,0.9978496200007391
3.932999999997503,0.9978534777662929
3.933999999997501,0.9978573744135614
3.9349999999974985,0.9978613091845465
3.935999999997496,0.9978652813451939
3.936999999997494,0.9978692901971812
3.9379999999974915,0.9978733350859087
3.938999999997489,0.9978774154039528
3.939999999997487,0.9978815305896813
3.9409999999974845,0.9978856801211948
3.941999999997482,0.9978898635062078
3.94299999999748,0.9978940802688852
3.9439999999974775,0.9978983299349379
3.944999999997475,0.9979026120164227
3.945999999997473,0.9979069259977441
3.9469999999974705,0.9979112713242142
3.947999999997468,0.9979156473942699
3.948999999997466,0.9979200535561011
3.9499999999974635,0.9979244891089947
3.950999999997461,0.9979289533092509
3.951999999997459,0.997933445380096
3.9529999999974565,0.997937964524601
3.953999999997454,0.9979425099403656
3.954999999997452,0.9979470808345314
3.9559999999974496,0.997951676437681
3.9569999999974472,0.99795629601529
3.957999999997445,0.9979609388756414
3.9589999999974426,0.9979656043734576
3.9599999999974402,0.9979702919089289
3.960999999997438,0.997975000922271
3.9619999999974356,0.997979730884358
3.9629999999974332,0.9979844812843762
3.963999999997431,0.9979892516157159
3.9649999999974286,0.997994041361485
3.9659999999974263,0.9979988499810658
3.966999999997424,0.9980036768990204
3.9679999999974216,0.9980085214974057
3.9689999999974193,0.9980133831122568
3.969999999997417,0.9980182610345484
3.9709999999974146,0.998023154515533
3.9719999999974123,0.9980280627759316
3.97299999999741,0.9980329850180617
3.9739999999974076,0.9980379204397286
3.9749999999974053,0.9980428682485265
3.975999999997403,0.99804782767517
3.9769999999974006,0.9980527979845706
3.9779999999973983,0.9980577784836122
3.978999999997396,0.9980627685248811
3.9799999999973936,0.9980677675060268
3.9809999999973913,0.9980727748648418
3.981999999997389,0.9980777900705683
3.9829999999973866,0.9980828126123038
3.9839999999973843,0.9980878419856501
3.984999999997382,0.9980928776789206
3.9859999999973796,0.9980979191602625
3.9869999999973773,0.998102965866931
3.987999999997375,0.9981080171977758
3.9889999999973726,0.9981130725096352
3.9899999999973703,0.9981181311180038
3.990999999997368,0.9981231923018675
3.9919999999973657,0.9981282553122451
3.9929999999973633,0.9981333193835836
3.993999999997361,0.9981383837468887
3.9949999999973587,0.9981434476433242
3.9959999999973563,0.9981485103369657
3.996999999997354,0.9981535711254608
3.9979999999973517,0.9981586293475982
3.9989999999973493,0.9981636843870656
3.999999999997347,0.9981687356720521
4.000999999997345,0.9981737826707722
4.001999999997342,0.998178824883368
4.00299999999734,0.9981838618310024
4.003999999997338,0.9981888930432268
4.004999999997335,0.9981939180448673
4.005999999997333,0.9981989363437154
4.006999999997331,0.9982039474202175
4.007999999997328,0.9982089507201671
4.008999999997326,0.9982139456510983
4.009999999997324,0.9982189315827205
4.010999999997321,0.9982239078513349
4.011999999997319,0.9982288737677937
4.012999999997317,0.998233828628211
4.013999999997314,0.9982387717263761
4.014999999997312,0.9982437023666589
4.01599999999731,0.9982486198761625
4.016999999997307,0.9982535236149372
4.017999999997305,0.9982584129832859
4.018999999997303,0.998263287425477
4.0199999999973,0.9982681464295114
4.020999999997298,0.9982729895230104
4.021999999997296,0.9982778162656395
4.022999999997293,0.9982826262388367
4.023999999997291,0.9982874190338608
4.024999999997289,0.9982921942393385
4.025999999997286,0.9982969514295336
4.026999999997284,0.9983016901544833
4.027999999997282,0.9983064099329442
4.028999999997279,0.9983111102488471
4.029999999997277,0.9983157905515729
4.030999999997275,0.9983204502600187
4.031999999997272,0.9983250887700376
4.03299999999727,0.9983297054645165
4.033999999997268,0.9983342997251007
4.034999999997265,0.9983388709444186
4.035999999997263,0.9983434185376237
4.036999999997261,0.9983479419521226
4.0379999999972584,0.9983524406745731
4.038999999997256,0.998356914234479
4.039999999997254,0.9983613622040609
4.0409999999972515,0.9983657841944295
4.041999999997249,0.9983701798484736
4.042999999997247,0.9983745488311667
4.0439999999972445,0.998378890818261
4.044999999997242,0.9983832054844848
4.04599999999724,0.9983874924923958
4.0469999999972375,0.9983917514829848
4.047999999997235,0.9983959820689295
4.048999999997233,0.998400183831158
4.0499999999972305,0.9984043563190342
4.050999999997228,0.9984084990541282
4.051999999997226,0.9984126115371995
4.0529999999972235,0.9984166932576872
4.053999999997221,0.9984207437047741
4.054999999997219,0.9984247623789401
4.0559999999972165,0.9984287488028835
4.056999999997214,0.9984327025307425
4.057999999997212,0.9984366231547366
4.0589999999972095,0.998440510308594
4.059999999997207,0.9984443636674573
4.060999999997205,0.9984481829442907
4.0619999999972025,0.9984519678831689
4.0629999999972,0.9984557182501205
4.063999999997198,0.9984594338224366
4.0649999999971955,0.9984631143775052
4.065999999997193,0.9984667596822486
4.066999999997191,0.9984703694842197
4.0679999999971885,0.9984739435051986
4.068999999997186,0.9984774814379123
4.069999999997184,0.9984809829461753
4.0709999999971815,0.9984844476684325
4.071999999997179,0.9984878752243244
4.072999999997177,0.9984912652236289
4.0739999999971745,0.9984946172766943
4.074999999997172,0.9984979310053366
4.07599999999717,0.9985012060531296
4.076999999997168,0.9985044420941028
4.077999999997165,0.9985076388389913
4.078999999997163,0.9985107960384544
4.079999999997161,0.9985139134829649
4.080999999997158,0.9985169909993995
4.081999999997156,0.9985200284446832
4.082999999997154,0.9985230256971305
4.083999999997151,0.9985259826463453
4.084999999997149,0.9985288991826665
4.085999999997147,0.9985317751872067
4.086999999997144,0.9985346105234476
4.087999999997142,0.9985374050312079
4.08899999999714,0.9985401585235556
4.089999999997137,0.9985428707869523
4.090999999997135,0.9985455415846014
4.091999999997133,0.9985481706626416
4.09299999999713,0.9985507577585792
4.093999999997128,0.99855330261111
4.094999999997126,0.9985558049703693
4.095999999997123,0.9985582646075998
4.096999999997121,0.9985606813233046
4.097999999997119,0.9985630549530836
4.098999999997116,0.9985653853706183
4.099999999997114,0.9985676724874997
4.100999999997112,0.9985699162499656
4.101999999997109,0.9985721166328674
4.102999999997107,0.9985742736314741
4.103999999997105,0.9985763872519359
4.104999999997102,0.9985784575013409
4.1059999999971,0.9985804843783427
4.106999999997098,0.9985824678652693
4.107999999997095,0.9985844079224752
4.108999999997093,0.9985863044854778
4.109999999997091,0.9985881574651361
4.110999999997088,0.9985899667508368
4.111999999997086,0.9985917322163533
4.112999999997084,0.9985934537277867
4.113999999997081,0.9985951311528066
4.114999999997079,0.9985967643702637
4.115999999997077,0.9985983532792437
4.116999999997074,0.9985998978066694
4.117999999997072,0.9986013979127122
4.11899999999707,0.998602853593511
4.119999999997067,0.9986042648809333
4.120999999997065,0.9986056318394213
4.121999999997063,0.9986069545602516
4.12299999999706,0.9986082331537858
4.123999999997058,0.9986094677404778
4.124999999997056,0.9986106584415234
4.125999999997053,0.9986118053700767
4.126999999997051,0.9986129086238722
4.127999999997049,0.9986139682799772
4.128999999997046,0.9986149843921647
4.129999999997044,0.9986159569911455
4.130999999997042,0.9986168860876175
4.131999999997039,0.9986177716778109
4.132999999997037,0.998618613750973
4.133999999997035,0.9986194122980321
4.134999999997032,0.9986201673205998
4.13599999999703,0.9986208788394096
4.136999999997028,0.9986215469013736
4.137999999997025,0.9986221715845733
4.138999999997023,0.9986227530007019
4.139999999997021,0.9986232912947401
4.140999999997018,0.9986237866418959
4.141999999997016,0.9986242392421478
4.142999999997014,0.998624649312916
4.143999999997011,0.9986250170806052
4.144999999997009,0.9986253427718331
4.145999999997007,0.9986256266052266
4.146999999997004,0.998625868784558
4.147999999997002,0.9986260694938944
4.148999999997,0.9986262288952151
4.149999999996997,0.9986263471287096
4.150999999996995,0.9986264243157057
4.151999999996993,0.9986264605639182
4.15299999999699,0.9986264559744835
4.153999999996988,0.9986264106500828
4.154999999996986,0.9986263247033343
4.155999999996983,0.9986261982646372
4.156999999996981,0.998626031488695
4.157999999996979,0.9986258245590824
4.1589999999969764,0.9986255776904237
4.159999999996974,0.9986252911279687
4.160999999996972,0.9986249651446414
4.1619999999969695,0.9986246000358386
4.162999999996967,0.9986241961125256
4.163999999996965,0.9986237536932906
4.1649999999969625,0.9986232730961536
4.16599999999696,0.9986227546309199
4.166999999996958,0.99862219859283
4.1679999999969555,0.9986216052580967
4.168999999996953,0.9986209748817709
4.169999999996951,0.9986203076981042
4.1709999999969485,0.9986196039233565
4.171999999996946,0.9986188637607638
4.172999999996944,0.99861808740714
4.1739999999969415,0.9986172750604585
4.174999999996939,0.9986164269276665
4.175999999996937,0.9986155432319481
4.1769999999969345,0.9986146242187228
4.177999999996932,0.9986136701598167
4.17899999999693,0.998612681355373
4.1799999999969275,0.9986116581333517
4.180999999996925,0.9986106008466731
4.181999999996923,0.9986095098682886
4.1829999999969205,0.9986083855846812
4.183999999996918,0.998607228388437
4.184999999996916,0.9986060386706097
4.1859999999969135,0.9986048168136332
4.186999999996911,0.99860356318546
4.187999999996909,0.9986022781354871
4.1889999999969065,0.9986009619926455
4.189999999996904,0.9985996150658302
4.190999999996902,0.9985982376465942
4.1919999999968995,0.9985968300138246
4.192999999996897,0.9985953924399251
4.193999999996895,0.9985939251978778
4.1949999999968925,0.998592428568488
4.19599999999689,0.9985909028470838
4.196999999996888,0.9985893483490255
4.197999999996886,0.9985877654134833
4.198999999996883,0.9985861544051126
4.199999999996881,0.9985845157134884
4.200999999996879,0.9985828497503537
4.201999999996876,0.9985811569449681
4.202999999996874,0.9985794377380167
4.203999999996872,0.9985776925746853
4.204999999996869,0.9985759218975784
4.205999999996867,0.9985741261401702
4.206999999996865,0.9985723057214194
4.207999999996862,0.9985704610420584
4.20899999999686,0.9985685924829075
4.209999999996858,0.9985667004053496
4.210999999996855,0.9985647851539003
4.211999999996853,0.9985628470606025
4.212999999996851,0.99856088645079
4.213999999996848,0.9985589036496397
4.214999999996846,0.9985568989888638
4.215999999996844,0.9985548728128777
4.216999999996841,0.9985528254838308
4.217999999996839,0.9985507573850253
4.218999999996837,0.9985486689223831
4.219999999996834,0.9985465605238268
4.220999999996832,0.9985444326366576
4.22199999999683,0.998542285723185
4.222999999996827,0.9985401202550509
4.223999999996825,0.9985379367068027
4.224999999996823,0.9985357355493535
4.22599999999682,0.9985335172439571
4.226999999996818,0.9985312822372802
4.227999999996816,0.9985290309580355
4.228999999996813,0.9985267638154979
4.229999999996811,0.9985244812000107
4.230999999996809,0.9985221834854232
4.231999999996806,0.9985198710331954
4.232999999996804,0.9985175441977467
4.233999999996802,0.9985152033325125
4.234999999996799,0.9985128487961024
4.235999999996797,0.9985104809579518
4.236999999996795,0.9985081002029099
4.237999999996792,0.9985057069343254
4.23899999999679,0.9985033015753254
4.239999999996788,0.9985008845681799
4.240999999996785,0.998498456371822
4.241999999996783,0.9984960174577687
4.242999999996781,0.998493568304865
4.243999999996778,0.9984911093933582
4.244999999996776,0.9984886411988797
4.245999999996774,0.9984861641869338
4.246999999996771,0.9984836788084039
4.247999999996769,0.9984811854965108
4.248999999996767,0.9984786846654997
4.249999999996764,0.9984761767111718
4.250999999996762,0.9984736620131678
4.25199999999676,0.9984711409387791
4.252999999996757,0.998468613847888
4.253999999996755,0.9984660810985332
4.254999999996753,0.998463543052549
4.25599999999675,0.9984610000807327
4.256999999996748,0.9984584525670125
4.257999999996746,0.9984559009112313
4.258999999996743,0.9984533455302675
4.259999999996741,0.9984507868574032
4.260999999996739,0.9984482253400062
4.261999999996736,0.9984456614357651
4.262999999996734,0.9984430956078484
4.263999999996732,0.9984405283194766
4.264999999996729,0.998437960028422
4.265999999996727,0.9984353911819848
4.266999999996725,0.9984328222129157
4.267999999996722,0.9984302535366752
4.26899999999672,0.9984276855502747
4.269999999996718,0.9984251186328023
4.270999999996715,0.9984225531475491
4.271999999996713,0.9984199894455187
4.272999999996711,0.9984174278699519
4.273999999996708,0.9984148687614186
4.274999999996706,0.9984123124629604
4.275999999996704,0.9984097593247849
4.276999999996701,0.9984072097080465
4.277999999996699,0.9984046639873556
4.278999999996697,0.9984021225517726
4.2799999999966944,0.9983995858042022
4.280999999996692,0.998397054159258
4.28199999999669,0.9983945280398158
4.2829999999966875,0.9983920078726023
4.283999999996685,0.9983894940832508
4.284999999996683,0.9983869870913145
4.2859999999966805,0.9983844873057066
4.286999999996678,0.9983819951210233
4.287999999996676,0.9983795109150727
4.2889999999966735,0.9983770350478576
4.289999999996671,0.9983745678620716
4.290999999996669,0.9983721096850555
4.2919999999966665,0.9983696608319979
4.292999999996664,0.998367221610053
4.293999999996662,0.9983647923229626
4.2949999999966595,0.9983623732757153
4.295999999996657,0.9983599647787982
4.296999999996655,0.9983575671516127
4.2979999999966525,0.9983551807247373
4.29899999999665,0.9983528058408133
4.299999999996648,0.9983504428539959
4.3009999999966455,0.9983480921280111
4.301999999996643,0.9983457540330435
4.302999999996641,0.9983434289417462
4.3039999999966385,0.9983411172247847
4.304999999996636,0.9983388192463402
4.305999999996634,0.9983365353600068
4.3069999999966315,0.9983342659054816
4.307999999996629,0.9983320112063597
4.308999999996627,0.9983297715692157
4.3099999999966245,0.9983275472840722
4.310999999996622,0.9983253386261675
4.31199999999662,0.9983231458588424
4.3129999999966175,0.9983209692372572
4.313999999996615,0.9983188090125489
4.314999999996613,0.9983166654360324
4.3159999999966105,0.998314538763019
4.316999999996608,0.9983124292558995
4.317999999996606,0.9983103371861758
4.318999999996604,0.9983082628352721
4.319999999996601,0.9983062064940429
4.320999999996599,0.9983041684610517
4.321999999996597,0.9983021490397838
4.322999999996594,0.9983001485350903
4.323999999996592,0.9982981672492018
4.32499999999659,0.9982962054777095
4.325999999996587,0.9982942635059059
4.326999999996585,0.9982923416058246
4.327999999996583,0.9982904400342677
4.32899999999658,0.9982885590319894
4.329999999996578,0.9982866988241061
4.330999999996576,0.9982848596216767
4.331999999996573,0.9982830416242727
4.332999999996571,0.9982812450232966
4.333999999996569,0.9982794700056892
4.334999999996566,0.9982777167576784
4.335999999996564,0.9982759854682003
4.336999999996562,0.9982742763316502
4.337999999996559,0.9982725895497176
4.338999999996557,0.9982709253321299
4.339999999996555,0.9982692838962393
4.340999999996552,0.9982676654655186
4.34199999999655,0.9982660702671124
4.342999999996548,0.9982644985286979
4.343999999996545,0.9982629504749656
4.344999999996543,0.9982614263240696
4.345999999996541,0.9982599262843819
4.346999999996538,0.99825845055187
4.347999999996536,0.9982569993083443
4.348999999996534,0.9982555727207222
4.349999999996531,0.9982541709413785
4.350999999996529,0.9982527941095256
4.351999999996527,0.9982514423534765
4.352999999996524,0.9982501157935639
4.353999999996522,0.9982488145454177
4.35499999999652,0.998247538723273
4.355999999996517,0.9982462884430015
4.356999999996515,0.9982450638245614
4.357999999996513,0.998243864993644
4.35899999999651,0.9982426920823562
4.359999999996508,0.998241545228902
4.360999999996506,0.9982404245762926
4.361999999996503,0.9982393302702327
4.362999999996501,0.9982382624563909
4.363999999996499,0.9982372212773355
4.364999999996496,0.9982362068694323
4.365999999996494,0.9982352193600027
4.366999999996492,0.9982342588650246
4.367999999996489,0.9982333254875823
4.368999999996487,0.9982324193172021
4.369999999996485,0.9982315404301393
4.370999999996482,0.9982306888905582
4.37199999999648,0.998229864752494
4.372999999996478,0.9982290680623832
4.373999999996475,0.9982282988619131
4.374999999996473,0.9982275571909196
4.375999999996471,0.9982268430900361
4.376999999996468,0.9982261566028541
4.377999999996466,0.9982254977773889
4.378999999996464,0.9982248666667136
4.379999999996461,0.9982242633287329
4.380999999996459,0.9982236878251065
4.381999999996457,0.9982231402194551
4.382999999996454,0.9982226205750354
4.383999999996452,0.998222128952112
4.38499999999645,0.9982216654052867
4.385999999996447,0.9982212299810503
4.386999999996445,0.9982208227157862
4.387999999996443,0.9982204436344142
4.38899999999644,0.9982200927498007
4.389999999996438,0.9982197700629699
4.390999999996436,0.9982194755641003
4.391999999996433,0.9982192092341834
4.392999999996431,0.9982189710471804
4.393999999996429,0.9982187609724668
4.394999999996426,0.9982185789773196
4.395999999996424,0.998218425029207
4.396999999996422,0.9982182990976606
4.397999999996419,0.998218201155573
4.398999999996417,0.9982181311797859
4.399999999996415,0.9982180891509427
4.4009999999964124,0.9982180750526183
4.40199999999641,0.9982180888698405
4.402999999996408,0.9982181305871425
4.4039999999964055,0.9982182001863594
4.404999999996403,0.9982182976443756
4.405999999996401,0.9982184229310456
4.4069999999963985,0.9982185760074987
4.407999999996396,0.9982187568249732
4.408999999996394,0.998218965324284
4.4099999999963915,0.9982192014359852
4.410999999996389,0.9982194650811694
4.411999999996387,0.9982197561728486
4.4129999999963845,0.9982200746177543
4.413999999996382,0.9982204203183833
4.41499999999638,0.9982207931750898
4.4159999999963775,0.9982211930880277
4.416999999996375,0.9982216199587467
4.417999999996373,0.9982220736913165
4.4189999999963705,0.998222554192866
4.419999999996368,0.9982230613735024
4.420999999996366,0.9982235951456424
4.4219999999963635,0.998224155422822
4.422999999996361,0.9982247421181141
4.423999999996359,0.9982253551423257
4.4249999999963565,0.9982259944021487
4.425999999996354,0.9982266597984403
4.426999999996352,0.9982273512248145
4.4279999999963495,0.9982280685666622
4.428999999996347,0.9982288117006912
4.429999999996345,0.9982295804950299
4.4309999999963425,0.9982303748098611
4.43199999999634,0.9982311944985315
4.432999999996338,0.9982320394090066
4.4339999999963355,0.9982329093855439
4.434999999996333,0.998233804270402
4.435999999996331,0.9982347239054374
4.4369999999963285,0.998235668133438
4.437999999996326,0.9982366367990645
4.438999999996324,0.9982376297493287
4.4399999999963216,0.9982386468335831
4.440999999996319,0.9982396879030156
4.441999999996317,0.9982407528097355
4.442999999996315,0.9982418414055334
4.443999999996312,0.9982429535404629
4.44499999999631,0.9982440890613694
4.445999999996308,0.998245247810525
4.446999999996305,0.9982464296244962
4.447999999996303,0.998247634333354
4.448999999996301,0.998248861760287
4.449999999996298,0.9982501117216657
4.450999999996296,0.9982513840275197
4.451999999996294,0.9982526784823953
4.452999999996291,0.9982539948864925
4.453999999996289,0.9982553330369702
4.454999999996287,0.998256692729294
4.455999999996284,0.998258073758496
4.456999999996282,0.9982594759202377
4.45799999999628,0.9982608990115738
4.458999999996277,0.9982623428313617
4.459999999996275,0.9982638071802838
4.460999999996273,0.9982652918605053
4.46199999999627,0.9982667966750008
4.462999999996268,0.9982683214266431
4.463999999996266,0.9982698659171345
4.464999999996263,0.9982714299459085
4.465999999996261,0.9982730133091008
4.466999999996259,0.9982746157986949
4.467999999996256,0.9982762372019163
4.468999999996254,0.9982778773009379
4.469999999996252,0.9982795358729085
4.470999999996249,0.9982812126903002
4.471999999996247,0.9982829075215371
4.472999999996245,0.9982846201318245
4.473999999996242,0.9982863502841136
4.47499999999624,0.9982880977400947
4.475999999996238,0.998289862261132
4.476999999996235,0.998291643609054
4.477999999996233,0.9982934415467323
4.478999999996231,0.9982952558384017
4.479999999996228,0.9982970862497124
4.480999999996226,0.9982989325475057
4.481999999996224,0.9983007944993773
4.482999999996221,0.9983026718730454
4.483999999996219,0.9983045644356361
4.484999999996217,0.9983064719529224
4.485999999996214,0.9983083941886282
4.486999999996212,0.9983103309038454
4.48799999999621,0.9983122818566206
4.488999999996207,0.9983142468017581
4.489999999996205,0.9983162254908379
4.490999999996203,0.9983182176724499
4.4919999999962,0.9983202230926084
4.492999999996198,0.998322241495309
4.493999999996196,0.998324272623161
4.494999999996193,0.9983263162180445
4.495999999996191,0.9983283720217238
4.496999999996189,0.9983304397763646
4.497999999996186,0.9983325192249183
4.498999999996184,0.9983346101113385
4.499999999996182,0.9983367121806378
4.500999999996179,0.9983388251787668
4.501999999996177,0.9983409488523701
4.502999999996175,0.9983430829484312
4.503999999996172,0.9983452272138655
4.50499999999617,0.9983473813951
4.505999999996168,0.9983495452376874
4.506999999996165,0.9983517184859969
4.507999999996163,0.9983539008830034
4.508999999996161,0.9983560921701937
4.509999999996158,0.9983582920875976
4.510999999996156,0.9983605003739245
4.511999999996154,0.9983627167667957
4.512999999996151,0.9983649410030421
4.513999999996149,0.9983671728190301
4.514999999996147,0.9983694119509878
4.515999999996144,0.9983716581353083
4.516999999996142,0.9983739111087905
4.51799999999614,0.9983761706088201
4.518999999996137,0.9983784363734702
4.519999999996135,0.9983807081415301
4.520999999996133,0.9983829856524732
4.5219999999961304,0.998385268646373
4.522999999996128,0.9983875568637985
4.523999999996126,0.9983898500456996
4.5249999999961235,0.9983921479333012
4.525999999996121,0.9983944502680302
4.526999999996119,0.9983967567914714
4.5279999999961165,0.9983990672453636
4.528999999996114,0.9984013813716254
4.529999999996112,0.9984036989124181
4.5309999999961095,0.9984060196102059
4.531999999996107,0.9984083432078298
4.532999999996105,0.9984106694485655
4.5339999999961025,0.9984129980761625
4.5349999999961,0.9984153288348553
4.535999999996098,0.9984176614693603
4.5369999999960955,0.9984199957248376
4.537999999996093,0.9984223313468594
4.538999999996091,0.9984246680813769
4.5399999999960885,0.9984270056747075
4.540999999996086,0.9984293438735524
4.541999999996084,0.9984316824250615
4.5429999999960815,0.9984340210769481
4.543999999996079,0.9984363595776422
4.544999999996077,0.9984386976764927
4.5459999999960745,0.998441035123988
4.546999999996072,0.9984433716719802
4.54799999999607,0.9984457070738969
4.5489999999960675,0.9984480410848982
4.549999999996065,0.998450373461984
4.550999999996063,0.9984527039640079
4.5519999999960605,0.9984550323516083
4.552999999996058,0.9984573583870532
4.553999999996056,0.9984596818340078
4.5549999999960535,0.9984620024572434
4.555999999996051,0.9984643200223301
4.556999999996049,0.9984666342953233
4.5579999999960465,0.9984689450425132
4.558999999996044,0.9984712520302368
4.559999999996042,0.9984735550248026
4.5609999999960396,0.9984758537925444
4.561999999996037,0.9984781481000019
4.562999999996035,0.9984804377142263
4.563999999996033,0.9984827224031961
4.56499999999603,0.9984850019363001
4.565999999996028,0.9984872760848469
4.566999999996026,0.9984895446225623
4.567999999996023,0.9984918073260113
4.568999999996021,0.9984940639749067
4.569999999996019,0.9984963143522743
4.570999999996016,0.9984985582444388
4.571999999996014,0.9985007954408396
4.572999999996012,0.998503025733679
4.573999999996009,0.9985052489174312
4.574999999996007,0.99850746478827
4.575999999996005,0.9985096731434565
4.576999999996002,0.9985118737807606
4.577999999996,0.9985140664979661
4.578999999995998,0.9985162510925283
4.579999999995995,0.9985184273614175
4.580999999995993,0.998520595101179
4.581999999995991,0.9985227541082123
4.582999999995988,0.9985249041792518
4.583999999995986,0.9985270451120147
4.584999999995984,0.9985291767059585
4.585999999995981,0.9985312987630697
4.586999999995979,0.9985334110886293
4.587999999995977,0.9985355134918529
4.588999999995974,0.9985376057863609
4.589999999995972,0.9985396877904174
4.59099999999597,0.9985417593269085
4.591999999995967,0.9985438202230567
4.592999999995965,0.9985458703098915
4.593999999995963,0.9985479094215275
4.59499999999596,0.9985499373943093
4.595999999995958,0.9985519540659105
4.596999999995956,0.9985539592744772
4.597999999995953,0.9985559528579016
4.598999999995951,0.9985579346533018
4.599999999995949,0.9985599044967707
4.600999999995946,0.9985618622234256
4.601999999995944,0.9985638076677643
4.602999999995942,0.9985657406643007
4.603999999995939,0.9985676610484289
4.604999999995937,0.9985695686574412
4.605999999995935,0.9985714633315901
4.606999999995932,0.9985733449151153
4.60799999999593,0.9985752132571121
4.608999999995928,0.9985770682121637
4.609999999995925,0.9985789096406743
4.610999999995923,0.9985807374088467
4.611999999995921,0.9985825513883229
4.612999999995918,0.9985843514554927
4.613999999995916,0.9985861374905486
4.614999999995914,0.9985879093763661
4.615999999995911,0.99858966699732
4.616999999995909,0.9985914102381558
4.617999999995907,0.9985931389830158
4.618999999995904,0.9985948531147475
4.619999999995902,0.9985965525145357
4.6209999999959,0.9985982370619289
4.621999999995897,0.9985999066352546
4.622999999995895,0.9986015611123918
4.623999999995893,0.9986032003718406
4.62499999999589,0.9986048242939827
4.625999999995888,0.9986064327624117
4.626999999995886,0.9986080256652184
4.627999999995883,0.9986096028960868
4.628999999995881,0.9986111643551016
4.629999999995879,0.9986127099491746
4.630999999995876,0.9986142395920511
4.631999999995874,0.9986157532038777
4.632999999995872,0.9986172507103723
4.633999999995869,0.9986187320416661
4.634999999995867,0.9986201971309323
4.635999999995865,0.9986216459129279
4.636999999995862,0.9986230783225919
4.63799999999586,0.9986244942938347
4.638999999995858,0.9986258937586514
4.639999999995855,0.998627276646641
4.640999999995853,0.9986286428849931
4.641999999995851,0.998629992398947
4.6429999999958484,0.9986313251126939
4.643999999995846,0.9986326409506274
4.644999999995844,0.9986339398388421
4.6459999999958415,0.9986352217067248
4.646999999995839,0.9986364864884913
4.647999999995837,0.9986377341245107
4.6489999999958345,0.9986389645622917
4.649999999995832,0.9986401777570185
4.65099999999583,0.998641373671584
4.6519999999958275,0.9986425522761047
4.652999999995825,0.9986437135469658
4.653999999995823,0.9986448574654629
4.6549999999958205,0.9986459840161884
4.655999999995818,0.998647093185307
4.656999999995816,0.9986481849588856
4.6579999999958135,0.9986492593214477
4.658999999995811,0.9986503162548914
4.659999999995809,0.9986513557378854
4.6609999999958065,0.998652377745809
4.661999999995804,0.9986533822512459
4.662999999995802,0.9986543692249947
4.6639999999957995,0.998655338637502
4.664999999995797,0.9986562904605836
4.665999999995795,0.998657224669266
4.6669999999957925,0.9986581412435735
4.66799999999579,0.9986590401700817
4.668999999995788,0.9986599214430757
4.6699999999957855,0.9986607850652102
4.670999999995783,0.9986616310475712
4.671999999995781,0.9986624594091591
4.6729999999957785,0.9986632701758009
4.673999999995776,0.9986640633786227
4.674999999995774,0.998664839052193
4.6759999999957715,0.9986655972325428
4.676999999995769,0.9986663379552391
4.677999999995767,0.9986670612536975
4.6789999999957645,0.998667767157914
4.679999999995762,0.9986684556937309
4.68099999999576,0.9986691268827238
4.6819999999957576,0.998669780742723
4.682999999995755,0.9986704172889272
4.683999999995753,0.9986710365355027
4.684999999995751,0.9986716384975216
4.685999999995748,0.9986722231930474
4.686999999995746,0.9986727906451651
4.687999999995744,0.9986733408837585
4.688999999995741,0.9986738739468499
4.689999999995739,0.9986743898813693
4.690999999995737,0.9986748887432737
4.691999999995734,0.9986753705969812
4.692999999995732,0.9986758355141827
4.69399999999573,0.998676283572135
4.694999999995727,0.9986767148515889
4.695999999995725,0.9986771294345543
4.696999999995723,0.9986775274021217
4.69799999999572,0.998677908832546
4.698999999995718,0.9986782737997906
4.699999999995716,0.9986786223726617
4.700999999995713,0.9986789546146456
4.701999999995711,0.9986792705844484
4.702999999995709,0.9986795703372041
4.703999999995706,0.998679853926239
4.704999999995704,0.9986801214052152
4.705999999995702,0.9986803728304492
4.706999999995699,0.9986806082631844
4.707999999995697,0.9986808277715842
4.708999999995695,0.9986810314322505
4.709999999995692,0.9986812193311113
4.71099999999569,0.9986813915635834
4.711999999995688,0.998681548233981
4.712999999995685,0.9986816894542263
4.713999999995683,0.9986818153419731
4.714999999995681,0.9986819260183256
4.715999999995678,0.9986820216053633
4.716999999995676,0.9986821022237191
4.717999999995674,0.99868216799044
4.718999999995671,0.9986822190173448
4.719999999995669,0.9986822554100405
4.720999999995667,0.9986822772676962
4.721999999995664,0.9986822846836073
4.722999999995662,0.9986822777464949
4.72399999999566,0.9986822565424216
4.724999999995657,0.9986822211571376
4.725999999995655,0.9986821716786275
4.726999999995653,0.9986821081996142
4.72799999999565,0.9986820308197619
4.728999999995648,0.9986819396473745
4.729999999995646,0.9986818348003922
4.730999999995643,0.9986817164066064
4.731999999995641,0.9986815846030415
4.732999999995639,0.9986814395345707
4.733999999995636,0.9986812813518825
4.734999999995634,0.9986811102089923
4.735999999995632,0.9986809262605443
4.736999999995629,0.9986807296591513
4.737999999995627,0.9986805205530405
4.738999999995625,0.9986802990842367
4.739999999995622,0.998680065387457
4.74099999999562,0.9986798195898327
4.741999999995618,0.9986795618114942
4.742999999995615,0.998679292166958
4.743999999995613,0.9986790107671899
4.744999999995611,0.9986787177221477
4.745999999995608,0.9986784131435472
4.746999999995606,0.9986780971475897
4.747999999995604,0.9986777698573752
4.748999999995601,0.9986774314047628
4.749999999995599,0.9986770819314866
4.750999999995597,0.9986767215894101
4.751999999995594,0.9986763505398955
4.752999999995592,0.998675968952315
4.75399999999559,0.9986755770018775
4.754999999995587,0.9986751748669425
4.755999999995585,0.9986747627260996
4.756999999995583,0.9986743407552885
4.75799999999558,0.9986739091252375
4.758999999995578,0.998673467999478
4.759999999995576,0.9986730175331275
4.760999999995573,0.9986725578725664
4.761999999995571,0.9986720891560363
4.762999999995569,0.9986716115151176
4.7639999999955664,0.9986711250769409
4.764999999995564,0.998670629966911
4.765999999995562,0.9986701263116935
4.7669999999955595,0.9986696142421544
4.767999999995557,0.9986690938959728
4.768999999995555,0.9986685654196634
4.7699999999955525,0.9986680289697993
4.77099999999555,0.9986674847133176
4.771999999995548,0.9986669328268547
4.7729999999955455,0.998666373495182
4.773999999995543,0.9986658069088795
4.774999999995541,0.9986652332614678
4.7759999999955385,0.9986646527462768
4.776999999995536,0.9986640655533501
4.777999999995534,0.9986634718666946
4.7789999999955315,0.9986628718621336
4.779999999995529,0.9986622657059818
4.780999999995527,0.9986616535546795
4.7819999999955245,0.9986610355554194
4.782999999995522,0.9986604118477026
4.78399999999552,0.9986597825656975
4.7849999999955175,0.9986591478411468
4.785999999995515,0.9986585078065577
4.786999999995513,0.998657862598349
4.7879999999955105,0.9986572123596573
4.788999999995508,0.9986565572425145
4.789999999995506,0.9986558974091712
4.7909999999955035,0.998655233032443
4.791999999995501,0.9986545642950259
4.792999999995499,0.9986538913878475
4.7939999999954965,0.9986532145075988
4.794999999995494,0.9986525338536897
4.795999999995492,0.9986518496249155
4.7969999999954895,0.9986511620161646
4.797999999995487,0.9986504712154749
4.798999999995485,0.9986497774017462
4.7999999999954825,0.9986490807433157
4.80099999999548,0.9986483813975532
4.801999999995478,0.9986476795115126
4.8029999999954756,0.9986469752235806
4.803999999995473,0.9986462686659682
4.804999999995471,0.9986455599677994
4.805999999995469,0.9986448492584967
4.806999999995466,0.9986441366711343
4.807999999995464,0.9986434223454201
4.808999999995462,0.9986427064300226
4.809999999995459,0.9986419890839918
4.810999999995457,0.9986412704771435
4.811999999995455,0.9986405507893533
4.812999999995452,0.9986398302088181
4.81399999999545,0.9986391089294607
4.814999999995448,0.9986383871477134
4.815999999995445,0.9986376650589909
4.816999999995443,0.9986369428542078
4.817999999995441,0.9986362207166649
4.818999999995438,0.9986354988196137
4.819999999995436,0.9986347773247527
4.820999999995434,0.998634056381786
4.821999999995431,0.9986333361291018
4.822999999995429,0.998632616695514
4.823999999995427,0.9986318982028856
4.824999999995424,0.9986311807693906
4.825999999995422,0.9986304645130922
4.82699999999542,0.9986297495554856
4.827999999995417,0.9986290360246585
4.828999999995415,0.9986283240577496
4.829999999995413,0.9986276138024686
4.83099999999541,0.9986269054175105
4.831999999995408,0.9986261990718229
4.832999999995406,0.9986254949427946
4.833999999995403,0.9986247932135216
4.834999999995401,0.9986240940694323
4.835999999995399,0.9986233976945791
4.836999999995396,0.9986227042679708
4.837999999995394,0.9986220139602956
4.838999999995392,0.9986213269313621
4.839999999995389,0.9986206433285053
4.840999999995387,0.9986199632861251
4.841999999995385,0.998619286926398
4.842999999995382,0.998618614361098
4.84399999999538,0.9986179456943585
4.844999999995378,0.9986172810261008
4.845999999995375,0.9986166204557969
4.846999999995373,0.9986159640861946
4.847999999995371,0.9986153120266431
4.848999999995368,0.9986146643956881
4.849999999995366,0.9986140213226699
4.850999999995364,0.9986133829481727
4.851999999995361,0.998612749423267
4.852999999995359,0.9986121209076158
4.853999999995357,0.9986114975666219
4.854999999995354,0.9986108795678865
4.855999999995352,0.9986102670773378
4.85699999999535,0.9986096602553837
4.857999999995347,0.9986090592534858
4.858999999995345,0.9986084642114751
4.859999999995343,0.998607875255888
4.86099999999534,0.9986072924994811
4.861999999995338,0.9986067160419724
4.862999999995336,0.9986061459719556
4.863999999995333,0.9986055823697871
4.864999999995331,0.9986050253111789
4.865999999995329,0.9986044748711331
4.866999999995326,0.9986039311278505
4.867999999995324,0.9986033941662076
4.868999999995322,0.9986028640804774
4.869999999995319,0.9986023409760124
4.870999999995317,0.9986018249697152
4.871999999995315,0.998601316189258
4.872999999995312,0.9986008147711111
4.87399999999531,0.9986003208575699
4.874999999995308,0.9985998345930662
4.875999999995305,0.9985993561201256
4.876999999995303,0.9985988855753636
4.877999999995301,0.9985984230859066
4.878999999995298,0.9985979687666034
4.879999999995296,0.998597522718283
4.880999999995294,0.9985970850272561
4.881999999995291,0.998596655766092
4.882999999995289,0.998596234995613
4.883999999995287,0.9985958227679129
4.8849999999952844,0.9985954191300983
4.885999999995282,0.9985950241283996
4.88699999999528,0.9985946378122431
4.8879999999952775,0.9985942602378812
4.888999999995275,0.9985938914712309
4.889999999995273,0.998593531589628
4.8909999999952705,0.9985931806823325
4.891999999995268,0.9985928388497122
4.892999999995266,0.9985925062012029
4.8939999999952635,0.9985921828522146
4.894999999995261,0.9985918689203064
4.895999999995259,0.9985915645209806
4.8969999999952565,0.9985912697635241
4.897999999995254,0.998590984747296
4.898999999995252,0.9985907095588236
4.8999999999952495,0.9985904442700028
4.900999999995247,0.9985901889375802
4.901999999995245,0.9985899436039632
4.9029999999952425,0.9985897082993029
4.90399999999524,0.9985894830446235
4.904999999995238,0.9985892678557221
4.9059999999952355,0.9985890627474369
4.906999999995233,0.9985888677378809
4.907999999995231,0.9985886828522172
4.9089999999952285,0.9985885081256074
4.909999999995226,0.9985883436050412
4.910999999995224,0.9985881893498618
4.9119999999952215,0.9985880454309279
4.912999999995219,0.9985879119284979
4.913999999995217,0.9985877889290322
4.9149999999952145,0.998587676521225
4.915999999995212,0.9985875747916522
4.91699999999521,0.998587483820463
4.9179999999952075,0.998587403677531
4.918999999995205,0.9985873344194547
4.919999999995203,0.9985872760876953
4.9209999999952005,0.9985872287080377
4.921999999995198,0.9985871922914435
4.922999999995196,0.9985871668362002
4.9239999999951936,0.9985871523311765
4.924999999995191,0.998587148759857
4.925999999995189,0.9985871561047703
4.926999999995187,0.9985871743518737
4.927999999995184,0.998587203494468
4.928999999995182,0.9985872435362544
4.92999999999518,0.9985872944932305
4.930999999995177,0.9985873563942377
4.931999999995175,0.9985874292801042
4.932999999995173,0.9985875132014626
4.93399999999517,0.9985876082154402
4.934999999995168,0.9985877143815655
4.935999999995166,0.9985878317572714
4.936999999995163,0.998587960393442
4.937999999995161,0.9985881003304424
4.938999999995159,0.9985882515950166
4.939999999995156,0.9985884141983614
4.940999999995154,0.9985885881355832
4.941999999995152,0.998588773386569
4.942999999995149,0.9985889699182153
4.943999999995147,0.9985891776877901
4.944999999995145,0.998589396647106
4.945999999995142,0.9985896267470925
4.94699999999514,0.9985898679423315
4.947999999995138,0.9985901201951014
4.948999999995135,0.9985903834785365
4.949999999995133,0.9985906577785948
4.950999999995131,0.9985909430946293
4.951999999995128,0.9985912394385043
4.952999999995126,0.9985915468323547
4.953999999995124,0.9985918653051782
4.954999999995121,0.9985921948886135
4.955999999995119,0.9985925356123075
4.956999999995117,0.9985928874993267
4.957999999995114,0.9985932505620608
4.958999999995112,0.9985936247990298
4.95999999999511,0.9985940101928943
4.960999999995107,0.9985944067098955
4.961999999995105,0.9985948143007508
4.962999999995103,0.9985952329029526
4.9639999999951,0.9985956624442297
4.964999999995098,0.998596102846852
4.965999999995096,0.9985965540323426
4.966999999995093,0.998597015926151
4.967999999995091,0.9985974884618248
4.968999999995089,0.9985979715842777
4.969999999995086,0.998598465251814
4.970999999995084,0.9985989694367294
4.971999999995082,0.9985994841244146
4.972999999995079,0.9986000093110473
4.973999999995077,0.9986005450000961
4.974999999995075,0.9986010911979837
4.975999999995072,0.9986016479093185
4.97699999999507,0.9986022151321743
4.977999999995068,0.9986027928538771
4.978999999995065,0.9986033810477128
4.979999999995063,0.9986039796708834
4.980999999995061,0.998604588663918
4.981999999995058,0.9986052079515957
4.982999999995056,0.9986058374453015
4.983999999995054,0.9986064770465871
4.984999999995051,0.9986071266515866
4.985999999995049,0.9986077861558723
4.986999999995047,0.9986084554592588
4.987999999995044,0.9986091344700969
4.988999999995042,0.998609823108641
4.98999999999504,0.9986105213091409
4.990999999995037,0.9986112290204698
4.991999999995035,0.9986119462052171
4.992999999995033,0.998612672837326
4.99399999999503,0.998613408898512
4.994999999995028,0.9986141543738104
4.995999999995026,0.9986149092466877
4.996999999995023,0.9986156734941896
4.997999999995021,0.9986164470826138
4.998999999995019,0.9986172299641226
4.999999999995016,0.9986180220746347
5.000999999995014,0.9986188233332102
5.001999999995012,0.9986196336429919
5.002999999995009,0.9986204528936112
5.003999999995007,0.9986212809648376
5.004999999995005,0.9986221177311091
5.0059999999950024,0.9986229630665076
5.006999999995,0.9986238168496979
5.007999999994998,0.9986246789683407
5.0089999999949955,0.998625549322555
5.009999999994993,0.9986264278270818
5.010999999994991,0.9986273144119404
5.0119999999949885,0.9986282090215122
5.012999999994986,0.9986291116121321
5.013999999994984,0.9986300221484308
5.0149999999949815,0.9986309405987738
5.015999999994979,0.9986318669302514
5.016999999994977,0.9986328011037069
5.0179999999949745,0.9986337430692913
5.018999999994972,0.9986346927629806
5.01999999999497,0.9986356501044037
5.0209999999949675,0.998636614996199
5.021999999994965,0.9986375873249577
5.022999999994963,0.9986385669636818
5.0239999999949605,0.9986395537755083
5.024999999994958,0.9986405476183441
5.025999999994956,0.9986415483499628
5.0269999999949535,0.9986425558330668
5.027999999994951,0.9986435699398172
5.028999999994949,0.9986445905553928
5.0299999999949465,0.998645617580221
5.030999999994944,0.9986466509306747
5.031999999994942,0.9986476905381471
5.0329999999949395,0.9986487363466072
5.033999999994937,0.9986497883088655
5.034999999994935,0.9986508463819187
5.0359999999949325,0.9986519105218209
5.03699999999493,0.9986529806785934
5.037999999994928,0.9986540567916651
5.0389999999949255,0.9986551387862944
5.039999999994923,0.9986562265713298
5.040999999994921,0.9986573200385253
5.0419999999949185,0.998658419063492
5.042999999994916,0.9986595235081883
5.043999999994914,0.9986606332247127
5.0449999999949116,0.9986617480600416
5.045999999994909,0.998662867861236
5.046999999994907,0.9986639924806218
5.047999999994905,0.9986651217804317
5.048999999994902,0.9986662556364652
5.0499999999949,0.9986673939403885
5.050999999994898,0.9986685366004683
5.051999999994895,0.9986696835406518
5.052999999994893,0.9986708346980904
5.053999999994891,0.9986719900193368
5.054999999994888,0.9986731494555973
5.055999999994886,0.9986743129574959
5.056999999994884,0.9986754804698644
5.057999999994881,0.9986766519270706
5.058999999994879,0.9986778272493461
5.059999999994877,0.9986790063404712
5.060999999994874,0.9986801890870498
5.061999999994872,0.9986813753594539
5.06299999999487,0.9986825650143426
5.063999999994867,0.9986837578985203
5.064999999994865,0.9986849538537601
5.065999999994863,0.9986861527221154
5.06699999999486,0.998687354351216
5.067999999994858,0.9986885585990258
5.068999999994856,0.9986897653375904
5.069999999994853,0.9986909744554167
5.070999999994851,0.9986921858582479
5.071999999994849,0.9986933994681542
5.072999999994846,0.9986946152210258
5.073999999994844,0.9986958330627169
5.074999999994842,0.9986970529442066
5.075999999994839,0.9986982748162611
5.076999999994837,0.9986994986241082
5.077999999994835,0.9987007243026571
5.078999999994832,0.9987019517727254
5.07999999999483,0.9987031809386484
5.080999999994828,0.9987044116875077
5.081999999994825,0.9987056438900619
5.082999999994823,0.998706877403284
5.083999999994821,0.9987081120742785
5.084999999994818,0.9987093477451786
5.085999999994816,0.9987105842585646
5.086999999994814,0.9987118214628673
5.087999999994811,0.9987130592172305
5.088999999994809,0.9987142973953613
5.089999999994807,0.9987155358879826
5.090999999994804,0.9987167746036562
5.091999999994802,0.9987180134678847
5.0929999999948,0.9987192524205929
5.093999999994797,0.9987204914122102
5.094999999994795,0.9987217303987549
5.095999999994793,0.998722969336401
5.09699999999479,0.998724208176038
5.097999999994788,0.9987254468583832
5.098999999994786,0.9987266853101043
5.099999999994783,0.9987279234413544
5.100999999994781,0.9987291611449451
5.101999999994779,0.9987303982972574
5.102999999994776,0.9987316347607929
5.103999999994774,0.9987328703881359
5.104999999994772,0.9987341050269242
5.105999999994769,0.9987353385253627
5.106999999994767,0.9987365707377303
5.107999999994765,0.9987378015293502
5.108999999994762,0.998739030780534
5.10999999999476,0.9987402583891145
5.110999999994758,0.998741484271321
5.111999999994755,0.9987427083609033
5.112999999994753,0.9987439306065902
5.113999999994751,0.9987451509681361
5.114999999994748,0.9987463694113325
5.115999999994746,0.9987475859024699
5.116999999994744,0.9987488004028007
5.117999999994741,0.9987500128635369
5.118999999994739,0.9987512232218764
5.119999999994737,0.9987524313984508
5.120999999994734,0.9987536372964437
5.121999999994732,0.9987548408024743
5.12299999999473,0.9987560417891549
5.123999999994727,0.9987572401190916
5.124999999994725,0.9987584356499213
5.125999999994723,0.9987596282399127
5.1269999999947204,0.9987608177535732
5.127999999994718,0.9987620040667274
5.128999999994716,0.9987631870705519
5.1299999999947135,0.998764366674194
5.130999999994711,0.9987655428056961
5.131999999994709,0.9987667154111473
5.1329999999947065,0.9987678844521393
5.133999999994704,0.9987690499017688
5.134999999994702,0.9987702117395793
5.1359999999946995,0.9987713699459402
5.136999999994697,0.9987725244963989
5.137999999994695,0.9987736753565774
5.1389999999946925,0.9987748224780946
5.13999999999469,0.9987759657959294
5.140999999994688,0.9987771052274782
5.1419999999946855,0.9987782406734038
5.142999999994683,0.9987793720201936
5.143999999994681,0.9987804991441924
5.1449999999946785,0.9987816219166998
5.145999999994676,0.9987827402096507
5.146999999994674,0.9987838539013245
5.1479999999946715,0.9987849628815183
5.148999999994669,0.9987860670556816
5.149999999994667,0.998787166347616
5.1509999999946645,0.9987882607004587
5.151999999994662,0.998789350075861
5.15299999999466,0.998790434451448
5.1539999999946575,0.9987915138167822
5.154999999994655,0.9987925881682453
5.155999999994653,0.9987936575033342
5.1569999999946505,0.9987947218149127
5.157999999994648,0.998795781086002
5.158999999994646,0.9987968352856018
5.1599999999946435,0.9987978843659688
5.160999999994641,0.9987989282616063
5.161999999994639,0.998799966890076
5.1629999999946365,0.9988010001545552
5.163999999994634,0.9988020279478873
5.164999999994632,0.998803050157736
5.1659999999946296,0.998804066672347
5.166999999994627,0.998805077386343
5.167999999994625,0.9988060822059983
5.168999999994623,0.9988070810534735
5.16999999999462,0.9988080738695893
5.170999999994618,0.9988090606148775
5.171999999994616,0.9988100412687922
5.172999999994613,0.9988110158271695
5.173999999994611,0.9988119842981674
5.174999999994609,0.9988129466970916
5.175999999994606,0.9988139030406075
5.176999999994604,0.998814853340899
5.177999999994602,0.9988157976003584
5.178999999994599,0.998816735807304
5.179999999994597,0.9988176679331715
5.180999999994595,0.9988185939314346
5.181999999994592,0.9988195137383812
5.18299999999459,0.9988204272756492
5.183999999994588,0.9988213344543089
5.184999999994585,0.998822235180057
5.185999999994583,0.9988231293590545
5.186999999994581,0.998824016903808
5.187999999994578,0.9988248977385432
5.188999999994576,0.9988257718035292
5.189999999994574,0.9988266390579382
5.190999999994571,0.9988274994809578
5.191999999994569,0.9988283530710447
5.192999999994567,0.9988291998433847
5.193999999994564,0.998830039825816
5.194999999994562,0.998830873053602
5.19599999999456,0.9988316995635682
5.196999999994557,0.9988325193881719
5.197999999994555,0.9988333325500836
5.198999999994553,0.9988341390578193
5.19999999999455,0.9988349389028316
5.200999999994548,0.9988357320583711
5.201999999994546,0.9988365184802089
5.202999999994543,0.9988372981091697
5.203999999994541,0.9988380708752125
5.204999999994539,0.9988388367026853
5.205999999994536,0.9988395955162163
5.206999999994534,0.9988403472466899
5.207999999994532,0.9988410918367062
5.208999999994529,0.9988418292450019
5.209999999994527,0.9988425594493905
5.210999999994525,0.9988432824479415
5.211999999994522,0.9988439982582702
5.21299999999452,0.9988447069150154
5.213999999994518,0.9988454084657398
5.214999999994515,0.9988461029656608
5.215999999994513,0.9988467904717134
5.216999999994511,0.998847471036532
5.217999999994508,0.9988481447029447
5.218999999994506,0.998848811499495
5.219999999994504,0.9988494714374568
5.220999999994501,0.9988501245096212
5.221999999994499,0.9988507706909735
5.222999999994497,0.998851409941208
5.223999999994494,0.9988520422088221
5.224999999994492,0.9988526674364034
5.22599999999449,0.9988532855665925
5.226999999994487,0.9988538965481332
5.227999999994485,0.9988545003414235
5.228999999994483,0.9988550969230284
5.22999999999448,0.9988556862887008
5.230999999994478,0.9988562684546263
5.231999999994476,0.9988568434567544
5.232999999994473,0.9988574113482941
5.233999999994471,0.9988579721955969
5.234999999994469,0.9988585260728476
5.235999999994466,0.9988590730560639
5.236999999994464,0.9988596132169951
5.237999999994462,0.9988601466175161
5.238999999994459,0.9988606733050693
5.239999999994457,0.9988611933095829
5.240999999994455,0.9988617066421936
5.241999999994452,0.9988622132958747
5.24299999999445,0.9988627132479252
5.243999999994448,0.9988632064640812
5.244999999994445,0.9988636929038329
5.245999999994443,0.9988641725264455
5.246999999994441,0.9988646452970857
5.2479999999944384,0.9988651111924642
5.248999999994436,0.9988655702054283
5.249999999994434,0.9988660223480719
5.2509999999944315,0.9988664676530394
5.251999999994429,0.9988669061729071
5.252999999994427,0.9988673379776873
5.2539999999944245,0.9988677631507099
5.254999999994422,0.9988681817832716
5.25599999999442,0.9988685939685777
5.2569999999944175,0.9988689997955585
5.257999999994415,0.9988693993431805
5.258999999994413,0.9988697926757935
5.2599999999944105,0.9988701798399681
5.260999999994408,0.9988705608631478
5.261999999994406,0.9988709357542305
5.2629999999944035,0.9988713045060373
5.263999999994401,0.9988716670994247
5.264999999994399,0.998872023508638
5.2659999999943965,0.998872373707383
5.266999999994394,0.9988727176750275
5.267999999994392,0.9988730554023253
5.2689999999943895,0.9988733868960967
5.269999999994387,0.9988737121824148
5.270999999994385,0.9988740313079764
5.2719999999943825,0.9988743443395222
5.27299999999438,0.9988746513613712
5.273999999994378,0.9988749524712867
5.2749999999943755,0.9988752477750964
5.275999999994373,0.9988755373805759
5.276999999994371,0.9988758213911956
5.2779999999943685,0.9988760999003442
5.278999999994366,0.998876372986589
5.279999999994364,0.9988766407104386
5.2809999999943615,0.998876903112921
5.281999999994359,0.9988771602161224
5.282999999994357,0.9988774120256319
5.2839999999943545,0.9988776585346553
5.284999999994352,0.9988778997293974
5.28599999999435,0.998878135595187
5.2869999999943476,0.9988783661227459
5.287999999994345,0.9988785913139919
5.288999999994343,0.9988788111868026
5.289999999994341,0.9988790257782753
5.290999999994338,0.9988792351461654
5.291999999994336,0.9988794393683521
5.292999999994334,0.9988796385403886
5.293999999994331,0.9988798327713722
5.294999999994329,0.9988800221785279
5.295999999994327,0.9988802068810435
5.296999999994324,0.9988803869937488
5.297999999994322,0.9988805626212591
5.29899999999432,0.998880733853153
5.299999999994317,0.9988809007606578
5.300999999994315,0.9988810633951641
5.301999999994313,0.9988812217887159
5.30299999999431,0.9988813759564349
5.303999999994308,0.9988815259006318
5.304999999994306,0.9988816716162192
5.305999999994303,0.9988818130968795
5.306999999994301,0.9988819503414068
5.307999999994299,0.9988820833595731
5.308999999994296,0.9988822121769827
5.309999999994294,0.9988823368384016
5.310999999994292,0.9988824574092564
5.311999999994289,0.9988825739751471
5.312999999994287,0.9988826866394213
5.313999999994285,0.9988827955190388
5.314999999994282,0.9988829007391327
5.31599999999428,0.9988830024267951
5.316999999994278,0.9988831007046952
5.317999999994275,0.9988831956851463
5.318999999994273,0.9988832874652076
5.319999999994271,0.9988833761232927
5.320999999994268,0.9988834617176268
5.321999999994266,0.9988835442866879
5.322999999994264,0.9988836238516109
5.323999999994261,0.9988837004202963
5.324999999994259,0.998883773992847
5.325999999994257,0.9988838445677847
5.326999999994254,0.9988839121484435
5.327999999994252,0.9988839767489218
5.32899999999425,0.998884038399
5.329999999994247,0.9988840971475464
5.330999999994245,0.9988841530640763
5.331999999994243,0.9988842062383096
5.33299999999424,0.998884256777768
5.333999999994238,0.9988843048036367
5.334999999994236,0.9988843504453097
5.335999999994233,0.9988843938341277
5.336999999994231,0.9988844350969373
5.337999999994229,0.9988844743500911
5.338999999994226,0.9988845116944742
5.339999999994224,0.9988845472120443
5.340999999994222,0.998884580964228
5.341999999994219,0.998884612992323
5.342999999994217,0.9988846433198697
5.343999999994215,0.9988846719567706
5.344999999994212,0.9988846989047394
5.34599999999421,0.9988847241635631
5.346999999994208,0.9988847477375562
5.347999999994205,0.9988847696415737
5.348999999994203,0.9988847899060012
5.349999999994201,0.9988848085802364
5.350999999994198,0.9988848257342983
5.351999999994196,0.9988848414584351
5.352999999994194,0.9988848558607398
5.353999999994191,0.9988848690630187
5.354999999994189,0.9988848811953128
5.355999999994187,0.9988848923896019
5.356999999994184,0.9988849027733055
5.357999999994182,0.9988849124632211
5.35899999999418,0.9988849215604754
5.359999999994177,0.998884930147008
5.360999999994175,0.9988849382839062
5.361999999994173,0.998884946011765
5.36299999999417,0.998884953353039
5.363999999994168,0.9988849603161569
5.364999999994166,0.9988849669009944
5.365999999994163,0.9988849731051687
5.366999999994161,0.9988849789305488
5.367999999994159,0.9988849843893369
5.3689999999941564,0.9988849895091217
5.369999999994154,0.9988849943364265
5.370999999994152,0.9988849989383758
5.3719999999941495,0.9988850034023419
5.372999999994147,0.9988850078335902
5.373999999994145,0.9988850123511506
5.3749999999941425,0.9988850170823192
5.37599999999414,0.9988850221563288
5.376999999994138,0.9988850276978032
5.3779999999941355,0.9988850338206264
5.378999999994133,0.9988850406228426
5.379999999994131,0.9988850481830669
5.3809999999941285,0.9988850565587691
5.381999999994126,0.9988850657865985
5.382999999994124,0.9988850758847084
5.3839999999941215,0.9988850868568726
5.384999999994119,0.9988850986979694
5.385999999994117,0.9988851114003188
5.3869999999941145,0.9988851249602371
5.387999999994112,0.9988851393841814
5.38899999999411,0.9988851546938686
5.3899999999941075,0.9988851709298799
5.390999999994105,0.9988851881533904
5.391999999994103,0.9988852064458529
5.3929999999941005,0.9988852259066634
5.393999999994098,0.9988852466490445
5.394999999994096,0.9988852687945317
5.3959999999940935,0.9988852924666113
5.396999999994091,0.9988853177841258
5.397999999994089,0.9988853448550962
5.3989999999940865,0.9988853737715517
5.399999999994084,0.9988854046058887
5.400999999994082,0.9988854374091032
5.4019999999940795,0.9988854722110733
5.402999999994077,0.9988855090228677
5.403999999994075,0.9988855478408551
5.4049999999940725,0.9988855886522037
5.40599999999407,0.998885631441251
5.406999999994068,0.9988856761961064
5.4079999999940656,0.9988857229148516
5.408999999994063,0.9988857716107187
5.409999999994061,0.9988858223157577
5.410999999994059,0.9988858750826158
5.411999999994056,0.9988859299842593
5.412999999994054,0.9988859871116699
5.413999999994052,0.998886046569731
5.414999999994049,0.9988861084717015
5.415999999994047,0.9988861729328292
5.416999999994045,0.9988862400637135
5.417999999994042,0.9988863099640743
5.41899999999404,0.9988863827175248
5.419999999994038,0.9988864583878803
5.420999999994035,0.998886537017335
5.421999999994033,0.998886618626718
5.422999999994031,0.9988867032177702
5.423999999994028,0.9988867907772525
5.424999999994026,0.9988868812824616
5.425999999994024,0.9988869747076269
5.426999999994021,0.9988870710305567
5.427999999994019,0.9988871702388881
5.428999999994017,0.9988872723353303
5.429999999994014,0.99888737734138
5.430999999994012,0.9988874852991558
5.43199999999401,0.9988875962711605
5.432999999994007,0.9988877103380005
5.433999999994005,0.998887827594277
5.434999999994003,0.9988879481430578
5.435999999994,0.9988880720894621
5.436999999993998,0.9988881995339842
5.437999999993996,0.9988883305662145
5.438999999993993,0.9988884652595639
5.439999999993991,0.9988886036675171
5.440999999993989,0.998888745821765
5.441999999993986,0.9988888917324207
5.442999999993984,0.998889041390283
5.443999999993982,0.99888919477093
5.444999999993979,0.9988893518402524
5.445999999993977,0.9988895125608726
5.446999999993975,0.9988896768988336
5.447999999993972,0.9988898448298976
5.44899999999397,0.9988900163448441
5.449999999993968,0.9988901914532377
5.450999999993965,0.99889037018531
5.451999999993963,0.9988905525917642
5.452999999993961,0.9988907387415146
5.453999999993958,0.9988909287175943
5.454999999993956,0.9988911226116142
5.455999999993954,0.9988913205173305
5.456999999993951,0.9988915225239294
5.457999999993949,0.9988917287097078
5.458999999993947,0.9988919391367476
5.459999999993944,0.998892153847116
5.460999999993942,0.9988923728609606
5.46199999999394,0.9988925961766839
5.462999999993937,0.9988928237731876
5.463999999993935,0.9988930556139602
5.464999999993933,0.998893291652617
5.46599999999393,0.9988935318393412
5.466999999993928,0.998893776127614
5.467999999993926,0.9988940244805579
5.468999999993923,0.9988942768762794
5.469999999993921,0.9988945333116976
5.470999999993919,0.9988947938044698
5.471999999993916,0.9988950583928304
5.472999999993914,0.9988953271333603
5.473999999993912,0.998895600096904
5.474999999993909,0.9988958773630248
5.475999999993907,0.9988961590135526
5.476999999993905,0.9988964451258414
5.477999999993902,0.9988967357664028
5.4789999999939,0.9988970309855361
5.479999999993898,0.9988973308134811
5.480999999993895,0.9988976352584736
5.481999999993893,0.9988979443068844
5.482999999993891,0.9988982579254346
5.483999999993888,0.9988985760652841
5.484999999993886,0.9988988986675681
5.485999999993884,0.998899225669869
5.486999999993881,0.998899557012971
5.487999999993879,0.9988998926472502
5.488999999993877,0.9989002325380665
5.4899999999938744,0.9989005766696398
5.490999999993872,0.9989009250470184
5.49199999999387,0.9989012776959612
5.4929999999938675,0.9989016346607275
5.493999999993865,0.9989019960000148
5.494999999993863,0.9989023617814023
5.4959999999938605,0.9989027320748906
5.496999999993858,0.9989031069461242
5.497999999993856,0.9989034864499912
5.4989999999938535,0.9989038706252118
5.499999999993851,0.9989042594904398
5.500999999993849,0.9989046530422763
5.5019999999938465,0.9989050512553795
5.502999999993844,0.9989054540846547
5.503999999993842,0.9989058614693272
5.5049999999938395,0.9989062733384918
5.505999999993837,0.9989066896175917
5.506999999993835,0.9989071102352111
5.5079999999938325,0.9989075351294998
5.50899999999383,0.9989079642536178
5.509999999993828,0.9989083975796471
5.5109999999938255,0.9989088351006165
5.511999999993823,0.9989092768304135
5.512999999993821,0.9989097228016073
5.5139999999938185,0.9989101730613908
5.514999999993816,0.9989106276660356
5.515999999993814,0.9989110866744143
5.5169999999938115,0.9989115501411935
5.517999999993809,0.9989120181104026
5.518999999993807,0.9989124906099766
5.5199999999938045,0.9989129676478188
5.520999999993802,0.9989134492097717
5.5219999999938,0.9989139352596857
5.5229999999937975,0.9989144257415942
5.523999999993795,0.998914920583768
5.524999999993793,0.9989154197042618
5.5259999999937905,0.9989159230174189
5.526999999993788,0.9989164304406815
5.527999999993786,0.9989169419010556
5.5289999999937836,0.9989174573405958
5.529999999993781,0.9989179767203685
5.530999999993779,0.998918500022514
5.531999999993777,0.9989190272501991
5.532999999993774,0.9989195584254661
5.533999999993772,0.9989200935851934
5.53499999999377,0.9989206327755525
5.535999999993767,0.9989211760455152
5.536999999993765,0.9989217234400314
5.537999999993763,0.9989222749935555
5.53899999999376,0.9989228307245553
5.539999999993758,0.9989233906315346
5.540999999993756,0.9989239546909519
5.541999999993753,0.9989245228572673
5.542999999993751,0.998925095065079
5.543999999993749,0.9989256712331719
5.544999999993746,0.998926251270059
5.545999999993744,0.9989268350804966
5.546999999993742,0.9989274225723191
5.547999999993739,0.9989280136629397
5.548999999993737,0.9989286082848736
5.549999999993735,0.9989292063897455
5.550999999993732,0.9989298079503978
5.55199999999373,0.9989304129608746
5.552999999993728,0.998931021434307
5.553999999993725,0.9989316333988845
5.554999999993723,0.998932248892322
5.555999999993721,0.9989328679553557
5.556999999993718,0.9989334906249018
5.557999999993716,0.9989341169275514
5.558999999993714,0.9989347468740379
5.559999999993711,0.9989353804552219
5.560999999993709,0.9989360176399706
5.561999999993707,0.9989366583751619
5.562999999993704,0.9989373025877987
5.563999999993702,0.9989379501890343
5.5649999999937,0.998938601079717
5.565999999993697,0.9989392551569066
5.566999999993695,0.9989399123207342
5.567999999993693,0.9989405724809322
5.56899999999369,0.9989412355623977
5.569999999993688,0.9989419015092456
5.570999999993686,0.9989425702869507
5.571999999993683,0.9989432418823779
5.572999999993681,0.998943916301692
5.573999999993679,0.998944593566354
5.574999999993676,0.9989452737075919
5.575999999993674,0.9989459567598874
5.576999999993672,0.9989466427541216
5.577999999993669,0.9989473317110397
5.578999999993667,0.9989480236356816
5.579999999993665,0.99894871851332
5.580999999993662,0.9989494163073069
5.58199999999366,0.9989501169590351
5.582999999993658,0.9989508203900251
5.583999999993655,0.9989515265059291
5.584999999993653,0.9989522352020671
5.585999999993651,0.9989529463699537
5.586999999993648,0.9989536599041718
5.587999999993646,0.998954375708934
5.588999999993644,0.9989550937036785
5.589999999993641,0.9989558138271706
5.590999999993639,0.9989565360396775
5.591999999993637,0.9989572603230488
5.592999999993634,0.9989579866786467
5.593999999993632,0.998958715123371
5.59499999999363,0.9989594456841329
5.595999999993627,0.9989601783913467
5.596999999993625,0.9989609132720488
5.597999999993623,0.9989616503433421
5.59899999999362,0.9989623896067881
5.599999999993618,0.9989631310443065
5.600999999993616,0.9989638746159794
5.601999999993613,0.9989646202599706
5.602999999993611,0.998965367894586
5.603999999993609,0.9989661174222544
5.604999999993606,0.9989668687350522
5.605999999993604,0.99896762172123
5.606999999993602,0.9989683762721072
5.607999999993599,0.9989691322886572
5.608999999993597,0.9989698896871396
5.609999999993595,0.9989706484032365
5.6109999999935924,0.9989714083942801
5.61199999999359,0.9989721696393593
5.612999999993588,0.998972932137295
5.6139999999935855,0.9989736959026748
5.614999999993583,0.9989744609603542
5.615999999993581,0.9989752273389312
5.6169999999935785,0.9989759950638618
5.617999999993576,0.9989767641508731
5.618999999993574,0.9989775346003249
5.6199999999935715,0.9989783063930653
5.620999999993569,0.9989790794881942
5.621999999993567,0.9989798538229475
5.6229999999935645,0.9989806293147157
5.623999999993562,0.9989814058650048
5.62499999999356,0.9989821833649493
5.6259999999935575,0.9989829617018349
5.626999999993555,0.9989837407660097
5.627999999993553,0.9989845204574906
5.6289999999935505,0.9989853006916308
5.629999999993548,0.9989860814032938
5.630999999993546,0.9989868625491239
5.6319999999935435,0.9989876441076919
5.632999999993541,0.9989884260775036
5.633999999993539,0.9989892084730635
5.6349999999935365,0.9989899913193806
5.635999999993534,0.9989907746454526
5.636999999993532,0.9989915584773658
5.6379999999935295,0.9989923428316864
5.638999999993527,0.9989931277097839
5.639999999993525,0.9989939130936516
5.6409999999935225,0.998994698943626
5.64199999999352,0.9989954851982288
5.642999999993518,0.9989962717761551
5.6439999999935155,0.9989970585802009
5.644999999993513,0.9989978455027617
5.645999999993511,0.9989986324323589
5.6469999999935085,0.9989994192605519
5.647999999993506,0.9990002058885741
5.648999999993504,0.9990009922330286
5.6499999999935016,0.9990017782301007
5.650999999993499,0.9990025638378701
5.651999999993497,0.9990033490364963
5.652999999993495,0.9990041338262632
5.653999999993492,0.9990049182236698
5.65499999999349,0.9990057022559499
5.655999999993488,0.9990064859545618
5.656999999993485,0.9990072693482753
5.657999999993483,0.9990080524565438
5.658999999993481,0.9990088352837914
5.659999999993478,0.9990096178151973
5.660999999993476,0.9990104000143717
5.661999999993474,0.999011181823158
5.662999999993471,0.9990119631635778
5.663999999993469,0.9990127439417371
5.664999999993467,0.9990135240533023
5.665999999993464,0.9990143033900204
5.666999999993462,0.9990150818466444
5.66799999999346,0.9990158593275807
5.668999999993457,0.999016635752622
5.669999999993455,0.9990174110611937
5.670999999993453,0.9990181852147095
5.67199999999345,0.9990189581967951
5.672999999993448,0.9990197300113725
5.673999999993446,0.9990205006787747
5.674999999993443,0.9990212702302873
5.675999999993441,0.9990220387016397
5.676999999993439,0.9990228061260881
5.677999999993436,0.9990235725277606
5.678999999993434,0.9990243379159218
5.679999999993432,0.9990251022807125
5.680999999993429,0.9990258655907827
5.681999999993427,0.9990266277930534
5.682999999993425,0.9990273888146253
5.683999999993422,0.9990281485666463
5.68499999999342,0.9990289069497762
5.685999999993418,0.9990296638606918
5.686999999993415,0.9990304191990214
5.687999999993413,0.9990311728740103
5.688999999993411,0.9990319248102801
5.689999999993408,0.9990326749521118
5.690999999993406,0.9990334232658434
5.691999999993404,0.9990341697401375
5.692999999993401,0.9990349143840966
5.693999999993399,0.9990356572234126
5.694999999993397,0.9990363982949261
5.695999999993394,0.9990371376401284
5.696999999993392,0.9990378752982304
5.69799999999339,0.9990386112994969
5.698999999993387,0.9990393456594787
5.699999999993385,0.9990400783747113
5.700999999993383,0.999040809420312
5.70199999999338,0.9990415387496931
5.702999999993378,0.9990422662964275
5.703999999993376,0.9990429919780947
5.704999999993373,0.9990437157017109
5.705999999993371,0.9990444373702337
5.706999999993369,0.999045156889492
5.707999999993366,0.9990458741748701
5.708999999993364,0.999046589157096
5.709999999993362,0.9990473017865588
5.710999999993359,0.9990480120357463
5.711999999993357,0.9990487198995519
5.712999999993355,0.9990494253934329
5.713999999993352,0.9990501285495893
5.71499999999335,0.9990508294115438
5.715999999993348,0.9990515280276538
5.716999999993345,0.9990522244441764
5.717999999993343,0.9990529186985855
5.718999999993341,0.9990536108137738
5.719999999993338,0.9990543007937194
5.720999999993336,0.9990549886210366
5.721999999993334,0.9990556742566423
5.722999999993331,0.9990563576415891
5.723999999993329,0.999057038700869
5.724999999993327,0.9990577173488248
5.725999999993324,0.9990583934956376
5.726999999993322,0.9990590670542625
5.72799999999332,0.9990597379471231
5.728999999993317,0.9990604061119247
5.729999999993315,0.9990610715060116
5.730999999993313,0.9990617341088376
5.7319999999933104,0.9990623939223193
5.732999999993308,0.9990630509690321
5.733999999993306,0.999063705288422
5.7349999999933035,0.9990643569314079
5.735999999993301,0.999065005953905
5.736999999993299,0.999065652409891
5.7379999999932965,0.9990662963447046
5.738999999993294,0.9990669377892194
5.739999999993292,0.9990675767554792
5.7409999999932895,0.999068213234202
5.741999999993287,0.999068847194408
5.742999999993285,0.9990694785852059
5.7439999999932825,0.9990701073395635
5.74499999999328,0.9990707333796932
5.745999999993278,0.9990713566235244
5.7469999999932755,0.9990719769916374
5.747999999993273,0.9990725944139721
5.748999999993271,0.9990732088356635
5.7499999999932685,0.9990738202214317
5.750999999993266,0.9990744285580925
5.751999999993264,0.9990750338549536
5.7529999999932615,0.9990756361420491
5.753999999993259,0.9990762354663849
5.754999999993257,0.9990768318865696
5.7559999999932545,0.9990774254663417
5.756999999993252,0.9990780162676475
5.75799999999325,0.9990786043439163
5.7589999999932475,0.99907918973422
5.759999999993245,0.9990797724588629
5.760999999993243,0.9990803525168521
5.7619999999932405,0.9990809298854761
5.762999999993238,0.9990815045220539
5.763999999993236,0.999082076367668
5.7649999999932335,0.9990826453525179
5.765999999993231,0.9990832114023823
5.766999999993229,0.9990837744455477
5.7679999999932265,0.9990843344195259
5.768999999993224,0.9990848912769138
5.769999999993222,0.9990854449898116
5.7709999999932196,0.9990859955523765
5.771999999993217,0.9990865429812614
5.772999999993215,0.9990870873138834
5.773999999993213,0.999087628604708
5.77499999999321,0.999088166919908
5.775999999993208,0.999088702330905
5.776999999993206,0.9990892349074447
5.777999999993203,0.9990897647108683
5.778999999993201,0.9990902917882432
5.779999999993199,0.9990908161679212
5.780999999993196,0.99909133785697
5.781999999993194,0.9990918568407072
5.782999999993192,0.9990923730844085
5.783999999993189,0.9990928865370001
5.784999999993187,0.9990933971363897
5.785999999993185,0.9990939048159033
5.786999999993182,0.9990944095112136
5.78799999999318,0.9990949111670645
5.788999999993178,0.9990954097431508
5.789999999993175,0.9990959052185685
5.790999999993173,0.9990963975944087
5.791999999993171,0.9990968868942286
5.792999999993168,0.99909737316237
5.793999999993166,0.9990978564602756
5.794999999993164,0.999098336861174
5.795999999993161,0.999098814443643
5.796999999993159,0.9990992892846832
5.797999999993157,0.9990997614529846
5.798999999993154,0.9991002310030312
5.799999999993152,0.999100697970636
5.80099999999315,0.999101162370326
5.801999999993147,0.9991016241948371
5.802999999993145,0.9991020834167753
5.803999999993143,0.9991025399922808
5.80499999999314,0.9991029938663174
5.805999999993138,0.9991034449791006
5.806999999993136,0.9991038932730117
5.807999999993133,0.9991043386993332
5.808999999993131,0.9991047812241456
5.809999999993129,0.9991052208328078
5.810999999993126,0.9991056575325841
5.811999999993124,0.9991060913531616
5.812999999993122,0.9991065223450067
5.813999999993119,0.9991069505757167
5.814999999993117,0.9991073761247362
5.815999999993115,0.9991077990769375
5.816999999993112,0.999108219515701
5.81799999999311,0.9991086375161737
5.818999999993108,0.9991090531393594
5.819999999993105,0.9991094664276158
5.820999999993103,0.9991098774020052
5.821999999993101,0.999110286061752
5.822999999993098,0.9991106923858597
5.823999999993096,0.9991110963367318
5.824999999993094,0.9991114978654374
5.825999999993091,0.999111896918115
5.826999999993089,0.9991122934428783
5.827999999993087,0.9991126873965587
5.828999999993084,0.9991130787506144
5.829999999993082,0.9991134674956453
5.83099999999308,0.9991138536440485
5.831999999993077,0.9991142372305809
5.832999999993075,0.9991146183107544
5.833999999993073,0.9991149969572252
5.83499999999307,0.9991153732545377
5.835999999993068,0.9991157472927299
5.836999999993066,0.9991161191604194
5.837999999993063,0.9991164889380578
5.838999999993061,0.999116856692
5.839999999993059,0.999117222469979
5.840999999993056,0.9991175862984197
5.841999999993054,0.9991179481818534
5.842999999993052,0.999118308104494
5.843999999993049,0.9991186660338204
5.844999999993047,0.9991190219258125
5.845999999993045,0.9991193757313312
5.846999999993042,0.9991197274030135
5.84799999999304,0.9991200769020232
5.848999999993038,0.9991204242039666
5.849999999993035,0.999120769303442
5.850999999993033,0.9991211122167255
5.851999999993031,0.9991214529823708
5.8529999999930284,0.9991217916596473
5.853999999993026,0.9991221283249715
5.854999999993024,0.9991224630666751
5.8559999999930215,0.9991227959786338
5.856999999993019,0.9991231271533655
5.857999999993017,0.999123456675279
5.8589999999930145,0.9991237846147341
5.859999999993012,0.999124111023487
5.86099999999301,0.9991244359319653
5.8619999999930075,0.9991247593486514
5.862999999993005,0.9991250812616106
5.863999999993003,0.9991254016420417
5.8649999999930005,0.9991257204494768
5.865999999992998,0.999126037638138
5.866999999992996,0.9991263531638259
5.8679999999929935,0.9991266669906634
5.868999999992991,0.9991269790970352
5.869999999992989,0.9991272894801501
5.8709999999929865,0.999127598158768
5.871999999992984,0.9991279051738365
5.872999999992982,0.9991282105869687
5.8739999999929795,0.999128514476911
5.874999999992977,0.999128816934347
5.875999999992975,0.9991291180555456
5.8769999999929725,0.9991294179354728
5.87799999999297,0.999129716661043
5.878999999992968,0.9991300143051601
5.8799999999929655,0.9991303109221429
5.880999999992963,0.9991306065449671
5.881999999992961,0.9991309011846126
5.8829999999929585,0.9991311948315493
5.883999999992956,0.9991314874592477
5.884999999992954,0.9991317790293502
5.8859999999929515,0.9991320694980024
5.886999999992949,0.9991323588227267
5.887999999992947,0.9991326469691663
5.8889999999929445,0.9991329339170388
5.889999999992942,0.9991332196647192
5.89099999999294,0.9991335042319993
5.8919999999929376,0.9991337876607621
5.892999999992935,0.9991340700134965
5.893999999992933,0.9991343513698063
5.894999999992931,0.9991346318212485
5.895999999992928,0.9991349114650016
5.896999999992926,0.9991351903969943
5.897999999992924,0.9991354687051559
5.898999999992921,0.9991357464634502
5.899999999992919,0.9991360237272766
5.900999999992917,0.9991363005306849
5.901999999992914,0.9991365768856786
5.902999999992912,0.9991368527836698
5.90399999999291,0.999137128198948
5.904999999992907,0.9991374030938165
5.905999999992905,0.9991376774249012
5.906999999992903,0.9991379511500112
5.9079999999929,0.9991382242348793
5.908999999992898,0.9991384966591245
5.909999999992896,0.9991387684208543
5.910999999992893,0.9991390395394599
5.911999999992891,0.9991393100563207
5.912999999992889,0.9991395800333666
5.913999999992886,0.9991398495496167
5.914999999992884,0.9991401186960511
5.915999999992882,0.9991403875693172
5.916999999992879,0.9991406562648587
5.917999999992877,0.9991409248701791
5.918999999992875,0.9991411934588652
5.919999999992872,0.9991414620859668
5.92099999999287,0.9991417307851844
5.921999999992868,0.9991419995681351
5.922999999992865,0.999142268425773
5.923999999992863,0.9991425373318144
5.924999999992861,0.9991428062478478
5.925999999992858,0.999143075129611
5.926999999992856,0.99914334393384
5.927999999992854,0.9991436126250014
5.928999999992851,0.9991438811812672
5.929999999992849,0.999144149599136
5.930999999992847,0.9991444178962524
5.931999999992844,0.9991446861121555
5.932999999992842,0.9991449543068684
5.93399999999284,0.9991452225574854
5.934999999992837,0.9991454909530773
5.935999999992835,0.9991457595884153
5.936999999992833,0.9991460285571283
5.93799999999283,0.9991462979449671
5.938999999992828,0.9991465678238185
5.939999999992826,0.9991468382470743
5.940999999992823,0.9991471092467874
5.941999999992821,0.999147380832905
5.942999999992819,0.9991476529946496
5.943999999992816,0.9991479257039096
5.944999999992814,0.9991481989203127
5.945999999992812,0.9991484725974793
5.946999999992809,0.999148746689852
5.947999999992807,0.9991490211594243
5.948999999992805,0.9991492959817205
5.949999999992802,0.9991495711504348
5.9509999999928,0.9991498466802788
5.951999999992798,0.9991501226077617
5.952999999992795,0.9991503989898223
5.953999999992793,0.9991506759004528
5.954999999992791,0.9991509534256348
5.955999999992788,0.9991512316570995
5.956999999992786,0.9991515106854962
5.957999999992784,0.999151790593669
5.958999999992781,0.9991520714506644
5.959999999992779,0.9991523533070829
5.960999999992777,0.9991526361922134
5.961999999992774,0.9991529201132303
5.962999999992772,0.9991532050565405
5.96399999999277,0.999153490991136
5.964999999992767,0.9991537778736305
5.965999999992765,0.9991540656544889
5.966999999992763,0.9991543542848368
5.96799999999276,0.9991546437231825
5.968999999992758,0.9991549339414033
5.969999999992756,0.9991552249293946
5.970999999992753,0.9991555166979512
5.971999999992751,0.9991558092795748
5.972999999992749,0.9991561027271487
5.9739999999927464,0.9991563971105929
5.974999999992744,0.9991566925118451
5.975999999992742,0.9991569890186407
5.9769999999927395,0.999157286717708
5.977999999992737,0.9991575856880494
5.978999999992735,0.9991578859949497
5.9799999999927325,0.9991581876853143
5.98099999999273,0.9991584907847759
5.981999999992728,0.9991587952968632
5.9829999999927255,0.9991591012043118
5.983999999992723,0.9991594084723762
5.984999999992721,0.9991597170538375
5.9859999999927185,0.9991600268952024
5.986999999992716,0.9991603379434904
5.987999999992714,0.9991606501529504
5.9889999999927115,0.9991609634910479
5.989999999992709,0.9991612779431324
5.990999999992707,0.9991615935153362
5.9919999999927045,0.9991619102354222
5.992999999992702,0.9991622281514881
5.9939999999927,0.9991625473286666
5.9949999999926975,0.9991628678441372
5.995999999992695,0.9991631897809389
5.996999999992693,0.9991635132211867
5.9979999999926905,0.9991638382393639
5.998999999992688,0.999164164896327
5.999999999992686,0.9991644932346323
6.0009999999926835,0.9991648232756248
6.001999999992681,0.9991651550185726
6.002999999992679,0.9991654884419406
6.0039999999926765,0.9991658235066705
6.004999999992674,0.9991661601611493
6.005999999992672,0.9991664983473793
6.0069999999926695,0.9991668380077493
6.007999999992667,0.9991671790917381
6.008999999992665,0.9991675215618985
6.0099999999926625,0.9991678653985444
6.01099999999266,0.9991682106026729
6.011999999992658,0.999168557196836
6.0129999999926556,0.99916890522389
6.013999999992653,0.9991692547437273
6.014999999992651,0.9991696058283269
6.015999999992649,0.9991699585556002
6.016999999992646,0.9991703130026269
6.017999999992644,0.9991706692389615
6.018999999992642,0.9991710273206398
6.019999999992639,0.9991713872854946
6.020999999992637,0.9991717491502193
6.021999999992635,0.9991721129094772
6.022999999992632,0.9991724785371379
6.02399999999263,0.999172845989524
6.024999999992628,0.9991732152103413
6.025999999992625,0.9991735861368195
6.026999999992623,0.999173958706461
6.027999999992621,0.9991743328637317
6.028999999992618,0.9991747085660498
6.029999999992616,0.9991750857884809
6.030999999992614,0.9991754645266768
6.031999999992611,0.9991758447977876
6.032999999992609,0.9991762266392394
6.033999999992607,0.9991766101055074
6.034999999992604,0.9991769952632059
6.035999999992602,0.9991773821849591
6.0369999999926,0.9991777709426649
6.037999999992597,0.9991781616008154
6.038999999992595,0.9991785542105067
6.039999999992593,0.9991789488047419
6.04099999999259,0.9991793453954748
6.041999999992588,0.999179743972695
6.042999999992586,0.9991801445056269
6.043999999992583,0.9991805469459379
6.044999999992581,0.9991809512326345
6.045999999992579,0.9991813572981745
6.046999999992576,0.9991817650751896
6.047999999992574,0.999182174503164
6.048999999992572,0.9991825855344197
6.049999999992569,0.9991829981388256
6.050999999992567,0.9991834123067537
6.051999999992565,0.9991838280500227
6.052999999992562,0.9991842454007092
6.05399999999256,0.9991846644079613
6.054999999992558,0.999185085133122
6.055999999992555,0.9991855076436368
6.056999999992553,0.9991859320063429
6.057999999992551,0.9991863582807975
6.058999999992548,0.9991867865132981
6.059999999992546,0.9991872167321745
6.060999999992544,0.999187648944819
6.061999999992541,0.999188083136735
6.062999999992539,0.9991885192727058
6.063999999992537,0.9991889572999664
6.064999999992534,0.9991893971530653
6.065999999992532,0.9991898387599405
6.06699999999253,0.9991902820486203
6.067999999992527,0.999190726953887
6.068999999992525,0.9991911734232607
6.069999999992523,0.999191621421712
6.07099999999252,0.9991920709346465
6.071999999992518,0.9991925219688672
6.072999999992516,0.9991929745514276
6.073999999992513,0.9991934287264814
6.074999999992511,0.9991938845504431
6.075999999992509,0.9991943420859277
6.076999999992506,0.9991948013950678
6.077999999992504,0.9991952625328577
6.078999999992502,0.9991957255411792
6.079999999992499,0.9991961904440844
6.080999999992497,0.9991966572448083
6.081999999992495,0.9991971259247927
6.082999999992492,0.9991975964448195
6.08399999999249,0.9991980687481435
6.084999999992488,0.9991985427653198
6.085999999992485,0.999199018420248
6.086999999992483,0.9991994956368444
6.087999999992481,0.9991999743456926
6.088999999992478,0.9992004544900218
6.089999999992476,0.9992009360304273
6.090999999992474,0.9992014189478712
6.091999999992471,0.9992019032446773
6.092999999992469,0.9992023889434156
6.093999999992467,0.9992028760837901
6.0949999999924644,0.9992033647178366
6.095999999992462,0.9992038549039014
6.09699999999246,0.9992043466999775
6.0979999999924575,0.9992048401570733
6.098999999992455,0.9992053353132391
6.099999999992453,0.9992058321888456
6.1009999999924505,0.9992063307835802
6.101999999992448,0.9992068310754423
6.102999999992446,0.9992073330218448
6.1039999999924435,0.9992078365627104
6.104999999992441,0.9992083416252588
6.105999999992439,0.9992088481300171
6.1069999999924365,0.9992093559974691
6.107999999992434,0.9992098651546851
6.108999999992432,0.9992103755412985
6.1099999999924295,0.9992108871142281
6.110999999992427,0.9992113998506993
6.111999999992425,0.9992119137492648
6.1129999999924225,0.9992124288287222
6.11399999999242,0.9992129451250433
6.114999999992418,0.99921346268661
6.1159999999924155,0.9992139815682212
6.116999999992413,0.9992145018244659
6.117999999992411,0.9992150235031058
6.1189999999924085,0.9992155466391041
6.119999999992406,0.9992160712499074
6.120999999992404,0.9992165973324199
6.1219999999924015,0.9992171248619731
6.122999999992399,0.9992176537933987
6.123999999992397,0.9992181840640786
6.1249999999923945,0.9992187155987001
6.125999999992392,0.9992192483152329
6.12699999999239,0.9992197821315447
6.1279999999923875,0.9992203169720218
6.128999999992385,0.9992208527735269
6.129999999992383,0.9992213894901368
6.1309999999923805,0.999221927096177
6.131999999992378,0.9992224655872668
6.132999999992376,0.9992230049792741
6.1339999999923736,0.9992235453052797
6.134999999992371,0.9992240866108526
6.135999999992369,0.9992246289480944
6.136999999992367,0.9992251723690404
6.137999999992364,0.9992257169190544
6.138999999992362,0.9992262626308782
6.13999999999236,0.9992268095198981
6.140999999992357,0.9992273575811088
6.141999999992355,0.999227906788056
6.142999999992353,0.9992284570938726
6.14399999999235,0.9992290084342982
6.144999999992348,0.9992295607323881
6.145999999992346,0.9992301139044594
6.146999999992343,0.9992306678666769
6.147999999992341,0.9992312225416532
6.148999999992339,0.9992317778644028
6.149999999992336,0.9992323337870762
6.150999999992334,0.9992328902820155
6.151999999992332,0.9992334473428246
6.152999999992329,0.9992340049833577
6.153999999992327,0.9992345632347218
6.154999999992325,0.9992351221405901
6.155999999992322,0.9992356817512826
6.15699999999232,0.9992362421171951
6.157999999992318,0.9992368032822178
6.158999999992315,0.9992373652777894
6.159999999992313,0.9992379281181637
6.160999999992311,0.9992384917973569
6.161999999992308,0.9992390562880602
6.162999999992306,0.9992396215426511
6.163999999992304,0.9992401874961662
6.164999999992301,0.9992407540709782
6.165999999992299,0.9992413211827007
6.166999999992297,0.999241888746749
6.167999999992294,0.9992424566849128
6.168999999992292,0.9992430249313083
6.16999999999229,0.9992435934371131
6.170999999992287,0.9992441621736357
6.171999999992285,0.9992447311334106
6.172999999992283,0.99924530032922
6.17399999999228,0.9992458697911377
6.174999999992278,0.9992464395618773
6.175999999992276,0.9992470096909125
6.176999999992273,0.9992475802279354
6.177999999992271,0.999248151216295
6.178999999992269,0.9992487226870611
6.179999999992266,0.9992492946542894
6.180999999992264,0.9992498671119501
6.181999999992262,0.9992504400328235
6.182999999992259,0.9992510133694675
6.183999999992257,0.9992515870571611
6.184999999992255,0.999252161018537
6.185999999992252,0.9992527351694486
6.18699999999225,0.9992533094255015
6.187999999992248,0.9992538837086072
6.188999999992245,0.9992544579529209
6.189999999992243,0.9992550321095819
6.190999999992241,0.999255606149793
6.191999999992238,0.9992561800659449
6.192999999992236,0.9992567538706709
6.193999999992234,0.9992573275939245
6.194999999992231,0.9992579012783704
6.195999999992229,0.999258474973541
6.196999999992227,0.9992590487293255
6.197999999992224,0.999259622589431
6.198999999992222,0.9992601965854543
6.19999999999222,0.999260770732148
6.200999999992217,0.9992613450243357
6.201999999992215,0.9992619194357754
6.202999999992213,0.9992624939201025
6.20399999999221,0.99926306841373
6.204999999992208,0.9992636428404396
6.205999999992206,0.9992642171172168
6.206999999992203,0.999264791160746
6.207999999992201,0.9992653648939431
6.208999999992199,0.9992659382518816
6.209999999992196,0.999266511186534
6.210999999992194,0.999267083669865
6.211999999992192,0.9992676556949829
6.212999999992189,0.9992682272752215
6.213999999992187,0.9992687984412576
6.214999999992185,0.9992693692365462
6.2159999999921824,0.9992699397115089
6.21699999999218,0.9992705099170587
6.217999999992178,0.9992710798980801
6.2189999999921755,0.9992716496875161
6.219999999992173,0.9992722193016285
6.220999999992171,0.9992727887368983
6.2219999999921685,0.9992733579688761
6.222999999992166,0.9992739269530757
6.223999999992164,0.999274495627846
6.2249999999921615,0.9992750639189218
6.225999999992159,0.9992756317452118
6.226999999992157,0.9992761990252721
6.2279999999921545,0.9992767656838067
6.228999999992152,0.9992773316575866
6.22999999999215,0.9992778969001893
6.2309999999921475,0.999278461385105
6.231999999992145,0.99927902510691
6.232999999992143,0.9992795880803861
6.2339999999921405,0.9992801503376708
6.234999999992138,0.9992807119237366
6.235999999992136,0.9992812728906155
6.2369999999921335,0.9992818332909535
6.237999999992131,0.9992823931715192
6.238999999992129,0.9992829525672987
6.2399999999921265,0.9992835114967566
6.240999999992124,0.9992840699587265
6.241999999992122,0.9992846279312292
6.2429999999921195,0.9992851853723419
6.243999999992117,0.9992857422230265
6.244999999992115,0.9992862984116387
6.2459999999921125,0.9992868538596829
6.24699999999211,0.9992874084882432
6.247999999992108,0.999287962224468
6.2489999999921055,0.9992885150074708
6.249999999992103,0.9992890667930712
6.250999999992101,0.9992896175569143
6.2519999999920985,0.9992901672956634
6.252999999992096,0.9992907160261527
6.253999999992094,0.9992912637825805
6.2549999999920916,0.9992918106120223
6.255999999992089,0.999292356568697
6.256999999992087,0.9992929017075542
6.257999999992085,0.999293446077806
6.258999999992082,0.9992939897170353
6.25999999999208,0.9992945326464567
6.260999999992078,0.9992950748677942
6.261999999992075,0.9992956163620768
6.262999999992073,0.9992961570904748
6.263999999992071,0.9992966969970869
6.264999999992068,0.9992972360134098
6.265999999992066,0.9992977740640525
6.266999999992064,0.9992983110731367
6.267999999992061,0.9992988469707527
6.268999999992059,0.9992993816988467
6.269999999992057,0.9992999152159582
6.270999999992054,0.999300447500356
6.271999999992052,0.9993009785512502
6.27299999999205,0.9993015083879763
6.273999999992047,0.9993020370472272
6.274999999992045,0.9993025645786083
6.275999999992043,0.9993030910389412
6.27699999999204,0.999303616485882
6.277999999992038,0.9993041409714835
6.278999999992036,0.9993046645363112
6.279999999992033,0.9993051872047118
6.280999999992031,0.9993057089816707
6.281999999992029,0.9993062298515951
6.282999999992026,0.9993067497791065
6.283999999992024,0.9993072687117973
6.284999999992022,0.9993077865846532
6.285999999992019,0.9993083033257328
6.286999999992017,0.9993088188625283
6.287999999992015,0.9993093331283983
6.288999999992012,0.9993098460684372
6.28999999999201,0.9993103576442172
6.290999999992008,0.9993108678369257
6.291999999992005,0.9993113766486054
6.292999999992003,0.9993118841013686
6.293999999992001,0.9993123902346673
6.294999999991998,0.999312895100884
6.295999999991996,0.9993133987596832
6.296999999991994,0.9993139012716613
6.297999999991991,0.9993144026919302
6.298999999991989,0.9993149030642531
6.299999999991987,0.9993154024163082
6.300999999991984,0.9993159007565442
6.301999999991982,0.999316398072932
6.30299999999198,0.9993168943337315
6.303999999991977,0.9993173894902033
6.304999999991975,0.9993178834809979
6.305999999991973,0.999318376237786
6.30699999999197,0.9993188676915881
6.307999999991968,0.9993193577791797
6.308999999991966,0.9993198464489489
6.309999999991963,0.9993203336656287
6.310999999991961,0.9993208194134479
6.311999999991959,0.9993213036973879
6.312999999991956,0.9993217865424375
6.313999999991954,0.9993222679908925
6.314999999991952,0.9993227480979935
6.315999999991949,0.9993232269263091
6.316999999991947,0.9993237045394298
6.317999999991945,0.9993241809955706
6.318999999991942,0.9993246563417252
6.31999999999194,0.9993251306089341
6.320999999991938,0.9993256038091274
6.321999999991935,0.9993260759338549
6.322999999991933,0.9993265469550222
6.323999999991931,0.9993270168275643
6.324999999991928,0.9993274854937879
6.325999999991926,0.9993279528889691
6.326999999991924,0.9993284189476411
6.327999999991921,0.9993288836099747
6.328999999991919,0.9993293468276149
6.329999999991917,0.9993298085684149
6.330999999991914,0.9993302688195927
6.331999999991912,0.9993307275890139
6.33299999999191,0.9993311849044664
6.333999999991907,0.9993316408110061
6.334999999991905,0.9993320953666359
6.335999999991903,0.9993325486367265
6.3369999999919004,0.9993330006877439
6.337999999991898,0.9993334515808836
6.338999999991896,0.9993339013662389
6.3399999999918935,0.9993343500780701
6.340999999991891,0.999334797731643
6.341999999991889,0.9993352443219343
6.3429999999918865,0.9993356898243374
6.343999999991884,0.9993361341972968
6.344999999991882,0.9993365773866122
6.3459999999918795,0.9993370193309875
6.346999999991877,0.9993374599682915
6.347999999991875,0.9993378992419027
6.3489999999918725,0.9993383371065349
6.34999999999187,0.9993387735329594
6.350999999991868,0.9993392085111751
6.3519999999918655,0.999339642051708
6.352999999991863,0.9993400741849195
6.353999999991861,0.9993405049583878
6.3549999999918585,0.999340934432626
6.355999999991856,0.9993413626755469
6.356999999991854,0.9993417897562255
6.3579999999918515,0.9993422157385586
6.358999999991849,0.9993426406754543
6.359999999991847,0.9993430646041047
6.3609999999918445,0.999343487542813
6.361999999991842,0.9993439094896803
6.36299999999184,0.9993443304232825
6.3639999999918375,0.9993447503052646
6.364999999991835,0.9993451690846032
6.365999999991833,0.9993455867031169
6.3669999999918305,0.9993460031016843
6.367999999991828,0.9993464182265678
6.368999999991826,0.9993468320352122
6.3699999999918235,0.9993472445009696
6.370999999991821,0.9993476556162723
6.371999999991819,0.9993480653939493
6.3729999999918165,0.9993484738665703
6.373999999991814,0.9993488810838619
6.374999999991812,0.9993492871084665
6.3759999999918096,0.9993496920104461
6.376999999991807,0.9993500958610859
6.377999999991805,0.9993504987265781
6.378999999991803,0.9993509006622309
6.3799999999918,0.9993513017077474
6.380999999991798,0.9993517018840467
6.381999999991796,0.9993521011919285
6.382999999991793,0.9993524996127209
6.383999999991791,0.9993528971108371
6.384999999991789,0.9993532936379954
6.385999999991786,0.9993536891386918
6.386999999991784,0.9993540835563758
6.387999999991782,0.9993544768397462
6.388999999991779,0.999354868948535
6.389999999991777,0.9993552598582187
6.390999999991775,0.9993556495632013
6.391999999991772,0.9993560380781544
6.39299999999177,0.9993564254373792
6.393999999991768,0.9993568116922709
6.394999999991765,0.9993571969071074
6.395999999991763,0.9993575811536102
6.396999999991761,0.9993579645047662
6.397999999991758,0.9993583470285575
6.398999999991756,0.9993587287821771
6.399999999991754,0.9993591098073231
6.400999999991751,0.9993594901270072
6.401999999991749,0.9993598697442054
6.402999999991747,0.9993602486424734
6.403999999991744,0.999360626788466
6.404999999991742,0.9993610041361194
6.40599999999174,0.9993613806320755
6.406999999991737,0.9993617562218275
6.407999999991735,0.9993621308559812
6.408999999991733,0.9993625044960206
6.40999999999173,0.9993628771190108
6.410999999991728,0.999363248720788
6.411999999991726,0.999363619317315
6.412999999991723,0.9993639889440761
6.413999999991721,0.9993643576535746
6.414999999991719,0.9993647255111652
6.415999999991716,0.9993650925896534
6.416999999991714,0.9993654589631582
6.417999999991712,0.9993658247008673
6.418999999991709,0.9993661898612805
6.419999999991707,0.9993665544875023
6.420999999991705,0.9993669186040502
6.421999999991702,0.9993672822154894
6.4229999999917,0.9993676453070149
6.423999999991698,0.9993680078469374
6.424999999991695,0.9993683697908228
6.425999999991693,0.9993687310868764
6.426999999991691,0.9993690916820496
6.427999999991688,0.9993694515282696
6.428999999991686,0.9993698105881857
6.429999999991684,0.9993701688398655
6.430999999991681,0.9993705262799862
6.431999999991679,0.9993708829252088
6.432999999991677,0.9993712388116028
6.433999999991674,0.9993715939921782
6.434999999991672,0.999371948532762
6.43599999999167,0.9993723025066314
6.436999999991667,0.9993726559884242
6.437999999991665,0.9993730090479191
6.438999999991663,0.9993733617443002
6.43999999999166,0.9993737141214604
6.440999999991658,0.9993740662048064
6.441999999991656,0.9993744179998715
6.442999999991653,0.999374769492872
6.443999999991651,0.9993751206531616
6.444999999991649,0.999375471437323
6.445999999991646,0.9993758217945147
6.446999999991644,0.9993761716725394
6.447999999991642,0.9993765210240387
6.448999999991639,0.9993768698122237
6.449999999991637,0.9993772180155585
6.450999999991635,0.9993775656309546
6.451999999991632,0.9993779126751657
6.45299999999163,0.9993782591842372
6.453999999991628,0.9993786052110712
6.454999999991625,0.9993789508213525
6.455999999991623,0.9993792960882147
6.456999999991621,0.9993796410861924
6.4579999999916184,0.9993799858850353
6.458999999991616,0.9993803305439919
6.459999999991614,0.9993806751071221
6.4609999999916115,0.9993810196001012
6.461999999991609,0.9993813640288134
6.462999999991607,0.999381708379888
6.4639999999916045,0.9993820526231078
6.464999999991602,0.9993823967154677
6.4659999999916,0.9993827406064774
6.4669999999915975,0.9993830842441915
6.467999999991595,0.9993834275813759
6.468999999991593,0.9993837705812073
6.4699999999915905,0.9993841132219556
6.470999999991588,0.9993844555001793
6.471999999991586,0.9993847974321337
6.4729999999915835,0.9993851390532494
6.473999999991581,0.9993854804157338
6.474999999991579,0.9993858215845322
6.4759999999915765,0.9993861626320432
6.476999999991574,0.9993865036321056
6.477999999991572,0.9993868446538465
6.4789999999915695,0.9993871857559847
6.479999999991567,0.9993875269821595
6.480999999991565,0.9993878683577255
6.4819999999915625,0.9993882098883365
6.48299999999156,0.9993885515604498
6.483999999991558,0.9993888933437063
6.4849999999915555,0.9993892351949456
6.485999999991553,0.9993895770634643
6.486999999991551,0.9993899188970112
6.4879999999915485,0.999390260647921
6.488999999991546,0.9993906022787896
6.489999999991544,0.9993909437671457
6.4909999999915415,0.9993912851086499
6.491999999991539,0.9993916263185173
6.492999999991537,0.9993919674310223
6.4939999999915345,0.9993923084971338
6.494999999991532,0.9993926495805208
6.49599999999153,0.9993929907523057
6.4969999999915276,0.999393332085092
6.497999999991525,0.9993936736468443
6.498999999991523,0.9993940154952188
6.499999999991521,0.999394357672899
6.500999999991518,0.9993947002043895
6.501999999991516,0.9993950430945914
6.502999999991514,0.9993953863292745
6.503999999991511,0.9993957298774245
6.504999999991509,0.9993960736952181
6.505999999991507,0.9993964177312445
6.506999999991504,0.9993967619324539
6.507999999991502,0.9993971062502601
6.5089999999915,0.9993974506462
6.509999999991497,0.9993977950965837
6.510999999991495,0.9993981395957027
6.511999999991493,0.999398484157259
6.51299999999149,0.9993988288139032
6.513999999991488,0.9993991736149015
6.514999999991486,0.9993995186221785
6.515999999991483,0.9993998639051186
6.516999999991481,0.999400209534628
6.517999999991479,0.9994005555770512
6.518999999991476,0.9994009020885241
6.519999999991474,0.9994012491103236
6.520999999991472,0.9994015966656614
6.521999999991469,0.9994019447582403
6.522999999991467,0.99940229337271
6.523999999991465,0.9994026424769747
6.524999999991462,0.99940299202613
6.52599999999146,0.9994033419676424
6.526999999991458,0.9994036922472599
6.527999999991455,0.9994040428150813
6.528999999991453,0.9994043936311886
6.529999999991451,0.9994047446702887
6.530999999991448,0.9994050959249187
6.531999999991446,0.9994054474068916
6.532999999991444,0.999405799146859
6.533999999991441,0.99940615119201
6.534999999991439,0.999406503602157
6.535999999991437,0.9994068564445764
6.536999999991434,0.9994072097881135
6.537999999991432,0.9994075636971312
6.53899999999143,0.9994079182258884
6.539999999991427,0.9994082734139017
6.540999999991425,0.9994086292827403
6.541999999991423,0.9994089858345732
6.54299999999142,0.9994093430525929
6.543999999991418,0.9994097009032986
6.544999999991416,0.9994100593403855
6.545999999991413,0.9994104183098891
6.546999999991411,0.9994107777560537
6.547999999991409,0.9994111376273676
6.548999999991406,0.9994114978821695
6.549999999991404,0.999411858493281
6.550999999991402,0.9994122194512092
6.551999999991399,0.9994125807656072
6.552999999991397,0.999412942464856
6.553999999991395,0.9994133045938044
6.554999999991392,0.9994136672098887
6.55599999999139,0.9994140303780195
6.556999999991388,0.9994143941647242
6.557999999991385,0.9994147586321319
6.558999999991383,0.9994151238323771
6.559999999991381,0.9994154898029737
6.560999999991378,0.9994158565636146
6.561999999991376,0.9994162241147021
6.562999999991374,0.9994165924377526
6.563999999991371,0.9994169614976433
6.564999999991369,0.999417331246467
6.565999999991367,0.9994177016286285
6.566999999991364,0.9994180725866784
6.567999999991362,0.9994184440673122
6.56899999999136,0.9994188160269519
6.569999999991357,0.9994191884363646
6.570999999991355,0.9994195612838628
6.571999999991353,0.9994199345767797
6.57299999999135,0.9994203083410746
6.573999999991348,0.999420682619102
6.574999999991346,0.9994210574657776
6.575999999991343,0.9994214329434998
6.576999999991341,0.9994218091163396
6.577999999991339,0.9994221860440538
6.5789999999913364,0.9994225637765205
6.579999999991334,0.9994229423491274
6.580999999991332,0.9994233217795668
6.5819999999913295,0.9994237020663628
6.582999999991327,0.9994240831892494
6.583999999991325,0.9994244651113847
6.5849999999913225,0.9994248477831668
6.58599999999132,0.9994252311472893
6.586999999991318,0.9994256151445342
6.5879999999913155,0.999425999719737
6.588999999991313,0.9994263848273442
6.589999999991311,0.9994267704360141
6.5909999999913085,0.9994271565318189
6.591999999991306,0.9994275431197268
6.592999999991304,0.9994279302232345
6.5939999999913015,0.9994283178821686
6.594999999991299,0.9994287061488898
6.595999999991297,0.9994290950832567
6.5969999999912945,0.9994294847468574
6.597999999991292,0.9994298751970582
6.59899999999129,0.9994302664814627
6.5999999999912875,0.9994306586333181
6.600999999991285,0.9994310516683159
6.601999999991283,0.9994314455830998
6.6029999999912805,0.9994318403556297
6.603999999991278,0.9994322359473579
6.604999999991276,0.999432632307013
6.6059999999912735,0.9994330293756079
6.606999999991271,0.999433427092196
6.607999999991269,0.9994338253997977
6.6089999999912665,0.9994342242509346
6.609999999991264,0.9994346236122139
6.610999999991262,0.9994350234675289
6.6119999999912595,0.999435423819553
6.612999999991257,0.9994358246893909
6.613999999991255,0.9994362261144158
6.6149999999912525,0.9994366281445115
6.61599999999125,0.9994370308370782
6.616999999991248,0.9994374342513056
6.6179999999912456,0.9994378384422562
6.618999999991243,0.9994382434553535
6.619999999991241,0.9994386493217993
6.620999999991239,0.999439056055383
6.621999999991236,0.9994394636509807
6.622999999991234,0.9994398720848895
6.623999999991232,0.999440281316982
6.624999999991229,0.9994406912944429
6.625999999991227,0.9994411019567402
6.626999999991225,0.9994415132413385
6.627999999991222,0.9994419250895936
6.62899999999122,0.9994423374522572
6.629999999991218,0.9994427502940467
6.630999999991215,0.9994431635968395
6.631999999991213,0.9994435773611817
6.632999999991211,0.99944399160596
6.633999999991208,0.9994444063662683
6.634999999991206,0.999444821689689
6.635999999991204,0.9994452376313477
6.636999999991201,0.999445654248216
6.637999999991199,0.9994460715932383
6.638999999991197,0.9994464897098463
6.639999999991194,0.9994469086273934
6.640999999991192,0.9994473283579648
6.64199999999119,0.999447748894867
6.642999999991187,0.9994481702129488
6.643999999991185,0.9994485922707135
6.644999999991183,0.9994490150140228
6.64599999999118,0.9994494383810283
6.646999999991178,0.9994498623078402
6.647999999991176,0.9994502867343878
6.648999999991173,0.999450711609896
6.649999999991171,0.9994511368974395
6.650999999991169,0.9994515625771346
6.651999999991166,0.9994519886476546
6.652999999991164,0.9994524151259231
6.653999999991162,0.9994528420450167
6.654999999991159,0.9994532694504802
6.655999999991157,0.9994536973954252
6.656999999991155,0.9994541259348733
6.657999999991152,0.999454555119919
6.65899999999115,0.9994549849922733
6.659999999991148,0.9994554155797132
6.660999999991145,0.9994558468928979
6.661999999991143,0.99945627892385
6.662999999991141,0.9994567116462516
6.663999999991138,0.9994571450175311
6.664999999991136,0.999457578982525
6.665999999991134,0.9994580134783669
6.666999999991131,0.9994584484401198
6.667999999991129,0.9994588838065984
6.668999999991127,0.9994593195258156
6.669999999991124,0.999459755559523
6.670999999991122,0.9994601918863966
6.67199999999112,0.999460628503561
6.672999999991117,0.9994610654263067
6.673999999991115,0.9994615026860155
6.674999999991113,0.9994619403265264
6.67599999999111,0.9994623783992634
6.676999999991108,0.9994628169576285
6.677999999991106,0.9994632560512007
6.678999999991103,0.9994636957203025
6.679999999991101,0.99946413599147
6.680999999991099,0.9994645768742749
6.681999999991096,0.9994650183597953
6.682999999991094,0.999465460420894
6.683999999991092,0.9994659030142706
6.684999999991089,0.9994663460840904
6.685999999991087,0.9994667895668267
6.686999999991085,0.9994672333968554
6.687999999991082,0.9994676775122396
6.68899999999108,0.9994681218601487
6.689999999991078,0.9994685664013797
6.690999999991075,0.9994690111135403
6.691999999991073,0.9994694559925807
6.692999999991071,0.9994699010525255
6.693999999991068,0.9994703463234436
6.694999999991066,0.9994707918478358
6.695999999991064,0.9994712376758169
6.696999999991061,0.9994716838595434
6.697999999991059,0.999472130447451
6.698999999991057,0.9994725774788481
6.6999999999910544,0.9994730249794099
6.700999999991052,0.9994734729579952
6.70199999999105,0.9994739214051188
6.7029999999910475,0.9994743702932056
6.703999999991045,0.9994748195786116
6.704999999991043,0.9994752692052165
6.7059999999910405,0.9994757191092261
6.706999999991038,0.9994761692247217
6.707999999991036,0.9994766194894096
6.7089999999910335,0.9994770698500132
6.709999999991031,0.9994775202667738
6.710999999991029,0.9994779707166292
6.7119999999910265,0.9994784211947538
6.712999999991024,0.9994788717143113
6.713999999991022,0.9994793223044495
6.7149999999910195,0.9994797730067352
6.715999999991017,0.999480223870367
6.716999999991015,0.9994806749466536
6.7179999999910125,0.999481126283282
6.71899999999101,0.9994815779189443
6.719999999991008,0.9994820298788446
6.7209999999910055,0.9994824821715285
6.721999999991003,0.9994829347873423
6.722999999991001,0.9994833876986702
6.7239999999909985,0.999483840861925
6.724999999990996,0.9994842942211003
6.725999999990994,0.9994847477125349
6.7269999999909915,0.9994852012704192
6.727999999990989,0.9994856548325098
6.728999999990987,0.9994861083454877
6.7299999999909845,0.999486561769446
6.730999999990982,0.9994870150810587
6.73199999999098,0.99948746827513
6.7329999999909775,0.9994879213643639
6.733999999990975,0.9994883743773934
6.734999999990973,0.9994888273552485
6.7359999999909705,0.9994892803466142
6.736999999990968,0.9994897334023445
6.737999999990966,0.9994901865697735
6.7389999999909636,0.999490639887369
6.739999999990961,0.9994910933802593
6.740999999990959,0.9994915470570659
6.741999999990957,0.999492000908359
6.742999999990954,0.9994924549068728
6.743999999990952,0.9994929090094674
6.74499999999095,0.9994933631606451
6.745999999990947,0.9994938172972698
6.746999999990945,0.999494271354035
6.747999999990943,0.9994947252691385
6.74899999999094,0.9994951789896162
6.749999999990938,0.9994956324758029
6.750999999990936,0.9994960857045015
6.751999999990933,0.9994965386705342
6.752999999990931,0.9994969913865362
6.753999999990929,0.9994974438810098
6.754999999990926,0.9994978961948295
6.755999999990924,0.9994983483765458
6.756999999990922,0.9994988004769374
6.757999999990919,0.9994992525433587
6.758999999990917,0.9994997046144241
6.759999999990915,0.9995001567155551
6.760999999990912,0.9995006088558189
6.76199999999091,0.999501061026374
6.762999999990908,0.9995015132006703
6.763999999990905,0.9995019653363819
6.764999999990903,0.9995024173788831
6.765999999990901,0.9995028692659279
6.766999999990898,0.9995033209330765
6.767999999990896,0.999503772319333
6.768999999990894,0.9995042233724459
6.769999999990891,0.9995046740533555
6.770999999990889,0.9995051243393507
6.771999999990887,0.9995055742256304
6.772999999990884,0.9995060237251112
6.773999999990882,0.9995064728665143
6.77499999999088,0.999506921690908
6.775999999990877,0.9995073702470483
6.776999999990875,0.9995078185859779
6.777999999990873,0.9995082667554072
6.77899999999087,0.9995087147944297
6.779999999990868,0.9995091627290882
6.780999999990866,0.9995096105692213
6.781999999990863,0.999510058306902
6.782999999990861,0.9995105059166188
6.783999999990859,0.9995109533571793
6.784999999990856,0.99951140057515
6.785999999990854,0.9995118475094945
6.786999999990852,0.9995122940969566
6.787999999990849,0.9995127402776627
6.788999999990847,0.9995131860003901
6.789999999990845,0.9995136312269959
6.790999999990842,0.9995140759355655
6.79199999999084,0.9995145201219782
6.792999999990838,0.9995149637997367
6.793999999990835,0.9995154069980812
6.794999999990833,0.9995158497585656
6.795999999990831,0.9995162921304431
6.796999999990828,0.9995167341653066
6.797999999990826,0.9995171759115028
6.798999999990824,0.9995176174088838
6.799999999990821,0.9995180586843853
6.800999999990819,0.9995184997488893
6.801999999990817,0.9995189405956499
6.802999999990814,0.9995193812004601
6.803999999990812,0.9995198215235265
6.80499999999081,0.9995202615128694
6.805999999990807,0.9995207011089202
6.806999999990805,0.9995211402498664
6.807999999990803,0.9995215788772109
6.8089999999908,0.9995220169410157
6.809999999990798,0.999522454404304
6.810999999990796,0.9995228912462039
6.811999999990793,0.9995233274635228
6.812999999990791,0.9995237630705884
6.813999999990789,0.9995241980973955
6.814999999990786,0.9995246325862157
6.815999999990784,0.9995250665870256
6.816999999990782,0.9995255001521873
6.817999999990779,0.9995259333309039
6.818999999990777,0.9995263661639934
6.819999999990775,0.9995267986794975
6.8209999999907724,0.9995272308895428
6.82199999999077,0.9995276627887678
6.822999999990768,0.9995280943544677
6.8239999999907655,0.9995285255484421
6.824999999990763,0.9995289563203578
6.825999999990761,0.999529386612308
6.8269999999907585,0.9995298163641118
6.827999999990756,0.9995302455188362
6.828999999990754,0.9995306740280092
6.8299999999907515,0.9995311018560036
6.830999999990749,0.9995315289831697
6.831999999990747,0.9995319554074139
6.8329999999907445,0.9995323811440611
6.833999999990742,0.9995328062240205
6.83499999999074,0.9995332306904433
6.8359999999907375,0.9995336545941845
6.836999999990735,0.9995340779885249
6.837999999990733,0.9995345009236665
6.8389999999907305,0.9995349234415359
6.839999999990728,0.9995353455714124
6.840999999990726,0.9995357673268007
6.8419999999907235,0.9995361887038497
6.842999999990721,0.9995366096814824
6.843999999990719,0.9995370302232116
6.8449999999907165,0.9995374502804728
6.845999999990714,0.999537869797135
6.846999999990712,0.9995382887147636
6.8479999999907095,0.9995387069781039
6.848999999990707,0.9995391245402582
6.849999999990705,0.9995395413670546
6.8509999999907025,0.9995399574401689
6.8519999999907,0.9995403727587053
6.852999999990698,0.9995407873390787
6.8539999999906955,0.9995412012132052
6.854999999990693,0.9995416144251986
6.855999999990691,0.999542027026871
6.8569999999906885,0.9995424390724954
6.857999999990686,0.999542850613341
6.858999999990684,0.999543261692508
6.8599999999906816,0.9995436723405738
6.860999999990679,0.9995440825724744
6.861999999990677,0.9995444923859217
6.862999999990675,0.9995449017615126
6.863999999990672,0.999545310664524
6.86499999999067,0.9995457190481987
6.865999999990668,0.9995461268582249
6.866999999990665,0.9995465340379519
6.867999999990663,0.9995469405338381
6.868999999990661,0.999547346300597
6.869999999990658,0.9995477513055419
6.870999999990656,0.999548155531701
6.871999999990654,0.9995485589793992
6.872999999990651,0.9995489616661586
6.873999999990649,0.9995493636249208
6.874999999990647,0.999549764900769
6.875999999990644,0.999550165546476
6.876999999990642,0.9995505656173084
6.87799999999064,0.9995509651655949
6.878999999990637,0.9995513642355982
6.879999999990635,0.9995517628591782
6.880999999990633,0.9995521610526837
6.88199999999063,0.9995525588153676
6.882999999990628,0.9995529561294773
6.883999999990626,0.9995533529620194
6.884999999990623,0.9995537492680181
6.885999999990621,0.9995541449949471
6.886999999990619,0.9995545400879068
6.887999999990616,0.9995549344950297
6.888999999990614,0.999555328172602
6.889999999990612,0.9995557210893795
6.890999999990609,0.9995561132296981
6.891999999990607,0.9995565045950557
6.892999999990605,0.9995568952040305
6.893999999990602,0.9995572850905284
6.8949999999906,0.9995576743005431
6.895999999990598,0.9995580628877417
6.896999999990595,0.9995584509083127
6.897999999990593,0.9995588384155689
6.898999999990591,0.9995592254548535
6.899999999990588,0.9995596120592242
6.900999999990586,0.9995599982463563
6.901999999990584,0.9995603840169484
6.902999999990581,0.9995607693548042
6.903999999990579,0.9995611542285682
6.904999999990577,0.9995615385949435
6.905999999990574,0.9995619224030906
6.906999999990572,0.9995623055997568
6.90799999999057,0.9995626881346498
6.908999999990567,0.9995630699655187
6.909999999990565,0.9995634510624564
6.910999999990563,0.9995638314109957
6.91199999999056,0.9995642110136947
6.912999999990558,0.9995645898900699
6.913999999990556,0.9995649680748707
6.914999999990553,0.9995653456148754
6.915999999990551,0.9995657225645173
6.916999999990549,0.9995660989807693
6.917999999990546,0.9995664749177928
6.918999999990544,0.9995668504218692
6.919999999990542,0.9995672255271076
6.920999999990539,0.9995676002523578
6.921999999990537,0.999567974599615
6.922999999990535,0.9995683485540847
6.923999999990532,0.99956872208589
6.92499999999053,0.9995690951532595
6.925999999990528,0.9995694677068788
6.926999999990525,0.9995698396949843
6.927999999990523,0.9995702110686946
6.928999999990521,0.9995705817870649
6.929999999990518,0.9995709518213579
6.930999999990516,0.9995713211581366
6.931999999990514,0.9995716898008513
6.932999999990511,0.9995720577697851
6.933999999990509,0.9995724251003586
6.934999999990507,0.9995727918399543
6.935999999990504,0.9995731580435877
6.936999999990502,0.9995735237688322
6.9379999999905,0.9995738890705066
6.938999999990497,0.9995742539956359
6.939999999990495,0.9995746185791842
6.940999999990493,0.9995749828409775
6.9419999999904904,0.9995753467841058
6.942999999990488,0.9995757103949733
6.943999999990486,0.9995760736449768
6.9449999999904835,0.9995764364936636
6.945999999990481,0.9995767988930411
6.946999999990479,0.9995771607926289
6.9479999999904765,0.9995775221447503
6.948999999990474,0.9995778829095546
6.949999999990472,0.9995782430592709
6.9509999999904695,0.9995786025812808
6.951999999990467,0.9995789614797149
6.952999999990465,0.99957931977541
6.9539999999904625,0.9995796775042396
6.95499999999046,0.999580034713972
6.955999999990458,0.9995803914599825
6.9569999999904555,0.9995807478002198
6.957999999990453,0.999581103789928
6.958999999990451,0.9995814594766466
6.9599999999904485,0.99958181489596
6.960999999990446,0.9995821700684328
6.961999999990444,0.9995825249980121
6.9629999999904415,0.9995828796720598
6.963999999990439,0.9995832340630101
6.964999999990437,0.9995835881314886
6.9659999999904345,0.999583941830584
6.966999999990432,0.9995842951108588
6.96799999999043,0.9995846479256016
6.9689999999904275,0.9995850002358205
6.969999999990425,0.9995853520144672
6.970999999990423,0.9995857032495051
6.9719999999904205,0.9995860539455029
6.972999999990418,0.9995864041236092
6.973999999990416,0.9995867538199038
6.9749999999904135,0.9995871030822976
6.975999999990411,0.9995874519662737
6.976999999990409,0.9995878005299045
6.9779999999904065,0.9995881488286077
6.978999999990404,0.9995884969101767
6.979999999990402,0.9995888448105595
6.9809999999903996,0.9995891925508021
6.981999999990397,0.9995895401354447
6.982999999990395,0.9995898875525492
6.983999999990393,0.999590234775325
6.98499999999039,0.9995905817652154
6.985999999990388,0.9995909284761316
6.986999999990386,0.9995912748594203
6.987999999990383,0.9995916208690809
6.988999999990381,0.9995919664667207
6.989999999990379,0.999592311625759
6.990999999990376,0.9995926563344854
6.991999999990374,0.9995930005976513
6.992999999990372,0.9995933444364593
6.993999999990369,0.9995936878869387
6.994999999990367,0.9995940309968775
6.995999999990365,0.9995943738216131
6.996999999990362,0.9995947164190734
6.99799999999036,0.9995950588445842
6.998999999990358,0.9995954011459303
6.999999999990355,0.9995957433591529
7.000999999990353,0.9995960855055088
7.001999999990351,0.9995964275898678
7.002999999990348,0.9995967696007207
7.003999999990346,0.9995971115117852
7.004999999990344,0.9995974532850568
7.005999999990341,0.9995977948750049
7.006999999990339,0.9995981362334981
7.007999999990337,0.9995984773149829
7.008999999990334,0.9995988180814065
7.009999999990332,0.9995991585064007
7.01099999999033,0.9995994985783219
7.011999999990327,0.9995998383018454
7.012999999990325,0.9996001776979715
7.013999999990323,0.9996005168024205
7.01499999999032,0.9996008556626041
7.015999999990318,0.9996011943334457
7.016999999990316,0.999601532872474
7.017999999990313,0.9996018713346618
7.018999999990311,0.9996022097675193
7.019999999990309,0.9996025482069216
7.020999999990306,0.9996028866740718
7.021999999990304,0.9996032251739049
7.022999999990302,0.9996035636950796
7.023999999990299,0.9996039022115621
7.024999999990297,0.9996042406856442
7.025999999990295,0.9996045790720951
7.026999999990292,0.9996049173230528
7.02799999999029,0.999605255393159
7.028999999990288,0.9996055932444516
7.029999999990285,0.9996059308505267
7.030999999990283,0.9996062681995618
7.031999999990281,0.9996066052959137
7.032999999990278,0.9996069421601333
7.033999999990276,0.9996072788273898
7.034999999990274,0.9996076153444725
7.035999999990271,0.99960795176565
7.036999999990269,0.9996082881478051
7.037999999990267,0.9996086245453114
7.038999999990264,0.9996089610051608
7.039999999990262,0.9996092975628134
7.04099999999026,0.999609634239177
7.041999999990257,0.9996099710390078
7.042999999990255,0.9996103079508918
7.043999999990253,0.9996106449488025
7.04499999999025,0.9996109819950855
7.045999999990248,0.9996113190445804
7.046999999990246,0.9996116560494585
7.047999999990243,0.999611992964331
7.048999999990241,0.9996123297511009
7.049999999990239,0.9996126663831009
7.050999999990236,0.9996130028481084
7.051999999990234,0.9996133391499418
7.052999999990232,0.9996136753084838
7.053999999990229,0.9996140113581351
7.054999999990227,0.9996143473448436
7.055999999990225,0.9996146833220058
7.056999999990222,0.9996150193456399
7.05799999999022,0.9996153554693038
7.058999999990218,0.9996156917392535
7.059999999990215,0.9996160281903196
7.060999999990213,0.9996163648428983
7.061999999990211,0.9996167017013529
7.062999999990208,0.9996170387539841
7.063999999990206,0.9996173759745647
7.064999999990204,0.9996177133252896
7.0659999999902015,0.9996180507608613
7.066999999990199,0.9996183882332879
7.067999999990197,0.9996187256969504
7.0689999999901945,0.9996190631134229
7.069999999990192,0.999619400455586
7.07099999999019,0.9996197377106297
7.0719999999901875,0.9996200748816462
7.072999999990185,0.9996204119876684
7.073999999990183,0.9996207490621443
7.0749999999901805,0.9996210861499992
7.075999999990178,0.999621423303575
7.076999999990176,0.999621760577846
7.0779999999901735,0.999622098025374
7.078999999990171,0.9996224356915008
7.079999999990169,0.9996227736102488
7.0809999999901665,0.9996231118013251
7.081999999990164,0.9996234502685256
7.082999999990162,0.9996237889996931
7.0839999999901595,0.9996241279682279
7.084999999990157,0.9996244671360095
7.085999999990155,0.9996248064574386
7.0869999999901525,0.9996251458842026
7.08799999999015,0.9996254853702954
7.088999999990148,0.9996258248768106
7.0899999999901455,0.9996261643760285
7.090999999990143,0.9996265038544035
7.091999999990141,0.9996268433141593
7.0929999999901385,0.9996271827733361
7.093999999990136,0.9996275222642884
7.094999999990134,0.999627861830782
7.0959999999901315,0.9996282015239681
7.096999999990129,0.999628541397638
7.097999999990127,0.9996288815032226
7.0989999999901245,0.9996292218850142
7.099999999990122,0.9996295625760938
7.10099999999012,0.9996299035953485
7.1019999999901176,0.9996302449458767
7.102999999990115,0.9996305866149353
7.103999999990113,0.9996309285754301
7.104999999990111,0.9996312707888029
7.105999999990108,0.9996316132090375
7.106999999990106,0.9996319557873825
7.107999999990104,0.999632298477339
7.108999999990101,0.9996326412394142
7.109999999990099,0.9996329840451843
7.110999999990097,0.9996333268802702
7.111999999990094,0.9996336697459295
7.112999999990092,0.9996340126591167
7.11399999999009,0.9996343556510011
7.114999999990087,0.9996346987640963
7.115999999990085,0.999635042048274
7.116999999990083,0.9996353855560566
7.11799999999008,0.9996357293376538
7.118999999990078,0.9996360734362242
7.119999999990076,0.9996364178838222
7.120999999990073,0.999636762698431
7.121999999990071,0.9996371078823723
7.122999999990069,0.9996374534222391
7.123999999990066,0.999637799290367
7.124999999990064,0.9996381454476883
7.125999999990062,0.9996384918477031
7.126999999990059,0.99963883844116
7.127999999990057,0.9996391851810033
7.128999999990055,0.9996395320270965
7.129999999990052,0.9996398789502605
7.13099999999005,0.9996402259352324
7.131999999990048,0.9996405729822578
7.132999999990045,0.9996409201071607
7.133999999990043,0.9996412673398831
7.134999999990041,0.999641614721647
7.135999999990038,0.9996419623010028
7.136999999990036,0.9996423101291645
7.137999999990034,0.9996426582550876
7.138999999990031,0.9996430067207586
7.139999999990029,0.9996433555571705
7.140999999990027,0.999643704781372
7.141999999990024,0.9996440543948748
7.142999999990022,0.9996444043835815
7.14399999999002,0.9996447547192313
7.144999999990017,0.9996451053622276
7.145999999990015,0.9996454562655673
7.146999999990013,0.9996458073794827
7.14799999999001,0.9996461586563524
7.148999999990008,0.9996465100553908
7.149999999990006,0.9996468615466583
7.150999999990003,0.9996472131140086
7.151999999990001,0.999647564756678
7.152999999989999,0.9996479164893634
7.153999999989996,0.9996482683407877
7.154999999989994,0.9996486203508859
7.155999999989992,0.9996489725668997
7.156999999989989,0.9996493250387477
7.157999999989987,0.9996496778141397
7.158999999989985,0.9996500309339033
7.159999999989982,0.9996503844279853
7.16099999998998,0.9996507383125152
7.161999999989978,0.9996510925882135
7.162999999989975,0.9996514472403135
7.163999999989973,0.9996518022399805
7.164999999989971,0.9996521575471139
7.165999999989968,0.9996525131142354
7.166999999989966,0.9996528688910987
7.167999999989964,0.9996532248295497
7.168999999989961,0.9996535808881941
7.169999999989959,0.9996539370363751
7.170999999989957,0.999654293257111
7.171999999989954,0.9996546495486751
7.172999999989952,0.99965500592469
7.17399999998995,0.9996553624127092
7.174999999989947,0.9996557190514409
7.175999999989945,0.9996560758868689
7.176999999989943,0.9996564329676725
7.17799999998994,0.9996567903403752
7.178999999989938,0.999657148044704
7.179999999989936,0.9996575061096191
7.180999999989933,0.9996578645503899
7.181999999989931,0.9996582233670099
7.182999999989929,0.9996585825441051
7.183999999989926,0.999658942052336
7.184999999989924,0.9996593018511667
7.185999999989922,0.9996596618927182
7.1869999999899195,0.9996600221263356
7.187999999989917,0.9996603825034176
7.188999999989915,0.9996607429820398
7.1899999999899125,0.9996611035309169
7.19099999998991,0.9996614641323137
7.191999999989908,0.999661824783635
7.1929999999899055,0.9996621854975206
7.193999999989903,0.9996625463004514
7.194999999989901,0.999662907229998
7.1959999999898985,0.9996632683309866
7.196999999989896,0.9996636296509522
7.197999999989894,0.9996639912353268
7.1989999999898915,0.9996643531228363
7.199999999989889,0.999664715341553
7.200999999989887,0.9996650779059859
7.2019999999898845,0.9996654408155009
7.202999999989882,0.9996658040542197
7.20399999998988,0.9996661675924031
7.2049999999898775,0.9996665313891869
7.205999999989875,0.9996668953964005
7.206999999989873,0.9996672595630945
7.2079999999898705,0.9996676238403338
7.208999999989868,0.999667988185782
7.209999999989866,0.9996683525676439
7.2109999999898635,0.9996687169675568
7.211999999989861,0.99966908138218
7.212999999989859,0.9996694458232962
7.2139999999898565,0.9996698103164388
7.214999999989854,0.9996701748981746
7.215999999989852,0.9996705396122987
7.2169999999898495,0.9996709045053301
7.217999999989847,0.9996712696217415
7.218999999989845,0.9996716349993863
7.2199999999898425,0.9996720006655764
7.22099999998984,0.9996723666341928
7.221999999989838,0.9996727329041072
7.2229999999898356,0.9996730994590697
7.223999999989833,0.9996734662690736
7.224999999989831,0.9996738332930631
7.225999999989829,0.9996742004827153
7.226999999989826,0.9996745677869274
7.227999999989824,0.9996749351565709
7.228999999989822,0.9996753025490466
7.229999999989819,0.9996756699321935
7.230999999989817,0.9996760372871745
7.231999999989815,0.999676404610052
7.232999999989812,0.9996767719119046
7.23399999998981,0.9996771392174736
7.234999999989808,0.9996775065624706
7.235999999989805,0.9996778739898143
7.236999999989803,0.9996782415451625
7.237999999989801,0.9996786092721809
7.238999999989798,0.999678977208003
7.239999999989796,0.9996793453793377
7.240999999989794,0.9996797137995879
7.241999999989791,0.9996800824672848
7.242999999989789,0.9996804513659613
7.243999999989787,0.9996808204654998
7.244999999989784,0.9996811897248089
7.245999999989782,0.9996815590955723
7.24699999998978,0.9996819285266946
7.247999999989777,0.9996822979690158
7.248999999989775,0.999682667379836
7.249999999989773,0.9996830367267979
7.25099999998977,0.9996834059907533
7.251999999989768,0.9996837751673369
7.252999999989766,0.9996841442670931
7.253999999989763,0.9996845133141373
7.254999999989761,0.9996848823434981
7.255999999989759,0.9996852513973865
7.256999999989756,0.999685620520768
7.257999999989754,0.9996859897566692
7.258999999989752,0.9996863591416725
7.259999999989749,0.9996867287020456
7.260999999989747,0.9996870984508848
7.261999999989745,0.9996874683865444
7.262999999989742,0.9996878384925075
7.26399999998974,0.9996882087387137
7.264999999989738,0.9996885790842045
7.265999999989735,0.9996889494808382
7.266999999989733,0.9996893198776942
7.267999999989731,0.9996896902257574
7.268999999989728,0.9996900604823994
7.269999999989726,0.9996904306152388
7.270999999989724,0.9996908006049924
7.271999999989721,0.9996911704470446
7.272999999989719,0.9996915401515801
7.273999999989717,0.9996919097422666
7.274999999989714,0.9996922792536233
7.275999999989712,0.9996926487273294
7.27699999998971,0.9996930182078324
7.277999999989707,0.9996933877376915
7.278999999989705,0.9996937573531095
7.279999999989703,0.9996941270800874
7.2809999999897,0.9996944969315831
7.281999999989698,0.9996948669059443
7.282999999989696,0.9996952369867733
7.283999999989693,0.9996956071442352
7.284999999989691,0.9996959773376743
7.285999999989689,0.9996963475192945
7.286999999989686,0.9996967176385237
7.287999999989684,0.9996970876466609
7.288999999989682,0.9996974575013226
7.289999999989679,0.9996978271702772
7.290999999989677,0.9996981966342812
7.291999999989675,0.9996985658886415
7.292999999989672,0.9996989349433574
7.29399999998967,0.9996993038218224
7.294999999989668,0.9996996725582209
7.295999999989665,0.999700041193872
7.296999999989663,0.9997004097728752
7.297999999989661,0.9997007783374923
7.298999999989658,0.9997011469237127
7.299999999989656,0.9997015155574361
7.300999999989654,0.9997018842516481
7.301999999989651,0.9997022530048532
7.302999999989649,0.9997026218009375
7.303999999989647,0.9997029906104524
7.304999999989644,0.9997033593932095
7.305999999989642,0.9997037281019181
7.30699999998964,0.9997040966865215
7.3079999999896375,0.9997044650987931
7.308999999989635,0.9997048332967596
7.309999999989633,0.9997052012485025
7.3109999999896305,0.9997055689349819
7.311999999989628,0.9997059363515926
7.312999999989626,0.9997063035083119
7.3139999999896235,0.9997066704284231
7.314999999989621,0.9997070371459367
7.315999999989619,0.9997074037019699
7.3169999999896165,0.9997077701404331
7.317999999989614,0.9997081365034469
7.318999999989612,0.9997085028269449
7.3199999999896095,0.9997088691368777
7.320999999989607,0.9997092354464074
7.321999999989605,0.9997096017543474
7.3229999999896025,0.9997099680450136
7.3239999999896,0.999710334289495
7.324999999989598,0.9997107004482152
7.3259999999895955,0.9997110664745398
7.326999999989593,0.9997114323190688
7.327999999989591,0.9997117979341997
7.3289999999895885,0.9997121632785162
7.329999999989586,0.9997125283205625
7.330999999989584,0.9997128930416469
7.3319999999895815,0.9997132574373988
7.332999999989579,0.9997136215179198
7.333999999989577,0.9997139853065242
7.3349999999895745,0.9997143488371932
7.335999999989572,0.9997147121509834
7.33699999998957,0.9997150752917557
7.3379999999895675,0.9997154383016268
7.338999999989565,0.9997158012166062
7.339999999989563,0.9997161640628313
7.3409999999895605,0.9997165268537691
7.341999999989558,0.9997168895886703
7.342999999989556,0.9997172522524096
7.3439999999895536,0.9997176148167388
7.344999999989551,0.9997179772428187
7.345999999989549,0.9997183394847948
7.346999999989547,0.9997187014940488
7.347999999989544,0.9997190632237288
7.348999999989542,0.9997194246330984
7.34999999998954,0.9997197856912851
7.350999999989537,0.999720146380071
7.351999999989535,0.9997205066954417
7.352999999989533,0.9997208666477426
7.35399999998953,0.9997212262604412
7.354999999989528,0.999721585567606
7.355999999989526,0.9997219446103508
7.356999999989523,0.9997223034325968
7.357999999989521,0.9997226620765703
7.358999999989519,0.9997230205784671
7.359999999989516,0.999723378964713
7.360999999989514,0.9997237372491873
7.361999999989512,0.9997240954316812
7.362999999989509,0.9997244534977276
7.363999999989507,0.999724811419839
7.364999999989505,0.9997251691600139
7.365999999989502,0.9997255266732727
7.3669999999895,0.9997258839118791
7.367999999989498,0.9997262408298232
7.368999999989495,0.9997265973871434
7.369999999989493,0.9997269535536482
7.370999999989491,0.9997273093116877
7.371999999989488,0.9997276646576958
7.372999999989486,0.9997280196023565
7.373999999989484,0.9997283741693795
7.374999999989481,0.9997287283930086
7.375999999989479,0.9997290823144991
7.376999999989477,0.9997294359779214
7.377999999989474,0.9997297894256902
7.378999999989472,0.9997301426942669
7.37999999998947,0.9997304958104425
7.380999999989467,0.9997308487885839
7.381999999989465,0.9997312016290908
7.382999999989463,0.9997315543182259
7.38399999998946,0.9997319068293318
7.384999999989458,0.9997322591253095
7.385999999989456,0.9997326111621229
7.386999999989453,0.9997329628929792
7.387999999989451,0.999733314272779
7.388999999989449,0.9997336652624004
7.389999999989446,0.9997340158323946
7.390999999989444,0.9997343659657421
7.391999999989442,0.9997347156593874
7.392999999989439,0.9997350649244104
7.393999999989437,0.9997354137848257
7.394999999989435,0.9997357622751086
7.395999999989432,0.9997361104367113
7.39699999998943,0.9997364583139026
7.397999999989428,0.9997368059493359
7.398999999989425,0.9997371533797816
7.399999999989423,0.9997375006324446
7.400999999989421,0.9997378477222184
7.401999999989418,0.9997381946501528
7.402999999989416,0.9997385414032761
7.403999999989414,0.9997388879557975
7.404999999989411,0.9997392342715536
7.405999999989409,0.9997395803074864
7.406999999989407,0.9997399260177801
7.407999999989404,0.9997402713582751
7.408999999989402,0.9997406162907202
7.4099999999894,0.9997409607864425
7.410999999989397,0.9997413048290813
7.411999999989395,0.9997416484161213
7.412999999989393,0.9997419915590683
7.41399999998939,0.999742334282262
7.414999999989388,0.9997426766204349
7.415999999989386,0.9997430186152585
7.416999999989383,0.9997433603112198
7.417999999989381,0.9997437017512275
7.418999999989379,0.9997440429723778
7.419999999989376,0.9997443840022961
7.420999999989374,0.9997447248564111
7.421999999989372,0.9997450655364303
7.422999999989369,0.9997454060301546
7.423999999989367,0.9997457463126582
7.424999999989365,0.9997460863487199
7.425999999989362,0.9997464260962566
7.42699999998936,0.9997467655104317
7.427999999989358,0.999747104548025
7.4289999999893555,0.9997474431716568
7.429999999989353,0.9997477813534237
7.430999999989351,0.9997481190776237
7.4319999999893485,0.999748456342278
7.432999999989346,0.9997487931593128
7.433999999989344,0.9997491295533882
7.4349999999893415,0.9997494655594861
7.435999999989339,0.9997498012194861
7.436999999989337,0.9997501365780802
7.4379999999893345,0.9997504716784178
7.438999999989332,0.9997508065579007
7.43999999998933,0.9997511412445573
7.4409999999893275,0.9997514757543318
7.441999999989325,0.9997518100895612
7.442999999989323,0.9997521442387904
7.4439999999893205,0.9997524781779348
7.444999999989318,0.9997528118726842
7.445999999989316,0.9997531452819013
7.4469999999893135,0.9997534783616951
7.447999999989311,0.9997538110697568
7.448999999989309,0.9997541433695425
7.4499999999893065,0.9997544752338924
7.450999999989304,0.9997548066477278
7.451999999989302,0.9997551376095716
7.4529999999892995,0.9997554681317355
7.453999999989297,0.9997557982391675
7.454999999989295,0.9997561279670584
7.4559999999892925,0.9997564573574561
7.45699999998929,0.9997567864552181
7.457999999989288,0.9997571153036885
7.4589999999892855,0.9997574439405308
7.459999999989283,0.9997577723941241
7.460999999989281,0.999758100680877
7.4619999999892785,0.9997584288037052
7.462999999989276,0.9997587567518413
7.463999999989274,0.999759084501988
7.4649999999892716,0.9997594120206863
7.465999999989269,0.9997597392676884
7.466999999989267,0.999760066199993
7.467999999989265,0.9997603927761408
7.468999999989262,0.9997607189603682
7.46999999998926,0.9997610447261961
7.470999999989258,0.9997613700591118
7.471999999989255,0.9997616949580802
7.472999999989253,0.9997620194357402
7.473999999989251,0.9997623435172616
7.474999999989248,0.9997626672379828
7.475999999989246,0.9997629906400567
7.476999999989244,0.9997633137684373
7.477999999989241,0.9997636366665937
7.478999999989239,0.9997639593723797
7.479999999989237,0.9997642819144558
7.480999999989234,0.9997646043096157
7.481999999989232,0.9997649265612771
7.48299999998923,0.9997652486592847
7.483999999989227,0.999765570581045
7.484999999989225,0.9997658922938711
7.485999999989223,0.9997662137583249
7.48699999998922,0.9997665349322108
7.487999999989218,0.9997668557748414
7.488999999989216,0.9997671762511496
7.489999999989213,0.999767496335257
7.490999999989211,0.9997678160131358
7.491999999989209,0.9997681352841125
7.492999999989206,0.9997684541610701
7.493999999989204,0.9997687726693183
7.494999999989202,0.9997690908442598
7.495999999989199,0.9997694087280643
7.496999999989197,0.9997697263656956
7.497999999989195,0.9997700438006609
7.498999999989192,0.9997703610709125
7.49999999998919,0.9997706782052976
7.500999999989188,0.9997709952209023
7.501999999989185,0.9997713121215501
7.502999999989183,0.999771628897601
7.503999999989181,0.9997719455270659
7.504999999989178,0.9997722619779345
7.505999999989176,0.9997725782114776
7.506999999989174,0.9997728941862073
7.507999999989171,0.9997732098621095
7.508999999989169,0.9997735252047164
7.509999999989167,0.9997738401886531
7.510999999989164,0.9997741548002785
7.511999999989162,0.9997744690391845
7.51299999998916,0.999774782918398
7.513999999989157,0.9997750964632716
7.514999999989155,0.9997754097091712
7.515999999989153,0.9997757226981863
7.51699999998915,0.9997760354751878
7.517999999989148,0.9997763480836177
7.518999999989146,0.9997766605614218
7.519999999989143,0.9997769729375285
7.520999999989141,0.9997772852292083
7.521999999989139,0.9997775974405821
7.522999999989136,0.9997779095624125
7.523999999989134,0.9997782215732083
7.524999999989132,0.999778533441523
7.525999999989129,0.9997788451292262
7.526999999989127,0.99977915659543
7.527999999989125,0.9997794678006804
7.528999999989122,0.9997797787110037
7.52999999998912,0.9997800893014184
7.530999999989118,0.9997803995585632
7.531999999989115,0.9997807094821861
7.532999999989113,0.9997810190853522
7.533999999989111,0.9997813283933501
7.534999999989108,0.9997816374414011
7.535999999989106,0.9997819462714049
7.536999999989104,0.9997822549280313
7.537999999989101,0.9997825634545425
7.538999999989099,0.9997828718887678
7.539999999989097,0.9997831802596016
7.540999999989094,0.9997834885843848
7.541999999989092,0.9997837968674194
7.54299999998909,0.9997841050997575
7.543999999989087,0.9997844132602878
7.544999999989085,0.9997847213180107
7.545999999989083,0.9997850292352792
7.54699999998908,0.9997853369716891
7.547999999989078,0.9997856444882337
7.548999999989076,0.9997859517513183
7.5499999999890735,0.999786258736244
7.550999999989071,0.9997865654298167
7.551999999989069,0.9997868718318301
7.5529999999890665,0.9997871779552778
7.553999999989064,0.9997874838252712
7.554999999989062,0.99978778947678
7.5559999999890595,0.999788094951399
7.556999999989057,0.999788400293484
7.557999999989055,0.9997887055460104
7.5589999999890525,0.9997890107465732
7.55999999998905,0.9997893159239185
7.560999999989048,0.9997896210953441
7.5619999999890455,0.9997899262652162
7.562999999989043,0.9997902314247584
7.563999999989041,0.9997905365531224
7.5649999999890385,0.9997908416196413
7.565999999989036,0.9997911465870377
7.566999999989034,0.9997914514152745
7.5679999999890315,0.9997917560656804
7.568999999989029,0.9997920605049273
7.569999999989027,0.9997923647084874
7.5709999999890245,0.999792668663225
7.571999999989022,0.9997929723688709
7.57299999998902,0.999793275838239
7.5739999999890175,0.9997935790961581
7.574999999989015,0.9997938821772345
7.575999999989013,0.9997941851226547
7.5769999999890105,0.999794487976352
7.577999999989008,0.9997947907809036
7.578999999989006,0.9997950935735638
7.5799999999890035,0.9997953963828209
7.580999999989001,0.9997956992258169
7.581999999988999,0.9997960021068716
7.5829999999889965,0.9997963050172705
7.583999999988994,0.9997966079363194
7.584999999988992,0.9997969108335727
7.5859999999889896,0.9997972136720104
7.586999999988987,0.9997975164118598
7.587999999988985,0.9997978190146768
7.588999999988983,0.9997981214472951
7.58999999998898,0.9997984236852552
7.590999999988978,0.9997987257153775
7.591999999988976,0.9997990275372302
7.592999999988973,0.999799329163347
7.593999999988971,0.9997996306181738
7.594999999988969,0.9997999319358576
7.595999999988966,0.9998002331570773
7.596999999988964,0.9998005343252441
7.597999999988962,0.9998008354824394
7.598999999988959,0.9998011366654762
7.599999999988957,0.9998014379024851
7.600999999988955,0.9998017392103522
7.601999999988952,0.9998020405932526
7.60299999998895,0.9998023420424327
7.603999999988948,0.9998026435372513
7.604999999988945,0.9998029450473874
7.605999999988943,0.9998032465359834
7.606999999988941,0.9998035479634314
7.607999999988938,0.9998038492914213
7.608999999988936,0.9998041504868573
7.609999999988934,0.999804451525256
7.610999999988931,0.9998047523933047
7.611999999988929,0.9998050530903211
7.612999999988927,0.9998053536284708
7.613999999988924,0.9998056540317346
7.614999999988922,0.9998059543337121
7.61599999998892,0.9998062545744891
7.616999999988917,0.9998065547968742
7.617999999988915,0.9998068550423646
7.618999999988913,0.9998071553472474
7.61999999998891,0.9998074557392126
7.620999999988908,0.9998077562348037
7.621999999988906,0.9998080568379666
7.622999999988903,0.9998083575398227
7.623999999988901,0.9998086583197017
7.624999999988899,0.999808959147323
7.625999999988896,0.9998092599859099
7.626999999988894,0.9998095607959394
7.627999999988892,0.9998098615391576
7.628999999988889,0.9998101621824594
7.629999999988887,0.9998104627012666
7.630999999988885,0.9998107630820596
7.631999999988882,0.999811063323834
7.63299999998888,0.9998113634383194
7.633999999988878,0.9998116634489597
7.634999999988875,0.9998119633887417
7.635999999988873,0.9998122632970915
7.636999999988871,0.9998125632161453
7.637999999988868,0.9998128631867507
7.638999999988866,0.9998131632446012
7.639999999988864,0.9998134634168788
7.640999999988861,0.9998137637197185
7.641999999988859,0.9998140641567694
7.642999999988857,0.9998143647189632
7.643999999988854,0.9998146653855357
7.644999999988852,0.9998149661261796
7.64599999998885,0.9998152669041371
7.646999999988847,0.9998155676799102
7.647999999988845,0.9998158684152406
7.648999999988843,0.9998161690769594
7.64999999998884,0.9998164696403332
7.650999999988838,0.9998167700915858
7.651999999988836,0.999817070429338
7.652999999988833,0.9998173706648337
7.653999999988831,0.999817670820931
7.654999999988829,0.9998179709299547
7.655999999988826,0.9998182710306249
7.656999999988824,0.9998185711643569
7.657999999988822,0.9998188713713038
7.658999999988819,0.9998191716865203
7.659999999988817,0.9998194721366297
7.660999999988815,0.9998197727373156
7.661999999988812,0.9998200734918827
7.66299999998881,0.9998203743910279
7.663999999988808,0.9998206754138461
7.664999999988805,0.9998209765299646
7.665999999988803,0.9998212777025987
7.666999999988801,0.9998215788922359
7.667999999988798,0.9998218800605755
7.668999999988796,0.9998221811743476
7.669999999988794,0.9998224822086321
7.6709999999887915,0.9998227831493611
7.671999999988789,0.9998230839947496
7.672999999988787,0.9998233847555283
7.6739999999887845,0.9998236854539415
7.674999999988782,0.9998239861216262
7.67599999998878,0.9998242867965681
7.6769999999887775,0.9998245875194387
7.677999999988775,0.9998248883296682
7.678999999988773,0.9998251892616493
7.6799999999887705,0.9998254903414237
7.680999999988768,0.9998257915841966
7.681999999988766,0.9998260929929034
7.6829999999887635,0.999826394557983
7.683999999988761,0.9998266962583667
7.684999999988759,0.999826998063592
7.6859999999887565,0.9998272999368296
7.686999999988754,0.9998276018385339
7.687999999988752,0.999827903730344
7.6889999999887495,0.9998282055788724
7.689999999988747,0.999828507359002
7.690999999988745,0.9998288090563611
7.6919999999887425,0.9998291106687525
7.69299999998874,0.9998294122063819
7.693999999988738,0.9998297136908761
7.6949999999887355,0.9998300151531788
7.695999999988733,0.9998303166305379
7.696999999988731,0.9998306181628758
7.6979999999887285,0.9998309197888983
7.698999999988726,0.9998312215423293
7.699999999988724,0.9998315234486267
7.7009999999887215,0.9998318255225126
7.701999999988719,0.9998321277665525
7.702999999988717,0.9998324301709235
7.7039999999887145,0.9998327327143923
7.704999999988712,0.9998330353664081
7.70599999998871,0.9998333380900973
7.7069999999887076,0.9998336408458803
7.707999999988705,0.9998339435953417
7.708999999988703,0.9998342463049857
7.709999999988701,0.9998345489495022
7.710999999988698,0.9998348515142284
7.711999999988696,0.9998351539965631
7.712999999988694,0.9998354564062047
7.713999999988691,0.9998357587641733
7.714999999988689,0.9998360611007362
7.715999999988687,0.9998363634524201
7.716999999988684,0.9998366658584151
7.717999999988682,0.9998369683567209
7.71899999998868,0.9998372709804082
7.719999999988677,0.999837573754368
7.720999999988675,0.9998378766928572
7.721999999988673,0.9998381797980865
7.72299999998867,0.9998384830599913
7.723999999988668,0.9998387864571925
7.724999999988666,0.9998390899590651
7.725999999988663,0.9998393935287152
7.726999999988661,0.9998396971265521
7.727999999988659,0.9998400007141307
7.728999999988656,0.9998403042578698
7.729999999988654,0.9998406077322951
7.730999999988652,0.9998409111224797
7.731999999988649,0.9998412144254537
7.732999999988647,0.9998415176504373
7.733999999988645,0.99984182081788
7.734999999988642,0.9998421239574042
7.73599999998864,0.9998424271048512
7.736999999988638,0.9998427302987145
7.737999999988635,0.9998430335763209
7.738999999988633,0.9998433369701255
7.739999999988631,0.9998436405044876
7.740999999988628,0.9998439441932324
7.741999999988626,0.9998442480382556
7.742999999988624,0.9998445520292824
7.743999999988621,0.9998448561448229
7.744999999988619,0.9998451603542217
7.745999999988617,0.9998454646205972
7.746999999988614,0.9998457689043868
7.747999999988612,0.9998460731671566
7.74899999998861,0.9998463773752841
7.749999999988607,0.9998466815031752
7.750999999988605,0.9998469855356851
7.751999999988603,0.9998472894695198
7.7529999999886,0.9998475933134708
7.753999999988598,0.9998478970874675
7.754999999988596,0.9998482008205388
7.755999999988593,0.9998485045478908
7.756999999988591,0.9998488083073696
7.757999999988589,0.9998491121356811
7.758999999988586,0.9998494160647168
7.759999999988584,0.9998497201183535
7.760999999988582,0.9998500243100386
7.761999999988579,0.9998503286413973
7.762999999988577,0.9998506331019996
7.763999999988575,0.9998509376702965
7.764999999988572,0.9998512423156495
7.76599999998857,0.999851547001243
7.766999999988568,0.9998518516875988
7.767999999988565,0.9998521563363466
7.768999999988563,0.9998524609138788
7.769999999988561,0.9998527653945372
7.770999999988558,0.9998530697630215
7.771999999988556,0.9998533740157731
7.772999999988554,0.9998536781612158
7.773999999988551,0.999853982218822
7.774999999988549,0.9998542862170907
7.775999999988547,0.9998545901906528
7.776999999988544,0.9998548941767758
7.777999999988542,0.9998551982116056
7.77899999998854,0.9998555023265328
7.779999999988537,0.9998558065450143
7.780999999988535,0.9998561108801803
7.781999999988533,0.9998564153334519
7.78299999998853,0.999856719894301
7.783999999988528,0.9998570245411822
7.784999999988526,0.9998573292435362
7.785999999988523,0.9998576339646775
7.786999999988521,0.9998579386652758
7.787999999988519,0.9998582433070883
7.788999999988516,0.9998585478565882
7.789999999988514,0.9998588522881244
7.790999999988512,0.9998591565863055
7.7919999999885095,0.9998594607473803
7.792999999988507,0.9998597647794766
7.793999999988505,0.9998600687016772
7.7949999999885025,0.9998603725420251
7.7959999999885,0.9998606763346516
7.796999999988498,0.9998609801163116
7.7979999999884955,0.9998612839226668
7.798999999988493,0.9998615877846756
7.799999999988491,0.9998618917254456
7.8009999999884885,0.9998621957578606
7.801999999988486,0.9998624998832054
7.802999999988484,0.9998628040909243
7.8039999999884815,0.9998631083595428
7.804999999988479,0.9998634126586524
7.805999999988477,0.9998637169517662
7.8069999999884745,0.9998640211997697
7.807999999988472,0.9998643253646216
7.80899999998847,0.9998646294129485
7.8099999999884675,0.9998649333191758
7.810999999988465,0.9998652370678975
7.811999999988463,0.9998655406552447
7.8129999999884605,0.999865844089125
7.813999999988458,0.9998661473883095
7.814999999988456,0.9998664505804613
7.8159999999884535,0.9998667536992855
7.816999999988451,0.9998670567811045
7.817999999988449,0.9998673598611691
7.8189999999884465,0.9998676629700806
7.819999999988444,0.9998679661306733
7.820999999988442,0.999868269355657
7.8219999999884395,0.9998685726462508
7.822999999988437,0.9998688759919467
7.823999999988435,0.9998691793714131
7.8249999999884325,0.9998694827544602
7.82599999998843,0.9998697861048759
7.826999999988428,0.9998700893838329
7.8279999999884256,0.9998703925535636
7.828999999988423,0.9998706955809206
7.829999999988421,0.9998709984404831
7.830999999988419,0.9998713011169063
7.831999999988416,0.9998716036062772
7.832999999988414,0.999871905916362
7.833999999988412,0.9998722080656977
7.834999999988409,0.9998725100816418
7.835999999988407,0.9998728119975543
7.836999999988405,0.999873113849399
7.837999999988402,0.9998734156720921
7.8389999999884,0.9998737174959528
7.839999999988398,0.9998740193436152
7.840999999988395,0.9998743212276884
7.841999999988393,0.9998746231494009
7.842999999988391,0.9998749250983587
7.843999999988388,0.9998752270534461
7.844999999988386,0.9998755289847653
7.845999999988384,0.9998758308564433
7.846999999988381,0.9998761326300145
7.847999999988379,0.999876434268057
7.848999999988377,0.9998767357377205
7.849999999988374,0.9998770370138097
7.850999999988372,0.9998773380811129
7.85199999998837,0.9998776389357492
7.852999999988367,0.9998779395854144
7.853999999988365,0.999878240048487
7.854999999988363,0.9998785403520943
7.85599999998836,0.9998788405293234
7.856999999988358,0.9998791406158519
7.857999999988356,0.9998794406463336
7.858999999988353,0.999879740650878
7.859999999988351,0.9998800406519888
7.860999999988349,0.9998803406622422
7.861999999988346,0.9998806406829409
7.862999999988344,0.9998809407038769
7.863999999988342,0.9998812407042127
7.864999999988339,0.9998815406544086
7.865999999988337,0.9998818405189978
7.866999999988335,0.9998821402599402
7.867999999988332,0.9998824398402243
7.86899999998833,0.9998827392273639
7.869999999988328,0.9998830383964558
7.870999999988325,0.9998833373324881
7.871999999988323,0.9998836360316808
7.872999999988321,0.9998839345017272
7.873999999988318,0.999884232760912
7.874999999988316,0.999884530836201
7.875999999988314,0.9998848287604737
7.876999999988311,0.9998851265691912
7.877999999988309,0.9998854242968068
7.878999999988307,0.9998857219732844
7.879999999988304,0.9998860196210577
7.880999999988302,0.9998863172527341
7.8819999999883,0.9998866148697504
7.882999999988297,0.9998869124621411
7.883999999988295,0.9998872100094057
7.884999999988293,0.99988750748242
7.88599999998829,0.999887804846181
7.886999999988288,0.9998881020631305
7.887999999988286,0.9998883990967237
7.888999999988283,0.9998886959148966
7.889999999988281,0.9998889924930964
7.890999999988279,0.9998892888165676
7.891999999988276,0.9998895848816883
7.892999999988274,0.9998898806962063
7.893999999988272,0.9998901762783753
7.894999999988269,0.9998904716550532
7.895999999988267,0.9998907668589708
7.896999999988265,0.9998910619254271
7.897999999988262,0.9998913568887307
7.89899999998826,0.9998916517787532
7.899999999988258,0.9998919466179136
7.900999999988255,0.9998922414188949
7.901999999988253,0.9998925361833235
7.902999999988251,0.9998928309015207
7.903999999988248,0.999893125553373
7.904999999988246,0.9998934201102162
7.905999999988244,0.9998937145375569
7.906999999988241,0.9998940087983653
7.907999999988239,0.9998943028566089
7.908999999988237,0.9998945966806924
7.909999999988234,0.9998948902464562
7.910999999988232,0.9998951835394525
7.91199999998823,0.9998954765562597
7.9129999999882275,0.9998957693047305
7.913999999988225,0.9998960618031298
7.914999999988223,0.9998963540782563
7.9159999999882205,0.9998966461627358
7.916999999988218,0.999896938091748
7.917999999988216,0.9998972298995016
7.9189999999882135,0.9998975216158176
7.919999999988211,0.9998978132631356
7.920999999988209,0.9998981048542597
7.9219999999882065,0.9998983963910363
7.922999999988204,0.9998986878641142
7.923999999988202,0.999898979253799
7.9249999999881995,0.9998992705319197
7.925999999988197,0.9998995616645275
7.926999999988195,0.9998998526151517
7.9279999999881925,0.9999001433483072
7.92899999998819,0.9999004338328978
7.929999999988188,0.9999007240451938
7.9309999999881855,0.9999010139710827
7.931999999988183,0.9999013036073807
7.932999999988181,0.9999015929620769
7.9339999999881785,0.99990188205348
7.934999999988176,0.9999021709083622
7.935999999988174,0.9999024595592771
7.9369999999881715,0.9999027480413138
7.937999999988169,0.9999030363886119
7.938999999988167,0.9999033246309665
7.9399999999881645,0.99990361279087
7.940999999988162,0.999903900881266
7.94199999998816,0.9999041889042474
7.9429999999881575,0.9999044768508097
7.943999999988155,0.9999047647016995
7.944999999988153,0.9999050524292614
7.9459999999881505,0.9999053400001078
7.946999999988148,0.9999056273783481
7.947999999988146,0.9999059145290611
7.9489999999881435,0.9999062014216703
7.949999999988141,0.9999064880328933
7.950999999988139,0.9999067743489733
7.951999999988137,0.999907060366984
7.952999999988134,0.9999073460950677
7.953999999988132,0.9999076315515972
7.95499999998813,0.9999079167633358
7.955999999988127,0.9999082017627813
7.956999999988125,0.9999084865849509
7.957999999988123,0.9999087712639277
7.95899999998812,0.9999090558294972
7.959999999988118,0.9999093403042121
7.960999999988116,0.9999096247011722
7.961999999988113,0.9999099090227213
7.962999999988111,0.9999101932602114
7.963999999988109,0.9999104773948371
7.964999999988106,0.9999107613994629
7.965999999988104,0.9999110452412678
7.966999999988102,0.9999113288849465
7.967999999988099,0.9999116122961469
7.968999999988097,0.9999118954448154
7.969999999988095,0.9999121783081213
7.970999999988092,0.9999124608726689
7.97199999998809,0.9999127431357947
7.972999999988088,0.9999130251058004
7.973999999988085,0.9999133068011257
7.974999999988083,0.9999135882485293
7.975999999988081,0.9999138694804561
7.976999999988078,0.9999141505318551
7.977999999988076,0.9999144314367538
7.978999999988074,0.9999147122249259
7.979999999988071,0.9999149929189861
7.980999999988069,0.9999152735321809
7.981999999988067,0.999915554067107
7.982999999988064,0.9999158345154635
7.983999999988062,0.9999161148588861
7.98499999998806,0.9999163950707509
7.985999999988057,0.9999166751187963
7.986999999988055,0.9999169549682917
7.987999999988053,0.9999172345854446
7.98899999998805,0.9999175139407172
7.989999999988048,0.999917793011721
7.990999999988046,0.9999180717854151
7.991999999988043,0.999918350259385
7.992999999988041,0.9999186284420845
7.993999999988039,0.9999189063520131
7.994999999988036,0.9999191840159164
7.995999999988034,0.9999194614661768
7.996999999988032,0.9999197387376619
7.997999999988029,0.999920015864332
7.998999999988027,0.9999202928759356
7.999999999988025,0.999920569795135
8.000999999988023,0.9999208466353099
8.001999999988021,0.9999211233992857
8.002999999988019,0.9999214000790972
8.003999999988016,0.9999216766567969
8.004999999988014,0.9999219531062524
8.005999999988012,0.9999222293957415
8.00699999998801,0.9999225054910843
8.007999999988007,0.9999227813590285
8.008999999988005,0.9999230569705287
8.009999999988002,0.9999233323036201
8.010999999988,0.9999236073455925
8.011999999987998,0.999923882094264
8.012999999987995,0.9999241565582166
8.013999999987993,0.9999244307559899
8.01499999998799,0.9999247047142934
8.015999999987988,0.9999249784654256
8.016999999987986,0.9999252520441521
8.017999999987984,0.9999255254843403
8.018999999987981,0.9999257988156922
8.019999999987979,0.9999260720608877
8.020999999987977,0.9999263452334117
8.021999999987974,0.9999266183362953
8.022999999987972,0.999926891361871
8.02399999998797,0.9999271642925802
8.024999999987967,0.9999274371027522
8.025999999987965,0.9999277097611694
8.026999999987963,0.9999279822341748
8.02799999998796,0.9999282544890209
8.028999999987958,0.9999285264971237
8.029999999987956,0.9999287982369084
8.030999999987953,0.9999290696959646
8.031999999987951,0.9999293408723109
8.032999999987949,0.9999296117746301
8.033999999987946,0.9999298824214693
8.034999999987944,0.9999301528394717
8.035999999987942,0.9999304230608204
8.03699999998794,0.9999306931201445
8.037999999987937,0.9999309630511873
8.038999999987935,0.9999312328835676
8.039999999987932,0.9999315026399486
8.04099999998793,0.999931772333885
8.041999999987928,0.9999320419685729
8.042999999987925,0.9999323115366048
8.043999999987923,0.9999325810207736
8.04499999998792,0.9999328503958268
8.045999999987918,0.9999331196310092
8.046999999987916,0.9999333886931476
8.047999999987914,0.9999336575499586
8.048999999987911,0.9999339261732791
8.049999999987909,0.999934194541884
8.050999999987907,0.999934462643625
8.051999999987904,0.9999347304766818
8.052999999987902,0.9999349980497974
8.0539999999879,0.9999352653814877
8.054999999987897,0.9999355324982907
8.055999999987895,0.9999357994322357
8.056999999987893,0.9999360662177746
8.05799999998789,0.9999363328884895
8.058999999987888,0.9999365994738724
8.059999999987886,0.9999368659965276
8.060999999987883,0.999937132470036
8.061999999987881,0.9999373988977115
8.062999999987879,0.9999376652723653
8.063999999987876,0.9999379315770919
8.064999999987874,0.9999381977870105
8.065999999987872,0.9999384638717851
8.06699999998787,0.9999387297986736
8.067999999987867,0.9999389955358128
8.068999999987865,0.9999392610554153
8.069999999987862,0.9999395263365594
8.07099999998786,0.9999397913673128
8.071999999987858,0.9999400561459724
8.072999999987855,0.999940320681298
8.073999999987853,0.9999405849917294
8.07499999998785,0.999940849103658
8.075999999987848,0.9999411130489134
8.076999999987846,0.9999413768617282
8.077999999987844,0.9999416405754725
8.078999999987841,0.9999419042194694
8.07999999998784,0.9999421678162165
8.080999999987837,0.9999424313792722
8.081999999987834,0.9999426949120236
8.082999999987832,0.9999429584074453
8.08399999998783,0.9999432218488865
8.084999999987827,0.999943485211788
8.085999999987825,0.9999437484661812
8.086999999987823,0.9999440115797059
8.08799999998782,0.9999442745208699
8.088999999987818,0.999944537262208
8.089999999987816,0.9999447997830561
8.090999999987813,0.9999450620716501
8.091999999987811,0.9999453241263545
8.092999999987809,0.9999455859559014
8.093999999987807,0.9999458475786097
8.094999999987804,0.999946109020674
8.095999999987802,0.9999463703136786
8.0969999999878,0.9999466314915914
8.097999999987797,0.9999468925875252
8.098999999987795,0.9999471536305861
8.099999999987793,0.999947414643116
8.10099999998779,0.9999476756386009
8.101999999987788,0.9999479366204495
8.102999999987786,0.9999481975817528
8.103999999987783,0.9999484585060593
8.10499999998778,0.9999487193690821
8.105999999987779,0.9999489801411681
8.106999999987776,0.9999492407902897
8.107999999987774,0.9999495012852716
8.108999999987772,0.9999497615989252
8.10999999998777,0.9999500217107933
8.110999999987767,0.9999502816092304
8.111999999987765,0.999950541292624
8.112999999987762,0.9999508007696281
8.11399999998776,0.9999510600583958
8.114999999987758,0.9999513191848811
8.115999999987755,0.9999515781803762
8.116999999987753,0.9999518370785379
8.11799999998775,0.9999520959121754
8.118999999987748,0.9999523547101293
8.119999999987746,0.9999526134945407
8.120999999987744,0.9999528722787742
8.121999999987741,0.9999531310662116
8.122999999987739,0.9999533898500104
8.123999999987737,0.9999536486138717
8.124999999987734,0.9999539073337285
8.125999999987732,0.9999541659801913
8.12699999998773,0.9999544245215184
8.127999999987727,0.9999546829268032
8.128999999987725,0.9999549411690836
8.129999999987723,0.9999551992280623
8.13099999998772,0.999955457092169
8.131999999987718,0.9999557147597672
8.132999999987716,0.9999559722393914
8.133999999987713,0.9999562295489838
8.134999999987711,0.9999564867142133
8.135999999987709,0.9999567437660403
8.136999999987706,0.9999570007377652
8.137999999987704,0.9999572576618515
8.138999999987702,0.9999575145668309
8.1399999999877,0.9999577714745974
8.140999999987697,0.9999580283983526
8.141999999987695,0.999958285341404
8.142999999987692,0.9999585422969305
8.14399999998769,0.9999587992487393
8.144999999987688,0.9999590561729388
8.145999999987685,0.999959313040359
8.146999999987683,0.9999595698194967
8.14799999998768,0.9999598264796696
8.148999999987678,0.9999600829941012
8.149999999987676,0.99996033934261
8.150999999987674,0.9999605955136581
8.151999999987671,0.9999608515055469
8.152999999987669,0.99996110732665
8.153999999987667,0.9999613629946595
8.154999999987664,0.9999616185349244
8.155999999987662,0.9999618739780328
8.15699999998766,0.9999621293568929
8.157999999987657,0.9999623847035842
8.158999999987655,0.99996264004629
8.159999999987653,0.99996289540662
8.16099999998765,0.9999631507975734
8.161999999987648,0.9999634062223454
8.162999999987646,0.9999636616740945
8.163999999987643,0.9999639171366945
8.164999999987641,0.9999641725863876
8.165999999987639,0.9999644279941878
8.166999999987636,0.9999646833287877
8.167999999987634,0.9999649385596934
8.168999999987632,0.9999651936602735
8.16999999998763,0.9999654486104301
8.170999999987627,0.9999657033986217
8.171999999987625,0.9999659580230529
8.172999999987622,0.9999662124919029
8.17399999998762,0.9999664668225855
8.174999999987618,0.9999667210400943
8.175999999987615,0.9999669751746163
8.176999999987613,0.9999672292586353
8.17799999998761,0.9999674833238168
8.178999999987608,0.9999677373979674
8.179999999987606,0.9999679915023791
8.180999999987604,0.999968245649815
8.181999999987601,0.9999684998433265
8.182999999987599,0.9999687540760226
8.183999999987597,0.9999690083318078
8.184999999987594,0.9999692625870291
8.185999999987592,0.9999695168128478
8.18699999998759,0.9999697709781242
8.187999999987587,0.9999700250525216
8.188999999987585,0.9999702790095257
8.189999999987583,0.9999705328290915
8.19099999998758,0.9999707864996489
8.191999999987578,0.9999710400192785
8.192999999987576,0.9999712933959432
8.193999999987573,0.9999715466467496
8.194999999987571,0.9999717997963168
8.195999999987569,0.9999720528744066
8.196999999987566,0.9999723059130565
8.197999999987564,0.9999725589434941
8.198999999987562,0.9999728119931257
8.19999999998756,0.999973065082904
8.200999999987557,0.9999733182253349
8.201999999987555,0.9999735714232998
8.202999999987552,0.9999738246698325
8.20399999998755,0.9999740779488502
8.204999999987548,0.9999743312367753
8.205999999987545,0.9999745845048972
8.206999999987543,0.9999748377222198
8.20799999998754,0.9999750908585423
8.208999999987538,0.9999753438874458
8.209999999987536,0.9999755967889196
8.210999999987534,0.9999758495513441
8.211999999987531,0.9999761021726628
8.21299999998753,0.9999763546606028
8.213999999987527,0.9999766070319518
8.214999999987525,0.9999768593109362
8.215999999987522,0.9999771115268812
8.21699999998752,0.9999773637113648
8.217999999987518,0.9999776158951632
8.218999999987515,0.9999778681052699
8.219999999987513,0.9999781203622838
8.22099999998751,0.999978372678438
8.221999999987508,0.9999786250564319
8.222999999987506,0.9999788774892094
8.223999999987504,0.9999791299606812
8.224999999987501,0.9999793824473363
8.225999999987499,0.999979634920574
8.226999999987497,0.999979887349531
8.227999999987494,0.9999801397041276
8.228999999987492,0.9999803919580317
8.22999999998749,0.9999806440912534
8.230999999987487,0.9999808960921186
8.231999999987485,0.9999811479584206
8.232999999987483,0.9999813996976484
8.23399999998748,0.9999816513262642
8.234999999987478,0.9999819028680971
8.235999999987476,0.9999821543520301
8.236999999987473,0.999982405809177
8.237999999987471,0.9999826572698596
8.238999999987469,0.9999829087606518
8.239999999987466,0.9999831603017972
8.240999999987464,0.9999834119052499
8.241999999987462,0.9999836635735226
8.24299999998746,0.9999839152994638
8.243999999987457,0.9999841670669739
8.244999999987455,0.9999844188526024
8.245999999987452,0.9999846706278523
8.24699999998745,0.9999849223619908
8.247999999987448,0.9999851740250549
8.248999999987445,0.9999854255907957
8.249999999987443,0.9999856770392467
8.25099999998744,0.999985928358677
8.251999999987438,0.9999861795467324
8.252999999987436,0.9999864306106643
8.253999999987434,0.9999866815666109
8.254999999987431,0.9999869324380114
8.255999999987429,0.9999871832533099
8.256999999987427,0.9999874340431628
8.257999999987424,0.9999876848374413
8.258999999987422,0.999987935662305
8.25999999998742,0.9999881865376457
8.260999999987417,0.999988437475143
8.261999999987415,0.9999886884771276
8.262999999987413,0.9999889395363554
8.26399999998741,0.9999891906367208
8.264999999987408,0.9999894417548343
8.265999999987406,0.9999896928623124
8.266999999987403,0.9999899439285512
8.267999999987401,0.9999901949237149
8.268999999987399,0.9999904458216425
8.269999999987396,0.9999906966023978
8.270999999987394,0.9999909472541997
8.271999999987392,0.9999911977745595
8.27299999998739,0.9999914481704999
8.273999999987387,0.9999916984578495
8.274999999987385,0.9999919486596691
8.275999999987382,0.9999921988039769
8.27699999998738,0.9999924489209837
8.277999999987378,0.9999926990401239
8.278999999987375,0.9999929491871572
8.279999999987373,0.9999931993816354
8.28099999998737,0.9999934496349768
8.281999999987368,0.9999936999493416
8.282999999987366,0.999993950317404
8.283999999987364,0.9999942007230633
8.284999999987361,0.9999944511430073
8.285999999987359,0.9999947015489746
8.286999999987357,0.9999949519105051
8.287999999987354,0.9999952021978995
8.288999999987352,0.9999954523851011
8.28999999998735,0.9999957024522185
8.290999999987347,0.999995952387439
8.291999999987345,0.9999962021881548
8.292999999987343,0.9999964518611802
8.29399999998734,0.9999967014220509
8.294999999987338,0.9999969508934696
8.295999999987336,0.9999972003030486
8.296999999987333,0.9999974496805752
8.297999999987331,0.9999976990550669
8.298999999987329,0.9999979484519032
8.299999999987326,0.9999981978903171
8.300999999987324,0.9999984473814848
8.301999999987322,0.9999986969274118
8.30299999998732,0.9999989465207149
8.303999999987317,0.999999196145316
8.304999999987315,0.9999994457779955
8.305999999987312,0.9999996953906334
8.30699999998731,0.9999999449529339
8.307999999987308,1.000000194435354
8.308999999987305,1.0000004438119614
8.309999999987303,1.0000006930629313
8.3109999999873,1.0000009421764424
8.311999999987298,1.0000011911497897
8.312999999987296,1.0000014399896038
8.313999999987294,1.0000016887111554
8.314999999987291,1.0000019373368134
8.31599999998729,1.0000021858938115
8.316999999987287,1.0000024344115381
8.317999999987284,1.0000026829186226
8.318999999987282,1.000002931440089
8.31999999998728,1.0000031799948759
8.320999999987277,1.0000034285939443
8.321999999987275,1.0000036772391727
8.322999999987273,1.00000392592314
8.32399999998727,1.0000041746298163
8.324999999987268,1.0000044233360976
8.325999999987266,1.0000046720140308
8.326999999987263,1.0000049206335064
8.327999999987261,1.0000051691651652
8.328999999987259,1.000005417583225
8.329999999987256,1.000005665867951
8.330999999987254,1.000005914007541
8.331999999987252,1.0000061619992235
8.33299999998725,1.0000064098494745
8.333999999987247,1.0000066575733277
8.334999999987245,1.00000690519285
8.335999999987243,1.0000071527349266
8.33699999998724,1.0000074002285797
8.337999999987238,1.0000076477020772
8.338999999987236,1.0000078951801217
8.339999999987233,1.000008142681386
8.34099999998723,1.0000083902166441
8.341999999987229,1.0000086377876765
8.342999999987226,1.0000088853870521
8.343999999987224,1.0000091329988166
8.344999999987222,1.0000093806000112
8.34599999998722,1.000009628162875
8.346999999987217,1.0000098756575146
8.347999999987215,1.0000101230547809
8.348999999987212,1.000010370329069
8.34999999998721,1.0000106174607692
8.350999999987208,1.0000108644381263
8.351999999987205,1.0000111112583325
8.352999999987203,1.0000113579277412
8.3539999999872,1.0000116044611826
8.354999999987198,1.000011850880454
8.355999999987196,1.0000120972121265
8.356999999987194,1.000012343484887
8.357999999987191,1.0000125897266787
8.358999999987189,1.0000128359619123
8.359999999987187,1.0000130822090292
8.360999999987184,1.0000133284786474
8.361999999987182,1.000013574772478
8.36299999998718,1.0000138210831127
8.363999999987177,1.0000140673947022
8.364999999987175,1.0000143136844615
8.365999999987173,1.0000145599248509
8.36699999998717,1.0000148060862228
8.367999999987168,1.0000150521396682
8.368999999987166,1.0000152980597907
8.369999999987163,1.0000155438271334
8.370999999987161,1.0000157894300228
8.371999999987159,1.000016034865647
8.372999999987156,1.0000162801402694
8.373999999987154,1.0000165252685513
8.374999999987152,1.000016770272054
8.37599999998715,1.0000170151770673
8.376999999987147,1.0000172600119799
8.377999999987145,1.000017504804442
8.378999999987142,1.0000177495786067
8.37999999998714,1.0000179943527152
8.380999999987138,1.0000182391372625
8.381999999987135,1.000018483933923
8.382999999987133,1.00001872873534
8.38399999998713,1.0000189735257983
8.384999999987128,1.000019218282717
8.385999999987126,1.0000194629788077
8.386999999987124,1.000019707584698
8.387999999987121,1.0000199520717477
8.388999999987119,1.0000201964147992
8.389999999987117,1.00002044059458
8.390999999987114,1.0000206845995274
8.391999999987112,1.0000209284268593
8.39299999998711,1.0000211720827807
8.393999999987107,1.0000214155818168
8.394999999987105,1.000021658945327
8.395999999987103,1.0000219021993546
8.3969999999871,1.0000221453720217
8.397999999987098,1.0000223884907185
8.398999999987096,1.0000226315793732
8.399999999987093,1.0000228746560584
8.400999999987091,1.0000231177311767
8.401999999987089,1.0000233608063944
8.402999999987086,1.0000236038744361
8.403999999987084,1.0000238469197509
8.404999999987082,1.0000240899199877
8.40599999998708,1.0000243328481393
8.406999999987077,1.0000245756751336
8.407999999987075,1.0000248183726297
8.408999999987072,1.0000250609157355
8.40999999998707,1.0000253032853927
8.410999999987068,1.000025545470179
8.411999999987065,1.0000257874673704
8.412999999987063,1.0000260292831458
8.41399999998706,1.000026270931924
8.414999999987058,1.0000265124348935
8.415999999987056,1.000026753817882
8.416999999987054,1.0000269951087744
8.417999999987051,1.0000272363347336
8.418999999987049,1.0000274775194908
8.419999999987047,1.00002771868098
8.420999999987044,1.0000279598295383
8.421999999987042,1.000028200966853
8.42299999998704,1.0000284420857561
8.423999999987037,1.0000286831708853
8.424999999987035,1.000028924200147
8.425999999987033,1.0000291651468365
8.42699999998703,1.0000294059822088
8.427999999987028,1.0000296466782446
8.428999999987026,1.0000298872103455
8.429999999987023,1.00003012755969
8.430999999987021,1.0000303677150224
8.431999999987019,1.000030607673703
8.432999999987016,1.0000308474419126
8.433999999987014,1.0000310870339908
8.434999999987012,1.000031326470981
8.43599999998701,1.0000315657785241
8.436999999987007,1.0000318049842956
8.437999999987005,1.0000320441152553
8.438999999987002,1.0000322831949653
8.439999999987,1.0000325222412456
8.440999999986998,1.0000327612643922
8.441999999986995,1.0000330002661357
8.442999999986993,1.0000332392394369
8.44399999998699,1.000033478169144
8.444999999986988,1.000033717033441
8.445999999986986,1.0000339558059474
8.446999999986984,1.000034194458266
8.447999999986981,1.000034432962719
8.44899999998698,1.0000346712950214
8.449999999986977,1.0000349094366094
8.450999999986974,1.0000351473764177
8.451999999986972,1.0000353851119121
8.45299999998697,1.0000356226492944
8.453999999986967,1.0000358600028476
8.454999999986965,1.0000360971934967
8.455999999986963,1.000036334246715
8.45699999998696,1.000036571189991
8.457999999986958,1.000036808050105
8.458999999986956,1.0000370448504694
8.459999999986954,1.00003728160881
8.460999999986951,1.0000375183354007
8.461999999986949,1.0000377550320338
8.462999999986947,1.000037991691817
8.463999999986944,1.000038228299825
8.464999999986942,1.000038464834535
8.46599999998694,1.0000387012699063
8.466999999986937,1.0000389375779026
8.467999999986935,1.0000391737312053
8.468999999986933,1.0000394097058545
8.46999999998693,1.0000396454835634
8.470999999986928,1.0000398810534694
8.471999999986926,1.0000401164131616
8.472999999986923,1.0000403515688805
8.47399999998692,1.0000405865348714
8.474999999986919,1.0000408213319538
8.475999999986916,1.0000410559854525
8.476999999986914,1.0000412905226856
8.477999999986912,1.000041524970268
8.47899999998691,1.00004175935148
8.479999999986907,1.0000419936839668
8.480999999986905,1.0000422279779941
8.481999999986902,1.000042462235428
8.4829999999869,1.0000426964495346
8.483999999986898,1.0000429306056262
8.484999999986895,1.0000431646824823
8.485999999986893,1.0000433986544108
8.48699999998689,1.000043632493747
8.487999999986888,1.0000438661735387
8.488999999986886,1.000044099670164
8.489999999986884,1.0000443329656197
8.490999999986881,1.000044566049257
8.491999999986879,1.0000447989187988
8.492999999986877,1.000045031580535
8.493999999986874,1.000045264048683
8.494999999986872,1.00004549634397
8.49599999998687,1.000045728491581
8.496999999986867,1.0000459605186764
8.497999999986865,1.0000461924517154
8.498999999986863,1.0000464243138545
8.49999999998686,1.0000466561226675
8.500999999986858,1.0000468878884192
8.501999999986856,1.0000471196130556
8.502999999986853,1.0000473512900068
8.503999999986851,1.0000475829048263
8.504999999986849,1.000047814436601
8.505999999986846,1.0000480458599923
8.506999999986844,1.000048277147709
8.507999999986842,1.000048508273169
8.50899999998684,1.00004873921309
8.509999999986837,1.0000489699497561
8.510999999986835,1.000049200472738
8.511999999986832,1.0000494307798955
8.51299999998683,1.0000496608775735
8.513999999986828,1.000049890779965
8.514999999986825,1.00005012050771
8.515999999986823,1.0000503500858593
8.51699999998682,1.0000505795414207
8.517999999986818,1.0000508089007023
8.518999999986816,1.0000510381867376
8.519999999986814,1.0000512674170332
8.520999999986811,1.0000514966018546
8.521999999986809,1.0000517257432275
8.522999999986807,1.0000519548347462
8.523999999986804,1.0000521838622034
8.524999999986802,1.0000524128049921
8.5259999999868,1.0000526416381235
8.526999999986797,1.0000528703346772
8.527999999986795,1.000053098868438
8.528999999986793,1.000053327216463
8.52999999998679,1.0000535553613203
8.530999999986788,1.0000537832927965
8.531999999986786,1.0000540110088871
8.532999999986783,1.000054238515991
8.533999999986781,1.0000544658282775
8.534999999986779,1.000054692966297
8.535999999986776,1.0000549199549682
8.536999999986774,1.00005514682114
8.537999999986772,1.0000553735909699
8.53899999998677,1.000055600287368
8.539999999986767,1.0000558269277677
8.540999999986765,1.0000560535224312
8.541999999986762,1.0000562800734605
8.54299999998676,1.0000565065746045
8.543999999986758,1.0000567330118926
8.544999999986755,1.0000569593650122
8.545999999986753,1.0000571856093183
8.54699999998675,1.000057411718253
8.547999999986748,1.0000576376659613
8.548999999986746,1.0000578634298265
8.549999999986744,1.0000580889926973
8.550999999986741,1.0000583143445667
8.551999999986739,1.000058539483561
8.552999999986737,1.0000587644161245
8.553999999986734,1.000058989156397
8.554999999986732,1.000059213724833
8.55599999998673,1.0000594381462116
8.556999999986727,1.000059662447219
8.557999999986725,1.0000598866538533
8.558999999986723,1.0000601107888933
8.55999999998672,1.0000603348696921
8.560999999986718,1.000060558906499
8.561999999986716,1.0000607829014805
8.562999999986713,1.000061006848532
8.563999999986711,1.0000612307339036
8.564999999986709,1.000061454537569
8.565999999986706,1.0000616782352107
8.566999999986704,1.0000619018006212
8.567999999986702,1.0000621252082902
8.5689999999867,1.0000623484359192
8.569999999986697,1.0000625714666194
8.570999999986695,1.0000627942905822
8.571999999986692,1.0000630169060503
8.57299999998669,1.000063239319503
8.573999999986688,1.0000634615450397
8.574999999986685,1.0000636836030088
8.575999999986683,1.000063905518038
8.57699999998668,1.0000641273166402
8.577999999986679,1.0000643490246424
8.578999999986676,1.0000645706646811
8.579999999986674,1.0000647922540156
8.580999999986672,1.0000650138028684
8.58199999998667,1.0000652353134554
8.582999999986667,1.0000654567798035
8.583999999986665,1.000065678188369
8.584999999986662,1.000065899519393
8.58599999998666,1.0000661207488686
8.586999999986658,1.0000663418509221
8.587999999986655,1.0000665628003715
8.588999999986653,1.0000667835752175
8.58999999998665,1.00006700415882
8.590999999986648,1.0000672245415507
8.591999999986646,1.0000674447217532
8.592999999986644,1.0000676647059288
8.593999999986641,1.0000678845081181
8.594999999986639,1.0000681041485517
8.595999999986637,1.000068323651691
8.596999999986634,1.0000685430438612
8.597999999986632,1.0000687623507023
8.59899999998663,1.0000689815946935
8.599999999986627,1.0000692007929846
8.600999999986625,1.0000694199557534
8.601999999986623,1.0000696390852493
8.60299999998662,1.000069858175611
8.603999999986618,1.0000700772134798
8.604999999986616,1.0000702961793457
8.605999999986613,1.0000705150494946
8.606999999986611,1.0000707337983648
8.607999999986609,1.000070952401082
8.608999999986606,1.0000711708359264
8.609999999986604,1.0000713890864867
8.610999999986602,1.0000716071432951
8.6119999999866,1.0000718250047809
8.612999999986597,1.0000720426774459
8.613999999986595,1.0000722601752583
8.614999999986592,1.0000724775183112
8.61599999998659,1.000072694730884
8.616999999986588,1.0000729118390967
8.617999999986585,1.000073128868386
8.618999999986583,1.000073345841055
8.61999999998658,1.0000735627741242
8.620999999986578,1.00007377967771
8.621999999986576,1.000073996554074
8.622999999986574,1.0000742133974463
8.623999999986571,1.0000744301946332
8.624999999986569,1.0000746469263504
8.625999999986567,1.0000748635691539
8.626999999986564,1.0000750800977716
8.627999999986562,1.0000752964876156
8.62899999998656,1.000075512717225
8.629999999986557,1.0000757287703954
8.630999999986555,1.0000759446378005
8.631999999986553,1.0000761603179316
8.63299999998655,1.000076375817275
8.633999999986548,1.000076591149707
8.634999999986546,1.0000768063351644
8.635999999986543,1.0000770213977253
8.636999999986541,1.0000772363632866
8.637999999986539,1.0000774512570645
8.638999999986536,1.0000776661011652
8.639999999986534,1.0000778809124629
8.640999999986532,1.0000780957009896
8.64199999998653,1.0000783104689994
8.642999999986527,1.0000785252107915
8.643999999986525,1.0000787399133146
8.644999999986522,1.0000789545574893
8.64599999998652,1.0000791691201167
8.646999999986518,1.0000793835761934
8.647999999986515,1.0000795979013952
8.648999999986513,1.000079812074496
8.64999999998651,1.0000800260794775
8.650999999986508,1.0000802399071338
8.651999999986506,1.0000804535559982
8.652999999986504,1.0000806670325217
8.653999999986501,1.0000808803504684
8.654999999986499,1.0000810935296007
8.655999999986497,1.0000813065937781
8.656999999986494,1.000081519568655
8.657999999986492,1.0000817324792075
8.65899999998649,1.0000819453473273
8.659999999986487,1.0000821581897203
8.660999999986485,1.000082371016316
8.661999999986483,1.000082583829339
8.66299999998648,1.0000827966231365
8.663999999986478,1.000083009384779
8.664999999986476,1.0000832220953675
8.665999999986473,1.0000834347319283
8.666999999986471,1.0000836472697028
8.667999999986469,1.0000838596846071
8.668999999986466,1.0000840719556294
8.669999999986464,1.0000842840669175
8.670999999986462,1.0000844960093629
8.67199999998646,1.0000847077815236
8.672999999986457,1.0000849193897934
8.673999999986455,1.000085130847808
8.674999999986452,1.0000853421751372
8.67599999998645,1.0000855533954032
8.676999999986448,1.000085764534
8.677999999986445,1.0000859756156468
8.678999999986443,1.000086186662002
8.67999999998644,1.0000863976895864
8.680999999986438,1.000086608708206
8.681999999986436,1.0000868197200372
8.682999999986434,1.0000870307194554
8.683999999986431,1.0000872416936304
8.68499999998643,1.000087452623824
8.685999999986427,1.000087663487266
8.686999999986424,1.0000878742594208
8.687999999986422,1.0000880849164266
8.68899999998642,1.0000882954374646
8.689999999986417,1.000088505806827
8.690999999986415,1.0000887160154857
8.691999999986413,1.0000889260620047
8.69299999998641,1.0000891359527042
8.693999999986408,1.000089345701073
8.694999999986406,1.000089555326473
8.695999999986403,1.000089764852273
8.696999999986401,1.0000899743035923
8.697999999986399,1.0000901837048741
8.698999999986397,1.00009039307753
8.699999999986394,1.0000906024378782
8.700999999986392,1.0000908117955853
8.70199999998639,1.0000910211527614
8.702999999986387,1.0000912305037912
8.703999999986385,1.0000914398359266
8.704999999986383,1.0000916491305716
8.70599999998638,1.0000918583651397
8.706999999986378,1.0000920675153002
8.707999999986376,1.0000922765573934
8.708999999986373,1.0000924854707758
8.70999999998637,1.0000926942398685
8.710999999986369,1.0000929028557073
8.711999999986366,1.0000931113168454
8.712999999986364,1.000093319629515
8.713999999986362,1.0000935278070433
8.71499999998636,1.0000937358685704
8.715999999986357,1.000093943837199
8.716999999986355,1.0000941517377602
8.717999999986352,1.000094359594411
8.71899999998635,1.0000945674282995
8.719999999986348,1.000094775255528
8.720999999986345,1.0000949830856098
8.721999999986343,1.000095190920574
8.72299999998634,1.0000953987548005
8.723999999986338,1.0000956065756066
8.724999999986336,1.0000958143645222
8.725999999986334,1.00009602209913
8.726999999986331,1.0000962297552882
8.727999999986329,1.0000964373095247
8.728999999986327,1.0000966447413557
8.729999999986324,1.0000968520353168
8.730999999986322,1.0000970591824945
8.73199999998632,1.0000972661814165
8.732999999986317,1.0000974730382188
8.733999999986315,1.0000976797660557
8.734999999986313,1.0000978863838335
8.73599999998631,1.0000980929143792
8.736999999986308,1.0000982993822258
8.737999999986306,1.0000985058112335
8.738999999986303,1.0000987122222789
8.739999999986301,1.0000989186312377
8.740999999986299,1.0000991250474585
8.741999999986296,1.0000993314728779
8.742999999986294,1.0000995379018591
8.743999999986292,1.000099744321774
8.74499999998629,1.000099950714266
8.745999999986287,1.0001001570570731
8.746999999986285,1.0001003633262324
8.747999999986282,1.000100569498445
8.74899999998628,1.0001007755533784
8.749999999986278,1.0001009814756698
8.750999999986275,1.0001011872564478
8.751999999986273,1.000101392894208
8.75299999998627,1.0001015983949773
8.753999999986268,1.0001018037717324
8.754999999986266,1.0001020090431398
8.755999999986264,1.0001022142317442
8.756999999986261,1.0001024193617736
8.757999999986259,1.0001026244567848
8.758999999986257,1.0001028295373775
8.759999999986254,1.0001030346191928
8.760999999986252,1.0001032397114098
8.76199999998625,1.0001034448158643
8.762999999986247,1.000103649926896
8.763999999986245,1.000103855031922
8.764999999986243,1.000104060112691
8.76599999998624,1.0001042651470888
8.766999999986238,1.0001044701113215
8.767999999986236,1.000104674982257
8.768999999986233,1.000104879739705
8.769999999986231,1.0001050843684005
8.770999999986229,1.0001052888595048
8.771999999986226,1.0001054932114777
8.772999999986224,1.000105697430234
8.773999999986222,1.0001059015285672
8.77499999998622,1.0001061055249023
8.775999999986217,1.0001063094414988
8.776999999986215,1.0001065133022782
8.777999999986212,1.0001067171304925
8.77899999998621,1.0001069209464593
8.779999999986208,1.0001071247655864
8.780999999986205,1.0001073285968776
8.781999999986203,1.0001075324420667
8.7829999999862,1.0001077362954636
8.783999999986198,1.0001079401445274
8.784999999986196,1.0001081439711068
8.785999999986194,1.000108347753232
8.786999999986191,1.0001085514672732
8.787999999986189,1.0001087550902625
8.788999999986187,1.0001089586021474
8.789999999986184,1.0001091619877558
8.790999999986182,1.0001093652382822
8.79199999998618,1.0001095683521497
8.792999999986177,1.0001097713351594
8.793999999986175,1.0001099741999233
8.794999999986173,1.0001101769646257
8.79599999998617,1.0001103796512405
8.796999999986168,1.0001105822833856
8.797999999986166,1.0001107848840098
8.798999999986163,1.0001109874731517
8.799999999986161,1.000111190065985
8.800999999986159,1.0001113926713392
8.801999999986156,1.0001115952908464
8.802999999986154,1.0001117979187877
8.803999999986152,1.0001120005426634
8.80499999998615,1.0001122031444232
8.805999999986147,1.000112405702239
8.806999999986145,1.0001126081926457
8.807999999986142,1.0001128105928376
8.80899999998614,1.0001130128829019
8.809999999986138,1.000113215047761
8.810999999986135,1.0001134170786448
8.811999999986133,1.00011361897394
8.81299999998613,1.0001138207393385
8.813999999986128,1.0001140223872742
8.814999999986126,1.0001142239356935
8.815999999986124,1.0001144254062944
8.816999999986121,1.0001146268223942
8.81799999998612,1.0001148282066439
8.818999999986117,1.000115029578809
8.819999999986115,1.0001152309538335
8.820999999986112,1.0001154323403778
8.82199999998611,1.0001156337399755
8.822999999986108,1.0001158351468833
8.823999999986105,1.0001160365486448
8.824999999986103,1.0001162379273139
8.8259999999861,1.0001164392612074
8.826999999986098,1.0001166405270274
8.827999999986096,1.0001168417021358
8.828999999986094,1.0001170427667598
8.829999999986091,1.0001172437059231
8.830999999986089,1.000117444510894
8.831999999986087,1.000117645180029
8.832999999986084,1.0001178457189202
8.833999999986082,1.000118046139829
8.83499999998608,1.0001182464604743
8.835999999986077,1.0001184467022832
8.836999999986075,1.0001186468882828
8.837999999986073,1.0001188470408349
8.83899999998607,1.000119047179439
8.839999999986068,1.0001192473188172
8.840999999986066,1.0001194474674713
8.841999999986063,1.0001196476268415
8.842999999986061,1.0001198477911668
8.843999999986059,1.000120047948042
8.844999999986056,1.00012024807963
8.845999999986054,1.0001204481643995
8.846999999986052,1.0001206481792249
8.84799999998605,1.0001208481016395
8.848999999986047,1.0001210479120228
8.849999999986045,1.000121247595503
8.850999999986042,1.0001214471433963
8.85199999998604,1.00012164655404
8.852999999986038,1.0001218458329304
8.853999999986035,1.0001220449921708
8.854999999986033,1.0001222440492612
8.85599999998603,1.0001224430253712
8.856999999986028,1.0001226419432467
8.857999999986026,1.0001228408249725
8.858999999986024,1.0001230396897933
8.859999999986021,1.000123238552223
8.860999999986019,1.0001234374206098
8.861999999986017,1.0001236362963135
8.862999999986014,1.0001238351735644
8.863999999986012,1.0001240340400173
8.86499999998601,1.0001242328779523
8.865999999986007,1.0001244316659974
8.866999999986005,1.0001246303812092
8.867999999986003,1.0001248290013027
8.868999999986,1.0001250275068148
8.869999999985998,1.0001252258829898
8.870999999985996,1.000125424121203
8.871999999985993,1.00012562221978
8.872999999985991,1.000125820184139
8.873999999985989,1.0001260180262332
8.874999999985986,1.0001262157633584
8.875999999985984,1.0001264134164376
8.876999999985982,1.0001266110079514
8.87799999998598,1.0001268085597195
8.878999999985977,1.0001270060907472
8.879999999985975,1.0001272036153483
8.880999999985972,1.0001274011417345
8.88199999998597,1.0001275986711953
8.882999999985968,1.000127796197962
8.883999999985965,1.0001279937097611
8.884999999985963,1.0001281911890005
8.88599999998596,1.0001283886144787
8.886999999985958,1.000128585963444
8.887999999985956,1.0001287832138024
8.888999999985954,1.0001289803462594
8.889999999985951,1.0001291773461876
8.890999999985949,1.0001293742050321
8.891999999985947,1.0001295709211218
8.892999999985944,1.0001297674998062
8.893999999985942,1.0001299639529038
8.89499999998594,1.0001301602975203
8.895999999985937,1.0001303565543478
8.896999999985935,1.000130552745616
8.897999999985933,1.0001307488928939
8.89899999998593,1.000130945014961
8.899999999985928,1.0001311411259473
8.900999999985926,1.0001313372339387
8.901999999985923,1.0001315333401688
8.902999999985921,1.0001317294388845
8.903999999985919,1.0001319255178929
8.904999999985916,1.0001321215597416
8.905999999985914,1.0001323175434105
8.906999999985912,1.0001325134463508
8.90799999998591,1.000132709246671
8.908999999985907,1.0001329049252583
8.909999999985905,1.0001331004676244
8.910999999985902,1.0001332958652966
8.9119999999859,1.0001334911166204
8.912999999985898,1.0001336862268906
8.913999999985895,1.0001338812078069
8.914999999985893,1.000134076076299
8.91599999998589,1.0001342708528438
8.916999999985888,1.0001344655594344
8.917999999985886,1.0001346602174057
8.918999999985884,1.0001348548453244
8.919999999985881,1.0001350494571537
8.92099999998588,1.0001352440608662
8.921999999985877,1.000135438657654
8.922999999985874,1.0001356332417894
8.923999999985872,1.0001358278011747
8.92499999998587,1.0001360223185092
8.925999999985867,1.0001362167729655
8.926999999985865,1.0001364111422086
8.927999999985863,1.0001366054045615
8.92899999998586,1.0001367995411037
8.929999999985858,1.0001369935374995
8.930999999985856,1.000137187385372
8.931999999985853,1.000137381083095
8.932999999985851,1.0001375746359238
8.933999999985849,1.000137768055453
8.934999999985846,1.000137961358451
8.935999999985844,1.0001381545651944
8.936999999985842,1.0001383476974561
8.93799999998584,1.0001385407763512
8.938999999985837,1.0001387338202494
8.939999999985835,1.0001389268429588
8.940999999985833,1.0001391198523562
8.94199999998583,1.0001393128496014
8.942999999985828,1.0001395058290077
8.943999999985826,1.0001396987785836
8.944999999985823,1.000139891681191
8.94599999998582,1.0001400845162058
8.946999999985819,1.0001402772615196
8.947999999985816,1.0001404698956804
8.948999999985814,1.0001406623999718
8.949999999985812,1.0001408547602206
8.95099999998581,1.0001410469681573
8.951999999985807,1.0001412390221982
8.952999999985805,1.000141430927573
8.953999999985802,1.0001416226957847
8.9549999999858,1.0001418143434546
8.955999999985798,1.0001420058906734
8.956999999985795,1.000142197359007
8.957999999985793,1.000142388769366
8.95899999998579,1.0001425801399364
8.959999999985788,1.0001427714843858
8.960999999985786,1.000142962810506
8.961999999985784,1.0001431541194388
8.962999999985781,1.000143345405549
8.963999999985779,1.000143536656962
8.964999999985777,1.0001437278567127
8.965999999985774,1.0001439189843924
8.966999999985772,1.0001441100181252
8.96799999998577,1.0001443009366962
8.968999999985767,1.000144491721603
8.969999999985765,1.0001446823588456
8.970999999985763,1.0001448728402733
8.97199999998576,1.0001450631643563
8.972999999985758,1.0001452533363098
8.973999999985756,1.000145443367557
8.974999999985753,1.0001456332745866
8.975999999985751,1.0001458230773153
8.976999999985749,1.0001460127971158
8.977999999985746,1.0001462024547054
8.978999999985744,1.000146392068101
8.979999999985742,1.000146581650841
8.98099999998574,1.0001467712106435
8.981999999985737,1.0001469607486435
8.982999999985735,1.000147150259266
8.983999999985732,1.0001473397307634
8.98499999998573,1.0001475291463533
8.985999999985728,1.0001477184858474
8.986999999985725,1.0001479077276152
8.987999999985723,1.0001480968506846
8.98899999998572,1.0001482858367758
8.989999999985718,1.0001484746720712
8.990999999985716,1.0001486633485486
8.991999999985714,1.0001488518647401
8.992999999985711,1.0001490402258568
8.993999999985709,1.000149228443254
8.994999999985707,1.0001494165332978
8.995999999985704,1.0001496045157428
8.996999999985702,1.0001497924117795
8.9979999999857,1.0001499802419436
8.998999999985697,1.000150168024092
8.999999999985695,1.0001503557716436
9.000999999985693,1.0001505434922535
9.00199999998569,1.0001507311870568
9.002999999985688,1.0001509188505482
9.003999999985686,1.0001511064711144
9.004999999985683,1.000151294032161
9.005999999985681,1.0001514815137298
9.006999999985679,1.0001516688944387
9.007999999985676,1.000151856153565
9.008999999985674,1.0001520432730582
9.009999999985672,1.00015223023929
9.01099999998567,1.000152417044373
9.011999999985667,1.0001526036869102
9.012999999985665,1.0001527901721168
9.013999999985662,1.000152976511288
9.01499999998566,1.0001531627206746
9.015999999985658,1.000153348819879
9.016999999985655,1.000153534829918
9.017999999985653,1.0001537207711555
9.01899999998565,1.0001539066612968
9.019999999985648,1.0001540925136476
9.020999999985646,1.000154278335808
9.021999999985644,1.000154464128919
9.022999999985641,1.0001546498875518
9.023999999985639,1.0001548356002303
9.024999999985637,1.000155021250555
9.025999999985634,1.0001552068187993
9.026999999985632,1.0001553922838358
9.02799999998563,1.0001555776251947
9.028999999985627,1.0001557628250572
9.029999999985625,1.0001559478699897
9.030999999985623,1.0001561327522435
9.03199999998562,1.000156317470498
9.032999999985618,1.0001565020299774
9.033999999985616,1.000156686441923
9.034999999985613,1.0001568707224773
9.035999999985611,1.0001570548910974
9.036999999985609,1.0001572389686315
9.037999999985606,1.000157422975278
9.038999999985604,1.0001576069285951
9.039999999985602,1.000157790841784
9.0409999999856,1.000157974722391
9.041999999985597,1.0001581585715704
9.042999999985595,1.00015834238397
9.043999999985592,1.0001585261482557
9.04499999998559,1.000158709848223
9.045999999985588,1.0001588934643793
9.046999999985585,1.0001590769758526
9.047999999985583,1.0001592603624272
9.04899999998558,1.00015944360652
9.049999999985578,1.000159626694892
9.050999999985576,1.0001598096199344
9.051999999985574,1.0001599923804068
9.052999999985571,1.0001601749815447
9.05399999998557,1.0001603574345386
9.054999999985567,1.0001605397554287
9.055999999985564,1.0001607219635267
9.056999999985562,1.0001609040795203
9.05799999998556,1.000161086123442
9.058999999985557,1.0001612681127103
9.059999999985555,1.0001614500604208
9.060999999985553,1.0001616319740707
9.06199999998555,1.0001618138548272
9.062999999985548,1.0001619956974162
9.063999999985546,1.000162177490646
9.064999999985544,1.000162359218507
9.065999999985541,1.000162540861739
9.066999999985539,1.0001627223997238
9.067999999985537,1.0001629038125
9.068999999985534,1.0001630850827168
9.069999999985532,1.0001632661973285
9.07099999998553,1.0001634471488692
9.071999999985527,1.0001636279361759
9.072999999985525,1.0001638085644977
9.073999999985523,1.0001639890449745
9.07499999998552,1.000164169393544
9.075999999985518,1.0001643496293762
9.076999999985516,1.0001645297729969
9.077999999985513,1.0001647098442779
9.07899999998551,1.000164889860494
9.079999999985509,1.0001650698346403
9.080999999985506,1.000165249774162
9.081999999985504,1.0001654296802371
9.082999999985502,1.0001656095476703
9.0839999999855,1.0001657893654083
9.084999999985497,1.0001659691176326
9.085999999985495,1.0001661487853137
9.086999999985492,1.000166328348083
9.08799999998549,1.000166507786229
9.088999999985488,1.0001666870826305
9.089999999985485,1.0001668662244338
9.090999999985483,1.000167045204311
9.09199999998548,1.000167224021175
9.092999999985478,1.0001674026802856
9.093999999985476,1.0001675811927309
9.094999999985474,1.0001677595743454
9.095999999985471,1.0001679378441568
9.096999999985469,1.0001681160225275
9.097999999985467,1.000168294129166
9.098999999985464,1.0001684721812059
9.099999999985462,1.0001686501915343
9.10099999998546,1.0001688281675452
9.101999999985457,1.0001690061104245
9.102999999985455,1.0001691840150504
9.103999999985453,1.0001693618705039
9.10499999998545,1.000169539661152
9.105999999985448,1.0001697173681923
9.106999999985446,1.0001698949714979
9.107999999985443,1.000170072451602
9.108999999985441,1.000170249791608
9.109999999985439,1.000170426978848
9.110999999985436,1.0001706040061271
9.111999999985434,1.0001707808724296
9.112999999985432,1.0001709575830224
9.11399999998543,1.0001711341489397
9.114999999985427,1.0001713105859076
9.115999999985425,1.000171486912809
9.116999999985422,1.000171663149841
9.11799999998542,1.000171839316545
9.118999999985418,1.000172015429908
9.119999999985415,1.0001721915027084
9.120999999985413,1.0001723675422824
9.12199999998541,1.0001725435498197
9.122999999985408,1.0001727195202643
9.123999999985406,1.0001728954428262
9.124999999985404,1.0001730713020522
9.125999999985401,1.0001732470793556
9.126999999985399,1.000173422754848
9.127999999985397,1.0001735983092996
9.128999999985394,1.0001737737260292
9.129999999985392,1.0001739489925472
9.13099999998539,1.0001741241017856
9.131999999985387,1.000174299052795
9.132999999985385,1.0001744738508422
9.133999999985383,1.0001746485069027
9.13499999998538,1.0001748230365903
9.135999999985378,1.000174997458637
9.136999999985376,1.0001751717930691
9.137999999985373,1.0001753460592588
9.138999999985371,1.0001755202740397
9.139999999985369,1.0001756944500766
9.140999999985366,1.0001758685946411
9.141999999985364,1.0001760427089206
9.142999999985362,1.0001762167879185
9.14399999998536,1.0001763908209647
9.144999999985357,1.0001765647927767
9.145999999985355,1.0001767386849771
9.146999999985352,1.0001769124779047
9.14799999998535,1.0001770861525576
9.148999999985348,1.0001772596924614
9.149999999985345,1.000177433085298
9.150999999985343,1.000177606324118
9.15199999998534,1.000177779408029
9.152999999985338,1.0001779523422933
9.153999999985336,1.0001781251378183
9.154999999985334,1.0001782978101004
9.155999999985331,1.000178470377715
9.156999999985329,1.0001786428605128
9.157999999985327,1.0001788152776887
9.158999999985324,1.0001789876459188
9.159999999985322,1.0001791599777468
9.16099999998532,1.000179332280373
9.161999999985317,1.0001795045549728
9.162999999985315,1.0001796767966016
9.163999999985313,1.0001798489947
9.16499999998531,1.0001800211341483
9.165999999985308,1.0001801931967669
9.166999999985306,1.0001803651631131
9.167999999985303,1.0001805370144015
9.168999999985301,1.0001807087343573
9.169999999985299,1.0001808803108223
9.170999999985296,1.0001810517369565
9.171999999985294,1.0001812230119185
9.172999999985292,1.0001813941409559
9.17399999998529,1.0001815651349022
9.174999999985287,1.0001817360091292
9.175999999985285,1.0001819067820492
9.176999999985282,1.0001820774733299
9.17799999998528,1.000182248101983
9.178999999985278,1.0001824186845192
9.179999999985275,1.000182589233353
9.180999999985273,1.0001827597556072
9.18199999998527,1.000182930252437
9.182999999985269,1.000183100718941
9.183999999985266,1.00018327114466
9.184999999985264,1.0001834415146276
9.185999999985262,1.0001836118108514
9.18699999998526,1.0001837820140966
9.187999999985257,1.0001839521057854
9.188999999985255,1.0001841220698302
9.189999999985252,1.0001842918942252
9.19099999998525,1.00018446157223
9.191999999985248,1.0001846311030438
9.192999999985245,1.0001848004918927
9.193999999985243,1.0001849697495289
9.19499999998524,1.00018513889119
9.195999999985238,1.0001853079351208
9.196999999985236,1.0001854769007987
9.197999999985234,1.0001856458070435
9.198999999985231,1.0001858146701963
9.199999999985229,1.0001859835025346
9.200999999985227,1.0001861523110938
9.201999999985224,1.0001863210970012
9.202999999985222,1.000186489855388
9.20399999998522,1.0001866585758887
9.204999999985217,1.0001868272436774
9.205999999985215,1.0001869958409408
9.206999999985213,1.0001871643486406
9.20799999998521,1.0001873327483963
9.208999999985208,1.0001875010242984
9.209999999985206,1.000187669164481
9.210999999985203,1.0001878371622965
9.211999999985201,1.0001880050169758
9.212999999985199,1.0001881727337145
9.213999999985196,1.0001883403231773
9.214999999985194,1.0001885078004609
9.215999999985192,1.0001886751836333
9.21699999998519,1.000188842491976
9.217999999985187,1.0001890097441126
9.218999999985185,1.000189176956204
9.219999999985182,1.0001893441403837
9.22099999998518,1.000189511303595
9.221999999985178,1.0001896784469273
9.222999999985175,1.0001898455655376
9.223999999985173,1.0001900126491416
9.22499999998517,1.000190179683046
9.225999999985168,1.0001903466496067
9.226999999985166,1.000190513529972
9.227999999985164,1.000190680305948
9.228999999985161,1.0001908469617942
9.229999999985159,1.0001910134857772
9.230999999985157,1.0001911798713314
9.231999999985154,1.0001913461177117
9.232999999985152,1.0001915122300773
9.23399999998515,1.0001916782189948
9.234999999985147,1.0001918440994164
9.235999999985145,1.0001920098892272
9.236999999985143,1.0001921756075052
9.23799999998514,1.0001923412726725
9.238999999985138,1.0001925069007034
9.239999999985136,1.000192672503583
9.240999999985133,1.000192838088151
9.241999999985131,1.0001930036554556
9.242999999985129,1.000193169200669
9.243999999985126,1.0001933347135823
9.244999999985124,1.0001935001796256
9.245999999985122,1.000193665581313
9.24699999998512,1.000193830899971
9.247999999985117,1.0001939961175843
9.248999999985115,1.0001941612185723
9.249999999985112,1.0001943261913253
9.25099999998511,1.0001944910293512
9.251999999985108,1.000194655731923
9.252999999985105,1.0001948203041549
9.253999999985103,1.0001949847565126
9.2549999999851,1.0001951491037961
9.255999999985098,1.0001953133637016
9.256999999985096,1.0001954775551016
9.257999999985094,1.000195641696208
9.258999999985091,1.000195805802806
9.259999999985089,1.0001959698867244
9.260999999985087,1.0001961339546976
9.261999999985084,1.000196298007722
9.262999999985082,1.00019646204098
9.26399999998508,1.0001966260443302
9.264999999985077,1.0001967900033182
9.265999999985075,1.0001969539006095
9.266999999985073,1.0001971177177016
9.26799999998507,1.0001972814367488
9.268999999985068,1.000197445042322
9.269999999985066,1.0001976085229285
9.270999999985063,1.0001977718721455
9.271999999985061,1.0001979350892551
9.272999999985059,1.0001980981793233
9.273999999985056,1.000198261152708
9.274999999985054,1.0001984240240542
9.275999999985052,1.0001985868108658
9.27699999998505,1.000198749531803
9.277999999985047,1.0001989122048665
9.278999999985045,1.0001990748456482
9.279999999985042,1.0001992374658164
9.28099999998504,1.0001994000719943
9.281999999985038,1.000199562665123
9.282999999985035,1.0001997252403891
9.283999999985033,1.0001998877877132
9.28499999998503,1.0002000502927504
9.285999999985028,1.00020021273831
9.286999999985026,1.0002003751060542
9.287999999985024,1.0002005373783007
9.288999999985021,1.000200699539767
9.28999999998502,1.0002008615790707
9.290999999985017,1.000201023489852
9.291999999985014,1.0002011852713997
9.292999999985012,1.0002013469287263
9.29399999998501,1.0002015084720794
9.294999999985007,1.0002016699159446
9.295999999985005,1.0002018312776313
9.296999999985003,1.0002019925755878
9.297999999985,1.000202153827599
9.298999999984998,1.0002023150490607
9.299999999984996,1.00020247625148
9.300999999984993,1.000202637441364
9.301999999984991,1.0002027986195958
9.302999999984989,1.0002029597813635
9.303999999984987,1.0002031209166429
9.304999999984984,1.0002032820111944
9.305999999984982,1.0002034430479692
9.30699999998498,1.0002036040087867
9.307999999984977,1.0002037648761242
9.308999999984975,1.00020392563484
9.309999999984973,1.0002040862736592
9.31099999998497,1.0002042467862806
9.311999999984968,1.000204407171997
9.312999999984966,1.0002045674357645
9.313999999984963,1.0002047275877188
9.31499999998496,1.0002048876421863
9.315999999984959,1.00020504761628
9.316999999984956,1.0002052075282337
9.317999999984954,1.0002053673956195
9.318999999984952,1.0002055272336339
9.31999999998495,1.0002056870536218
9.320999999984947,1.0002058468619743
9.321999999984945,1.0002060066595144
9.322999999984942,1.0002061664414277
9.32399999998494,1.000206326197745
9.324999999984938,1.0002064859143283
9.325999999984935,1.0002066455742653
9.326999999984933,1.0002068051595303
9.32799999998493,1.0002069646527583
9.328999999984928,1.0002071240389445
9.329999999984926,1.000207283306919
9.330999999984924,1.0002074424504386
9.331999999984921,1.000207601468797
9.332999999984919,1.0002077603668946
9.333999999984917,1.0002079191547548
9.334999999984914,1.0002080778465423
9.335999999984912,1.0002082364591784
9.33699999998491,1.0002083950106821
9.337999999984907,1.0002085535184118
9.338999999984905,1.0002087119973684
9.339999999984903,1.0002088704587333
9.3409999999849,1.0002090289087826
9.341999999984898,1.0002091873482786
9.342999999984896,1.0002093457724042
9.343999999984893,1.0002095041712438
9.344999999984891,1.0002096625307595
9.345999999984889,1.0002098208341745
9.346999999984886,1.0002099790636167
9.347999999984884,1.0002101372018755
9.348999999984882,1.0002102952340832
9.34999999998488,1.0002104531491733
9.350999999984877,1.0002106109409603
9.351999999984875,1.0002107686087396
9.352999999984872,1.0002109261573557
9.35399999998487,1.0002110835967215
9.354999999984868,1.0002112409408446
9.355999999984865,1.0002113982064524
9.356999999984863,1.0002115554113542
9.35799999998486,1.0002117125726964
9.358999999984858,1.0002118697052866
9.359999999984856,1.0002120268201464
9.360999999984854,1.0002121839234372
9.361999999984851,1.000212341015862
9.362999999984849,1.000212498092603
9.363999999984847,1.000212655143797
9.364999999984844,1.0002128121555078
9.365999999984842,1.000212969111094
9.36699999998484,1.0002131259928375
9.367999999984837,1.0002132827836792
9.368999999984835,1.0002134394688915
9.369999999984833,1.0002135960375116
9.37099999998483,1.0002137524834107
9.371999999984828,1.0002139088058895
9.372999999984826,1.0002140650097395
9.373999999984823,1.0002142211047644
9.374999999984821,1.0002143771048175
9.375999999984819,1.0002145330264385
9.376999999984816,1.0002146888872292
9.377999999984814,1.0002148447041284
9.378999999984812,1.0002150004917536
9.37999999998481,1.000215156260971
9.380999999984807,1.0002153120178296
9.381999999984805,1.000215467762977
9.382999999984802,1.0002156234915953
9.3839999999848,1.0002157791938784
9.384999999984798,1.0002159348559911
9.385999999984795,1.0002160904614281
9.386999999984793,1.0002162459926265
9.38799999998479,1.0002164014326846
9.388999999984788,1.0002165567670114
9.389999999984786,1.0002167119847505
9.390999999984784,1.0002168670798346
9.391999999984781,1.0002170220515703
9.392999999984779,1.0002171769046992
9.393999999984777,1.0002173316489225
9.394999999984774,1.0002174862979418
9.395999999984772,1.0002176408681136
9.39699999998477,1.0002177953768383
9.397999999984767,1.0002179498408532
9.398999999984765,1.0002181042745901
9.399999999984763,1.0002182586887622
9.40099999998476,1.0002184130893144
9.401999999984758,1.0002185674768407
9.402999999984756,1.000218721846527
9.403999999984753,1.000218876188626
9.404999999984751,1.0002190304894076
9.405999999984749,1.0002191847325053
9.406999999984746,1.000219338900513
9.407999999984744,1.0002194929766874
9.408999999984742,1.0002196469465792
9.40999999998474,1.0002198007994407
9.410999999984737,1.0002199545292678
9.411999999984735,1.00022010813538
9.412999999984732,1.0002202616224722
9.41399999998473,1.000220415000146
9.414999999984728,1.00022056828196
9.415999999984725,1.0002207214840926
9.416999999984723,1.000220874623748
9.41799999998472,1.0002210277174681
9.418999999984718,1.000221180779506
9.419999999984716,1.0002213338204282
9.420999999984714,1.0002214868460773
9.421999999984711,1.0002216398570007
9.42299999998471,1.0002217928483932
9.423999999984707,1.0002219458105694
9.424999999984705,1.0002220987299082
9.425999999984702,1.000222251590185
9.4269999999847,1.0002224043741546
9.427999999984698,1.0002225570652339
9.428999999984695,1.0002227096491185
9.429999999984693,1.0002228621151739
9.43099999998469,1.0002230144574644
9.431999999984688,1.000223166675324
9.432999999984686,1.0002233187734084
9.433999999984684,1.0002234707612268
9.434999999984681,1.0002236226521992
9.435999999984679,1.0002237744623317
9.436999999984677,1.0002239262086412
9.437999999984674,1.0002240779074794
9.438999999984672,1.000224229572927
9.43999999998467,1.0002243812154101
9.440999999984667,1.0002245328406778
9.441999999984665,1.000224684449234
9.442999999984663,1.000224836036288
9.44399999998466,1.0002249875922207
9.444999999984658,1.000225139103523
9.445999999984656,1.000225290554117
9.446999999984653,1.0002254419269203
9.447999999984651,1.0002255932055168
9.448999999984649,1.0002257443757492
9.449999999984646,1.0002258954271
9.450999999984644,1.0002260463537072
9.451999999984642,1.0002261971549251
9.45299999998464,1.0002263478353755
9.453999999984637,1.0002264984044806
9.454999999984635,1.0002266488755298
9.455999999984632,1.0002267992643634
9.45699999998463,1.0002269495878169
9.457999999984628,1.0002270998620595
9.458999999984625,1.0002272501010077
9.459999999984623,1.0002274003149538
9.46099999998462,1.0002275505095573
9.461999999984618,1.0002277006852855
9.462999999984616,1.000227850837368
9.463999999984614,1.0002280009562559
9.464999999984611,1.0002281510285589
9.465999999984609,1.0002283010383464
9.466999999984607,1.0002284509687065
9.467999999984604,1.0002286008033885
9.468999999984602,1.0002287505283916
9.4699999999846,1.0002289001333184
9.470999999984597,1.000229049612385
9.471999999984595,1.000229198964971
9.472999999984593,1.00022934819567
9.47399999998459,1.0002294973138242
9.474999999984588,1.0002296463325968
9.475999999984586,1.0002297952676724
9.476999999984583,1.0002299441357114
9.477999999984581,1.0002300929527081
9.478999999984579,1.0002302417324196
9.479999999984576,1.0002303904850127
9.480999999984574,1.0002305392160633
9.481999999984572,1.0002306879260088
9.48299999998457,1.0002308366101011
9.483999999984567,1.0002309852588702
9.484999999984565,1.0002311338590446
9.485999999984562,1.0002312823948503
9.48699999998456,1.0002314308495444
9.487999999984558,1.0002315792070522
9.488999999984555,1.0002317274535275
9.489999999984553,1.000231875578699
9.49099999998455,1.0002320235768645
9.491999999984548,1.0002321714474358
9.492999999984546,1.0002323191949836
9.493999999984544,1.0002324668287752
9.494999999984541,1.0002326143618563
9.495999999984539,1.0002327618097608
9.496999999984537,1.0002329091889803
9.497999999984534,1.0002330565153428
9.498999999984532,1.000233203802452
9.49999999998453,1.0002333510603547
9.500999999984527,1.0002334982945507
9.501999999984525,1.000233645505452
9.502999999984523,1.00023379268834
9.50399999998452,1.0002339398338242
9.504999999984518,1.0002340869287594
9.505999999984516,1.0002342339575276
9.506999999984513,1.0002343809035639
9.507999999984511,1.000234527750968
9.508999999984509,1.0002346744860544
9.509999999984506,1.0002348210986813
9.510999999984504,1.0002349675832334
9.511999999984502,1.000235113939159
9.5129999999845,1.0002352601710105
9.513999999984497,1.000235406287987
9.514999999984495,1.0002355523030215
9.515999999984492,1.000235698231503
9.51699999998449,1.0002358440897638
9.517999999984488,1.000235989893468
9.518999999984485,1.000236135656075
9.519999999984483,1.0002362813875167
9.52099999998448,1.0002364270932225
9.521999999984478,1.0002365727735822
9.522999999984476,1.0002367184239123
9.523999999984474,1.0002368640349062
9.524999999984471,1.0002370095935478
9.52599999998447,1.0002371550843798
9.526999999984467,1.0002373004910148
9.527999999984464,1.0002374457977317
9.528999999984462,1.000237590991009
9.52999999998446,1.0002377360608377
9.530999999984457,1.0002378810016932
9.531999999984455,1.000238025813063
9.532999999984453,1.0002381704994865
9.53399999998445,1.0002383150700997
9.534999999984448,1.0002384595377287
9.535999999984446,1.000238603917624
9.536999999984443,1.0002387482259603
9.537999999984441,1.000238892478248
9.538999999984439,1.0002390366878056
9.539999999984436,1.000239180864455
9.540999999984434,1.0002393250135597
9.541999999984432,1.0002394691354934
9.54299999998443,1.0002396132256093
9.543999999984427,1.0002397572746884
9.544999999984425,1.0002399012698466
9.545999999984423,1.0002400451957891
9.54699999998442,1.000240189036309
9.547999999984418,1.0002403327758673
9.548999999984416,1.0002404764011064
9.549999999984413,1.000240619902154
9.55099999998441,1.0002407632735788
9.551999999984409,1.0002409065149105
9.552999999984406,1.0002410496306806
9.553999999984404,1.000241192629964
9.554999999984402,1.0002413355254838
9.5559999999844,1.0002414783323579
9.556999999984397,1.00024162106661
9.557999999984395,1.000241763743599
9.558999999984392,1.0002419063765065
9.55999999998439,1.000242048975052
9.560999999984388,1.0002421915445339
9.561999999984385,1.0002423340853148
9.562999999984383,1.000242476592786
9.56399999998438,1.0002426190578197
9.564999999984378,1.0002427614676637
9.565999999984376,1.0002429038071892
9.566999999984374,1.0002430460603704
9.567999999984371,1.0002431882118497
9.568999999984369,1.0002433302484381
9.569999999984367,1.0002434721603986
9.570999999984364,1.0002436139423947
9.571999999984362,1.0002437555940027
9.57299999998436,1.0002438971197467
9.573999999984357,1.0002440385286453
9.574999999984355,1.0002441798333228
9.575999999984353,1.0002443210487668
9.57699999998435,1.0002444621908544
9.577999999984348,1.000244603274796
9.578999999984346,1.0002447443136426
9.579999999984343,1.00024488531701
9.580999999984341,1.0002450262901377
9.581999999984339,1.000245167233377
9.582999999984336,1.0002453081421612
9.583999999984334,1.0002454490074537
9.584999999984332,1.0002455898166367
9.58599999998433,1.0002457305547454
9.586999999984327,1.0002458712059357
9.587999999984325,1.0002460117550331
9.588999999984322,1.0002461521890154
9.58999999998432,1.0002462924982836
9.590999999984318,1.0002464326775966
9.591999999984315,1.0002465727265775
9.592999999984313,1.0002467126497445
9.59399999998431,1.000246852456062
9.594999999984308,1.0002469921580586
9.595999999984306,1.0002471317705939
9.596999999984304,1.0002472713094004
9.597999999984301,1.0002474107895434
9.598999999984299,1.0002475502239456
9.599999999984297,1.0002476896221224
9.600999999984294,1.0002478289892545
9.601999999984292,1.0002479683256853
9.60299999998429,1.000248107626889
9.603999999984287,1.0002482468839209
9.604999999984285,1.0002483860842957
9.605999999984283,1.0002485252132136
9.60699999998428,1.000248664255012
9.607999999984278,1.0002488031946972
9.608999999984276,1.0002489420194143
9.609999999984273,1.0002490807197002
9.610999999984271,1.0002492192904096
9.611999999984269,1.000249357731212
9.612999999984266,1.000249496046622
9.613999999984264,1.0002496342455511
9.614999999984262,1.0002497723404313
9.61599999998426,1.0002499103459963
9.616999999984257,1.0002500482778376
9.617999999984255,1.0002501861508764
9.618999999984252,1.0002503239779068
9.61999999998425,1.0002504617683459
9.620999999984248,1.0002505995273168
9.621999999984245,1.000250737255154
9.622999999984243,1.000250874947373
9.62399999998424,1.0002510125951205
9.624999999984238,1.0002511501860436
9.625999999984236,1.0002512877055052
9.626999999984234,1.0002514251380203
9.627999999984231,1.0002515624687758
9.628999999984229,1.0002516996850814
9.629999999984227,1.0002518367776092
9.630999999984224,1.0002519737413078
9.631999999984222,1.0002521105758941
9.63299999998422,1.0002522472858772
9.633999999984217,1.0002523838801147
9.634999999984215,1.0002525203709436
9.635999999984213,1.0002526567729728
9.63699999998421,1.0002527931016512
9.637999999984208,1.000252929371758
9.638999999984206,1.0002530655959592
9.639999999984203,1.000253201783575
9.640999999984201,1.0002533379396705
9.641999999984199,1.0002534740645683
9.642999999984196,1.0002536101538264
9.643999999984194,1.000253746198679
9.644999999984192,1.0002538821869031
9.64599999998419,1.000254018104023
9.646999999984187,1.0002541539347292
9.647999999984185,1.0002542896643862
9.648999999984182,1.0002544252804644
9.64999999998418,1.0002545607737692
9.650999999984178,1.0002546961393417
9.651999999984175,1.0002548313769424
9.652999999984173,1.0002549664910747
9.65399999998417,1.0002551014905425
9.654999999984168,1.0002552363875874
9.655999999984166,1.000255371196692
9.656999999984164,1.0002555059331624
9.657999999984161,1.0002556406116359
9.65899999998416,1.0002557752446513
9.659999999984157,1.0002559098414279
9.660999999984154,1.0002560444069732
9.661999999984152,1.0002561789415985
9.66299999998415,1.0002563134408988
9.663999999984147,1.0002564478961953
9.664999999984145,1.0002565822953924
9.665999999984143,1.0002567166241705
9.66699999998414,1.000256850867394
9.667999999984138,1.0002569850105993
9.668999999984136,1.0002571190414162
9.669999999984134,1.0002572529507794
9.670999999984131,1.0002573867338185
9.671999999984129,1.0002575203903359
9.672999999984127,1.0002576539248267
9.673999999984124,1.000257787346039
9.674999999984122,1.0002579206661177
9.67599999998412,1.0002580538994184
9.676999999984117,1.0002581870611056
9.677999999984115,1.0002583201656727
9.678999999984113,1.0002584532255285
9.67999999998411,1.0002585862497924
9.680999999984108,1.0002587192434098
9.681999999984106,1.0002588522066798
9.682999999984103,1.0002589851352324
9.6839999999841,1.0002591180204716
9.684999999984099,1.0002592508504256
9.685999999984096,1.0002593836109261
9.686999999984094,1.0002595162870074
9.687999999984092,1.000259648864375
9.68899999998409,1.0002597813308114
9.689999999984087,1.000259913677378
9.690999999984085,1.0002600458992905
9.691999999984082,1.00026017799639
9.69299999998408,1.0002603099731602
9.693999999984078,1.0002604418382908
9.694999999984075,1.0002605736038286
9.695999999984073,1.000260705284
9.69699999998407,1.0002608368938264
9.697999999984068,1.000260968447655
9.698999999984066,1.0002610999577637
9.699999999984064,1.0002612314331698
9.700999999984061,1.0002613628787562
9.701999999984059,1.0002614942948034
9.702999999984057,1.0002616256769756
9.703999999984054,1.0002617570167553
9.704999999984052,1.0002618883022891
9.70599999998405,1.0002620195195588
9.706999999984047,1.0002621506537612
9.707999999984045,1.0002622816907665
9.708999999984043,1.0002624126185067
9.70999999998404,1.0002625434281647
9.710999999984038,1.000262674115038
9.711999999984036,1.0002628046790016
9.712999999984033,1.000262935124527
9.713999999984031,1.0002630654602416
9.714999999984029,1.0002631956980914
9.715999999984026,1.0002633258521738
9.716999999984024,1.0002634559373613
9.717999999984022,1.0002635859678553
9.71899999998402,1.0002637159558019
9.719999999984017,1.000263845910113
9.720999999984015,1.0002639758356051
9.721999999984012,1.0002641057325394
9.72299999998401,1.000264235596609
9.723999999984008,1.000264365419371
9.724999999984005,1.0002644951890878
9.725999999984003,1.0002646248918827
9.726999999984,1.0002647545131123
9.727999999983998,1.0002648840388062
9.728999999983996,1.000265013457043
9.729999999983994,1.00026514275912
9.730999999983991,1.0002652719404121
9.731999999983989,1.0002654010008272
9.732999999983987,1.0002655299448182
9.733999999983984,1.0002656587809493
9.734999999983982,1.0002657875210632
9.73599999998398,1.0002659161791236
9.736999999983977,1.000266044769856
9.737999999983975,1.0002661733073117
9.738999999983973,1.0002663018035014
9.73999999998397,1.0002664302672308
9.740999999983968,1.000266558703248
9.741999999983966,1.0002666871117902
9.742999999983963,1.000266815488576
9.743999999983961,1.0002669438252332
9.744999999983959,1.0002670721101337
9.745999999983956,1.0002672003295399
9.746999999983954,1.0002673284689627
9.747999999983952,1.0002674565145866
9.74899999998395,1.0002675844546285
9.749999999983947,1.0002677122804986
9.750999999983945,1.0002678399876455
9.751999999983942,1.0002679675760038
9.75299999998394,1.000268095050006
9.753999999983938,1.00026822241815
9.754999999983935,1.0002683496921723
9.755999999983933,1.0002684768859014
9.75699999998393,1.0002686040139122
9.757999999983928,1.0002687310901053
9.758999999983926,1.0002688581263548
9.759999999983924,1.0002689851313544
9.760999999983921,1.0002691121097824
9.761999999983919,1.00026923906185
9.762999999983917,1.0002693659832957
9.763999999983914,1.0002694928658156
9.764999999983912,1.0002696196978869
9.76599999998391,1.000269746465906
9.766999999983907,1.0002698731555328
9.767999999983905,1.0002699997531004
9.768999999983903,1.0002701262469622
9.7699999999839,1.0002702526286358
9.770999999983898,1.000270378893638
9.771999999983896,1.0002705050419285
9.772999999983893,1.0002706310779148
9.773999999983891,1.0002707570100258
9.774999999983889,1.000270882849889
9.775999999983886,1.0002710086111966
9.776999999983884,1.0002711343083712
9.777999999983882,1.0002712599551593
9.77899999998388,1.000271385563296
9.779999999983877,1.0002715111413658
9.780999999983875,1.0002716366939697
9.781999999983872,1.0002717622212907
9.78299999998387,1.000271887719086
9.783999999983868,1.0002720131791136
9.784999999983865,1.000272138589953
9.785999999983863,1.0002722639381298
9.78699999998386,1.000272389209448
9.787999999983859,1.0002725143903863
9.788999999983856,1.000272639469429
9.789999999983854,1.0002727644381961
9.790999999983852,1.0002728892922699
9.79199999998385,1.00027301403163
9.792999999983847,1.0002731386606585
9.793999999983845,1.0002732631877123
9.794999999983842,1.0002733876243077
9.79599999998384,1.0002735119839983
9.796999999983838,1.0002736362810525
9.797999999983835,1.0002737605290632
9.798999999983833,1.0002738847396246
9.79999999998383,1.000274008921206
9.800999999983828,1.0002741330783333
9.801999999983826,1.0002742572111583
9.802999999983824,1.0002743813154524
9.803999999983821,1.0002745053830335
9.804999999983819,1.0002746294025775
9.805999999983817,1.000274753360737
9.806999999983814,1.0002748772434564
9.807999999983812,1.0002750010373551
9.80899999998381,1.0002751247310429
9.809999999983807,1.0002752483162398
9.810999999983805,1.0002753717885906
9.811999999983803,1.000275495148094
9.8129999999838,1.0002756183991006
9.813999999983798,1.0002757415498933
9.814999999983796,1.0002758646118781
9.815999999983793,1.0002759875984677
9.816999999983791,1.0002761105237754
9.817999999983789,1.0002762334012378
9.818999999983786,1.0002763562423083
9.819999999983784,1.0002764790553402
9.820999999983782,1.0002766018447833
9.82199999998378,1.0002767246107545
9.822999999983777,1.0002768473490373
9.823999999983775,1.0002769700515057
9.824999999983772,1.0002770927069315
9.82599999998377,1.0002772153020887
9.826999999983768,1.0002773378230587
9.827999999983765,1.0002774602565974
9.828999999983763,1.0002775825914383
9.82999999998376,1.0002777048193991
9.830999999983758,1.0002778269361827
9.831999999983756,1.000277948941802
9.832999999983754,1.0002780708405778
9.833999999983751,1.0002781926407183
9.834999999983749,1.000278314353514
9.835999999983747,1.0002784359922385
9.836999999983744,1.0002785575708497
9.837999999983742,1.0002786791026281
9.83899999998374,1.000278800598884
9.839999999983737,1.0002789220678556
9.840999999983735,1.0002790435139133
9.841999999983733,1.0002791649371383
9.84299999998373,1.0002792863333256
9.843999999983728,1.0002794076944048
9.844999999983726,1.0002795290092368
9.845999999983723,1.0002796502647167
9.846999999983721,1.0002797714470588
9.847999999983719,1.000279892543154
9.848999999983716,1.0002800135418557
9.849999999983714,1.0002801344350756
9.850999999983712,1.0002802552185737
9.85199999998371,1.0002803758923764
9.852999999983707,1.0002804964607719
9.853999999983705,1.000280616931892
9.854999999983702,1.0002807373169151
9.8559999999837,1.0002808576289726
9.856999999983698,1.0002809778818675
9.857999999983695,1.0002810980887247
9.858999999983693,1.0002812182607115
9.85999999998369,1.0002813384059517
9.860999999983688,1.0002814585287345
9.861999999983686,1.0002815786291062
9.862999999983684,1.0002816987028706
9.863999999983681,1.0002818187420102
9.864999999983679,1.0002819387354767
9.865999999983677,1.0002820586702812
9.866999999983674,1.00028217853277
9.867999999983672,1.0002822983099653
9.86899999998367,1.00028241799084
9.869999999983667,1.0002825375673965
9.870999999983665,1.0002826570354513
9.871999999983663,1.0002827763950428
9.87299999998366,1.000282895650426
9.873999999983658,1.000283014809657
9.874999999983656,1.0002831338838007
9.875999999983653,1.0002832528858487
9.876999999983651,1.0002833718294493
9.877999999983649,1.0002834907275728
9.878999999983646,1.0002836095912444
9.879999999983644,1.000283728428472
9.880999999983642,1.0002838472434665
9.88199999998364,1.000283966036237
9.882999999983637,1.000284084802597
9.883999999983635,1.0002842035345807
9.884999999983632,1.0002843222212283
9.88599999998363,1.0002844408496672
9.886999999983628,1.0002845594063727
9.887999999983625,1.000284677878498
9.888999999983623,1.0002847962551324
9.88999999998362,1.0002849145283694
9.890999999983618,1.0002850326940804
9.891999999983616,1.000285150752314
9.892999999983614,1.0002852687072954
9.893999999983611,1.0002853865670025
9.89499999998361,1.0002855043423897
9.895999999983607,1.0002856220463088
9.896999999983604,1.0002857396922546
9.897999999983602,1.0002858572930438
9.8989999999836,1.0002859748595625
9.899999999983597,1.0002860923997037
9.900999999983595,1.0002862099176002
9.901999999983593,1.0002863274132248
9.90299999998359,1.0002864448824007
9.903999999983588,1.0002865623172135
9.904999999983586,1.0002866797067915
9.905999999983583,1.0002867970383764
9.906999999983581,1.0002869142985735
9.907999999983579,1.000287031474665
9.908999999983577,1.0002871485558558
9.909999999983574,1.0002872655343304
9.910999999983572,1.000287382406013
9.91199999998357,1.0002874991709674
9.912999999983567,1.0002876158333833
9.913999999983565,1.0002877324011665
9.914999999983563,1.0002878488851588
9.91599999998356,1.0002879652980765
9.916999999983558,1.0002880816532622
9.917999999983556,1.0002881979633818
9.918999999983553,1.000288314239182
9.91999999998355,1.000288430488444
9.920999999983549,1.0002885467152245
9.921999999983546,1.000288662919462
9.922999999983544,1.0002887790969894
9.923999999983542,1.000288895239943
9.92499999998354,1.0002890113375402
9.925999999983537,1.0002891273771373
9.926999999983535,1.000289243345467
9.927999999983532,1.000289359229941
9.92899999998353,1.0002894750198805
9.929999999983528,1.0002895907075602
9.930999999983525,1.0002897062889589
9.931999999983523,1.000289821764153
9.93299999998352,1.0002899371373017
9.933999999983518,1.000290052416238
9.934999999983516,1.0002901676116955
9.935999999983514,1.0002902827362545
9.936999999983511,1.0002903978031104
9.937999999983509,1.0002905128247779
9.938999999983507,1.0002906278118702
9.939999999983504,1.0002907427720578
9.940999999983502,1.000290857709323
9.9419999999835,1.0002909726235716
9.942999999983497,1.0002910875106459
9.943999999983495,1.0002912023627362
9.944999999983493,1.0002913171691492
9.94599999998349,1.000291431917354
9.946999999983488,1.0002915465942135
9.947999999983486,1.000291661187268
9.948999999983483,1.0002917756859557
9.949999999983481,1.0002918900826396
9.950999999983479,1.0002920043733563
9.951999999983476,1.000292118558196
9.952999999983474,1.0002922326412889
9.953999999983472,1.0002923466303961
9.95499999998347,1.000292460536146
9.955999999983467,1.0002925743709867
9.956999999983465,1.0002926881479681
9.957999999983462,1.000292801879459
9.95899999998346,1.0002929155759397
9.959999999983458,1.0002930292449739
9.960999999983455,1.0002931428904707
9.961999999983453,1.0002932565123048
9.96299999998345,1.000293370106332
9.963999999983448,1.000293483664797
9.964999999983446,1.0002935971770943
9.965999999983444,1.0002937106308107
9.966999999983441,1.0002938240129373
9.967999999983439,1.0002939373111435
9.968999999983437,1.0002940505149842
9.969999999983434,1.0002941636169151
9.970999999983432,1.0002942766130283
9.97199999998343,1.0002943895034302
9.972999999983427,1.0002945022922243
9.973999999983425,1.0002946149871033
9.974999999983423,1.0002947275985914
9.97599999998342,1.000294840139009
9.976999999983418,1.0002949526212632
9.977999999983416,1.0002950650575806
9.978999999983413,1.000295177458312
9.979999999983411,1.0002952898309159
9.980999999983409,1.0002954021792325
9.981999999983406,1.000295514503108
9.982999999983404,1.0002956267984124
9.983999999983402,1.0002957390574465
9.9849999999834,1.0002958512696958
9.985999999983397,1.0002959634228619
9.986999999983395,1.0002960755040669
9.987999999983392,1.0002961875011112
9.98899999998339,1.0002962994036662
9.989999999983388,1.0002964112042807
9.990999999983385,1.0002965228991052
9.991999999983383,1.0002966344882636
9.99299999998338,1.0002967459758345
9.993999999983378,1.0002968573694455
9.994999999983376,1.00029696867952
9.995999999983374,1.0002970799182533
9.996999999983371,1.0002971910984122
9.997999999983369,1.0002973022320867
9.998999999983367,1.0002974133294997
9.999999999983364,1.000297524398009
